code_insee,commune,dep,PMUN,dans_MEL,voiture_pointe_min,voiture_libre_min,bouchons_min,voiture_km,temps_sans_voiture_min,mode_sans_voiture,meilleur_temps_vers_lille_min,gare_utile_sur_place,indice_congestion,part_trajet_bouchons_pct,min_perdues_jour,h_perdues_an,vitesse_pointe_kmh,vitesse_libre_kmh,sans_alternative
62628,Noyelles-sous-Lens,62,6659,False,51.4,26.8,24.6,37.6,81.0,velo+TER,76.1,False,1.918,47.9,49.0,180.0,44.0,84.0,False
62032,Angres,62,4842,False,61.4,37.6,23.8,47.2,,,62.4,False,1.633,38.8,48.0,175.0,46.0,75.0,True
62865,Vitry-en-Artois,62,4787,False,54.4,30.7,23.7,44.8,48.7,TER,48.7,False,1.772,43.6,47.0,174.0,49.0,88.0,False
62801,Souchez,62,2658,False,63.3,39.5,23.7,49.2,,,64.4,False,1.603,37.4,47.0,174.0,47.0,75.0,True
62771,Sallaumines,62,9650,False,52.3,28.6,23.7,38.6,73.0,TER ~ velo+TER,73.0,True,1.829,45.3,47.0,174.0,44.0,81.0,False
62133,Billy-Montigny,62,8117,False,51.6,27.9,23.7,35.1,51.0,TER ~ velo+TER,51.0,True,1.849,45.9,47.0,174.0,41.0,75.0,False
62291,Éleu-dit-Leauwette,62,2829,False,54.0,30.3,23.7,41.4,61.0,velo+TER,56.8,False,1.782,43.9,47.0,174.0,46.0,82.0,False
62557,Marœuil,62,2441,False,63.7,40.2,23.5,58.2,65.2,TER,65.2,False,1.585,36.9,47.0,172.0,55.0,87.0,False
62200,Cambrin,62,1228,False,57.3,33.8,23.5,36.6,70.0,velo+TER,66.7,False,1.695,41.0,47.0,172.0,38.0,65.0,False
62861,Vimy,62,4307,False,57.0,33.6,23.4,46.2,62.2,TER,62.2,False,1.696,41.1,47.0,172.0,49.0,82.0,False
62510,Liévin,62,30149,False,56.4,33.1,23.3,44.8,60.0,TER,60.0,False,1.704,41.3,47.0,171.0,48.0,81.0,False
62351,Fouquières-lès-Lens,62,6233,False,50.8,27.5,23.3,34.4,59.0,velo+TER,54.1,False,1.847,45.9,47.0,171.0,41.0,75.0,False
62371,Givenchy-en-Gohelle,62,2026,False,58.9,35.6,23.3,45.8,,,61.8,False,1.654,39.6,47.0,171.0,47.0,77.0,True
59550,Salomé,59,3051,True,47.5,24.4,23.2,28.0,56.0,TER ~ velo+TER,56.0,True,1.947,48.8,46.0,170.0,35.0,69.0,False
62065,Avion,62,17672,False,54.0,30.8,23.2,42.8,58.2,TER,58.2,False,1.753,43.0,46.0,170.0,48.0,83.0,False
62848,Verquin,62,3459,False,65.9,42.8,23.1,44.4,64.0,velo+TER,56.5,False,1.54,35.1,46.0,169.0,40.0,62.0,False
59051,La Bassée,59,6622,True,49.3,26.3,23.0,28.1,40.8,TER,40.8,True,1.875,46.7,46.0,169.0,34.0,64.0,False
62735,Sailly-Labourse,62,2577,False,61.3,38.3,23.0,40.3,88.0,velo+TER,75.1,False,1.601,37.5,46.0,169.0,39.0,63.0,False
62262,Cuinchy,62,1754,False,55.8,32.9,22.9,36.5,64.0,TER ~ velo+TER,64.0,True,1.696,41.0,46.0,168.0,39.0,67.0,False
62128,Biache-Saint-Vaast,62,4481,False,53.5,30.6,22.9,43.3,67.0,TER,67.0,False,1.748,42.8,46.0,168.0,49.0,85.0,False
62350,Fouquières-lès-Béthune,62,1115,False,65.5,42.7,22.8,45.9,63.0,velo+TER,56.5,False,1.534,34.8,46.0,167.0,42.0,64.0,False
62587,Montigny-en-Gohelle,62,9870,False,49.5,26.7,22.8,32.8,61.0,velo+TER,54.6,False,1.854,46.1,46.0,167.0,40.0,74.0,False
62035,Annezin,62,5813,False,67.6,45.0,22.6,45.3,65.0,velo+TER,56.9,False,1.502,33.4,45.0,166.0,40.0,60.0,False
62626,Noyelles-lès-Vermelles,62,2294,False,58.4,35.9,22.5,38.8,82.0,velo+TER,69.9,False,1.627,38.5,45.0,165.0,40.0,65.0,False
62321,Évin-Malmaison,62,4674,False,45.8,23.3,22.5,32.5,52.0,velo+TER,49.3,False,1.966,49.1,45.0,165.0,43.0,84.0,False
62276,Douvrin,62,5795,False,51.0,28.6,22.5,32.0,52.0,velo+TER,44.9,False,1.783,44.1,45.0,165.0,38.0,67.0,False
62119,Béthune,62,24992,False,65.5,43.0,22.5,44.0,52.5,TER ~ velo+TER,52.5,True,1.523,34.4,45.0,165.0,40.0,61.0,False
62279,Duisans,62,1383,False,66.6,44.2,22.4,61.9,,,64.3,False,1.507,33.6,45.0,164.0,56.0,84.0,True
62895,Wingles,62,8742,False,52.0,29.6,22.4,33.5,73.0,velo+TER,65.3,False,1.757,43.1,45.0,164.0,39.0,68.0,False
59329,Lambres-lez-Douai,59,4926,False,51.5,29.1,22.4,41.1,51.0,velo+TER,40.6,False,1.77,43.5,45.0,164.0,48.0,85.0,False
62249,Courcelles-lès-Lens,62,8213,False,47.2,24.8,22.4,32.5,57.0,velo+TER,47.7,False,1.903,47.5,45.0,164.0,41.0,79.0,False
62846,Vermelles,62,4748,False,57.8,35.5,22.4,40.0,83.0,velo+TER,70.3,False,1.628,38.8,45.0,164.0,42.0,68.0,False
59178,Douai,59,39648,False,53.5,31.1,22.4,42.2,35.4,TER,35.4,True,1.72,41.9,45.0,164.0,47.0,81.0,False
59028,Auby,59,7188,False,49.0,26.6,22.4,37.1,58.0,velo+TER,53.7,False,1.842,45.7,45.0,164.0,45.0,84.0,False
62624,Noyelles-Godault,62,5906,False,45.2,22.9,22.3,30.5,51.0,velo+TER,46.2,False,1.974,49.3,45.0,164.0,40.0,80.0,False
59320,Illies,59,1664,True,45.6,23.3,22.3,25.4,68.0,velo+TER,60.2,False,1.957,48.9,45.0,164.0,33.0,65.0,False
59234,Flers-en-Escrebieux,59,5642,False,48.6,26.3,22.3,36.1,54.7,TER,54.7,True,1.848,45.9,45.0,164.0,45.0,82.0,False
59165,Cuincy,59,6472,False,48.1,25.8,22.3,37.6,55.0,velo+TER,41.7,False,1.864,46.4,45.0,164.0,47.0,87.0,False
59345,Lewarde,59,2403,False,59.4,37.1,22.3,48.8,65.0,velo+TER,55.1,False,1.601,37.5,45.0,164.0,49.0,79.0,False
62349,Fouquereuil,62,1632,False,68.7,46.4,22.3,47.7,57.3,TER,57.3,False,1.481,32.5,45.0,164.0,42.0,62.0,False
62464,Hulluch,62,3367,False,54.8,32.5,22.3,36.1,73.0,velo+TER,57.0,False,1.686,40.7,45.0,164.0,40.0,67.0,False
62528,Loos-en-Gohelle,62,6896,False,56.3,34.0,22.2,42.7,76.0,velo+TER,60.8,False,1.656,39.4,44.0,163.0,46.0,75.0,False
62573,Meurchin,62,3717,False,48.3,26.1,22.2,30.6,61.0,TER ~ velo+TER,61.0,True,1.851,46.0,44.0,163.0,38.0,70.0,False
62250,Courrières,62,10199,False,47.4,25.2,22.2,28.3,61.0,velo+TER,49.0,False,1.881,46.8,44.0,163.0,36.0,67.0,False
59334,Lauwin-Planque,59,1582,False,49.4,27.2,22.2,36.3,74.0,velo+TER,61.0,False,1.816,44.9,44.0,163.0,44.0,80.0,False
62034,Annequin,62,2145,False,59.4,37.1,22.2,38.5,78.0,velo+TER,68.7,False,1.601,37.4,44.0,163.0,39.0,62.0,False
59170,Dechy,59,5351,False,55.3,33.1,22.2,45.8,54.0,velo+TER,41.4,False,1.671,40.1,44.0,163.0,50.0,83.0,False
62498,Lens,62,32618,False,55.0,32.8,22.2,39.9,53.8,TER,53.8,True,1.677,40.4,44.0,163.0,44.0,73.0,False
62186,Bully-les-Mines,62,12221,False,59.7,37.5,22.2,46.5,65.4,TER,65.4,False,1.592,37.2,44.0,163.0,47.0,74.0,False
62263,Dainville,62,5703,False,65.7,43.5,22.2,57.7,79.0,velo+TER,62.5,False,1.51,33.8,44.0,163.0,53.0,80.0,False
62051,Auchy-les-Mines,62,4623,False,55.5,33.4,22.1,34.6,78.0,velo+TER,68.9,False,1.662,39.8,44.0,162.0,37.0,62.0,False
62836,Vaudricourt,62,1104,False,67.6,45.5,22.1,46.0,66.0,velo+TER,57.2,False,1.486,32.7,44.0,162.0,41.0,61.0,False
62737,Sains-en-Gohelle,62,5995,False,61.5,39.5,22.1,49.9,,,64.7,False,1.557,35.9,44.0,162.0,49.0,76.0,True
62401,Haisnes,62,4427,False,54.5,32.4,22.1,34.5,56.0,velo+TER,45.8,False,1.682,40.6,44.0,162.0,38.0,64.0,False
62427,Hénin-Beaumont,62,26035,False,49.7,27.7,22.0,34.9,47.0,TER ~ velo+TER,47.0,True,1.794,44.3,44.0,161.0,42.0,76.0,False
62617,Nœux-les-Mines,62,11520,False,65.9,43.9,22.0,53.0,60.7,TER,60.7,False,1.501,33.4,44.0,161.0,48.0,72.0,False
59569,Sin-le-Noble,59,15603,False,52.0,30.0,22.0,43.3,39.3,TER,39.3,False,1.733,42.3,44.0,161.0,50.0,87.0,False
62277,Drocourt,62,2943,False,47.5,25.5,22.0,35.9,67.0,velo+TER,56.3,False,1.863,46.3,44.0,161.0,45.0,84.0,False
62240,Corbehem,62,2266,False,54.6,32.6,22.0,43.6,43.1,TER,43.1,False,1.675,40.3,44.0,161.0,48.0,80.0,False
59654,Waziers,59,7354,False,53.0,31.1,21.9,41.6,46.0,velo+TER,39.3,False,1.704,41.3,44.0,161.0,47.0,80.0,False
62724,Rouvroy,62,8797,False,50.9,29.0,21.9,38.4,60.0,velo+TER,54.5,False,1.755,43.0,44.0,161.0,45.0,79.0,False
62004,Achicourt,62,7938,False,64.3,42.5,21.8,55.7,67.0,velo+TER,59.2,False,1.513,33.9,44.0,160.0,52.0,79.0,False
62386,Grenay,62,6704,False,59.8,38.0,21.8,46.1,,,63.2,False,1.574,36.5,44.0,160.0,46.0,73.0,True
59228,Férin,59,1447,False,52.7,30.9,21.8,44.5,58.0,velo+TER,42.4,False,1.706,41.4,44.0,160.0,51.0,86.0,False
62173,Brebières,62,5169,False,54.3,32.5,21.8,43.6,44.6,TER,44.6,False,1.671,40.1,44.0,160.0,48.0,80.0,False
62570,Méricourt,62,11431,False,52.0,30.2,21.8,40.8,77.6,TER,77.6,False,1.722,41.9,44.0,160.0,47.0,81.0,False
62019,Aix-Noulette,62,3913,False,61.4,39.6,21.8,49.6,,,65.6,False,1.551,35.5,44.0,160.0,48.0,75.0,True
62170,Bouvigny-Boyeffles,62,2371,False,60.5,38.7,21.8,50.6,,,69.2,False,1.563,36.0,44.0,160.0,50.0,78.0,True
62841,Vendin-lès-Béthune,62,2393,False,68.7,47.0,21.7,47.2,70.0,velo+TER,58.3,False,1.462,31.6,43.0,159.0,41.0,60.0,False
62847,Verquigneul,62,2016,False,66.1,44.4,21.7,43.4,65.0,velo+TER,56.9,False,1.489,32.8,43.0,159.0,39.0,59.0,False
59156,Courchelettes,59,2881,False,55.3,33.6,21.7,43.0,54.0,velo+TER,41.5,False,1.646,39.2,43.0,159.0,47.0,77.0,False
62476,Izel-lès-Équerchin,62,1058,False,52.3,30.6,21.7,40.9,,,56.0,False,1.709,41.5,43.0,159.0,47.0,80.0,True
62563,Mazingarbe,62,8068,False,63.2,41.7,21.6,40.7,,,73.1,False,1.516,34.2,43.0,158.0,39.0,59.0,True
62863,Violaines,62,3831,False,52.9,31.3,21.6,30.2,51.0,velo+TER,44.6,False,1.69,40.8,43.0,158.0,34.0,58.0,False
59117,Bugnicourt,59,1074,False,58.0,36.5,21.6,51.2,,,61.9,False,1.589,37.2,43.0,158.0,53.0,84.0,True
62330,Festubert,62,1266,False,54.7,33.2,21.5,33.8,77.0,velo+TER,68.5,False,1.648,39.3,43.0,158.0,37.0,61.0,False
62041,Arras,62,42600,False,60.5,39.0,21.5,54.1,55.0,TER ~ velo+TER,55.0,True,1.551,35.5,43.0,158.0,54.0,83.0,False
62540,Maisnil-lès-Ruitz,62,1691,False,61.4,39.9,21.5,56.3,,,65.8,False,1.539,35.0,43.0,158.0,55.0,85.0,True
62383,Gouy-sous-Bellonne,62,1396,False,57.0,35.4,21.5,46.0,,,45.4,False,1.61,37.7,43.0,158.0,48.0,78.0,True
62793,Servins,62,1134,False,62.9,41.4,21.4,53.9,,,70.2,False,1.519,34.0,43.0,157.0,51.0,78.0,True
62373,Givenchy-lès-la-Bassée,62,1006,False,53.2,31.8,21.4,31.8,71.0,velo+TER,66.9,False,1.673,40.2,43.0,157.0,36.0,60.0,False
62224,Chocques,62,2824,False,71.3,50.0,21.4,67.1,61.4,TER,61.4,False,1.426,30.0,43.0,157.0,56.0,81.0,False
62523,Loison-sous-Lens,62,5255,False,49.3,27.9,21.3,32.1,70.0,TER ~ velo+TER,70.0,True,1.767,43.2,43.0,156.0,39.0,69.0,False
59015,Arleux,59,3151,False,60.9,39.6,21.3,51.2,49.8,TER,49.8,False,1.538,35.0,43.0,156.0,50.0,78.0,False
62443,Hersin-Coupigny,62,6147,False,62.4,41.2,21.2,53.3,,,64.7,False,1.515,34.0,42.0,155.0,51.0,78.0,True
62033,Annay,62,4517,False,47.1,25.9,21.2,30.0,56.0,velo+TER,52.3,False,1.819,45.0,42.0,155.0,38.0,69.0,False
59581,Steenwerck,59,3540,False,48.0,26.8,21.2,30.7,62.0,velo+TER,51.8,False,1.791,44.2,42.0,155.0,38.0,69.0,False
59388,Marquillies,59,1982,True,43.9,22.7,21.2,23.4,52.0,TER ~ velo+TER,52.0,True,1.934,48.3,42.0,155.0,32.0,62.0,False
59276,Guesnain,59,4656,False,58.1,36.9,21.2,48.2,66.0,velo+TER,55.3,False,1.575,36.5,42.0,155.0,50.0,78.0,False
59263,Gœulzin,59,1042,False,54.9,33.6,21.2,47.1,,,44.2,False,1.634,38.6,42.0,155.0,51.0,84.0,True
62744,Sainte-Catherine,62,3594,False,57.8,36.6,21.2,54.5,71.0,velo+TER,60.4,False,1.579,36.7,42.0,155.0,57.0,89.0,False
59268,La Gorgue,59,5599,False,51.7,30.6,21.1,35.1,,,56.5,False,1.69,40.8,42.0,155.0,41.0,69.0,True
59126,Cantin,59,1770,False,56.1,35.0,21.1,47.6,46.0,TER,46.0,False,1.603,37.6,42.0,155.0,51.0,82.0,False
59026,Aubigny-au-Bac,59,1159,False,61.0,39.9,21.1,54.4,65.2,TER,65.2,False,1.529,34.6,42.0,155.0,54.0,82.0,False
62457,Houdain,62,7030,False,64.4,43.4,21.0,59.5,,,67.3,False,1.484,32.6,42.0,154.0,55.0,82.0,True
62413,Harnes,62,12317,False,46.7,25.7,21.0,29.7,64.0,velo+TER,54.6,False,1.817,45.0,42.0,154.0,38.0,69.0,False
62042,Athies,62,1059,False,53.1,32.0,21.0,47.9,79.0,velo+TER,62.4,False,1.659,39.5,42.0,154.0,54.0,90.0,False
59670,Don,59,1412,True,47.0,26.1,20.9,24.7,46.0,velo+TER,43.9,False,1.801,44.5,42.0,153.0,32.0,57.0,False
62310,Essars,62,1755,False,61.5,40.6,20.9,40.5,82.0,velo+TER,73.4,False,1.515,34.0,42.0,153.0,40.0,60.0,False
62073,Bailleul-Sir-Berthoult,62,1430,False,54.7,33.8,20.9,46.7,65.3,TER,65.3,False,1.618,38.2,42.0,153.0,51.0,83.0,False
62083,Barlin,62,7366,False,63.8,42.9,20.9,56.4,,,63.3,False,1.487,32.8,42.0,153.0,53.0,79.0,True
59431,Nieppe,59,7606,False,44.8,23.9,20.8,26.5,42.7,TER ~ velo+TER,42.7,True,1.874,46.4,42.0,153.0,35.0,67.0,False
62817,Tilloy-lès-Mofflaines,62,1519,False,55.9,35.1,20.8,52.8,70.0,velo+TER,60.0,False,1.593,37.2,42.0,153.0,57.0,90.0,False
62132,Billy-Berclau,62,5059,False,50.2,29.4,20.8,27.8,59.0,velo+TER,49.5,False,1.707,41.4,42.0,153.0,33.0,57.0,False
62376,Gonnehem,62,2507,False,72.8,52.0,20.8,50.9,,,62.8,False,1.4,28.6,42.0,153.0,42.0,59.0,True
59202,Erquinghem-Lys,59,5356,True,43.3,22.5,20.8,25.2,41.0,velo+TER,31.5,False,1.924,48.0,42.0,153.0,35.0,67.0,False
62753,Saint-Laurent-Blangy,62,6507,False,55.5,34.7,20.7,49.8,71.0,velo+TER,60.3,False,1.599,37.3,41.0,152.0,54.0,86.0,False
62311,Estevelles,62,2024,False,45.5,24.8,20.7,27.9,72.0,velo+TER,64.9,False,1.835,45.5,41.0,152.0,37.0,68.0,False
62718,Rœux,62,1390,False,54.7,34.0,20.7,46.8,67.3,TER,67.3,False,1.609,37.8,41.0,152.0,51.0,83.0,False
62810,Thélus,62,1271,False,57.7,37.0,20.7,50.4,,,65.6,False,1.559,35.9,41.0,152.0,52.0,82.0,True
59524,Sainghin-en-Weppes,59,5641,True,44.5,23.8,20.7,22.1,41.8,TER,41.8,True,1.87,46.5,41.0,152.0,30.0,56.0,False
62666,Pont-à-Vendin,62,3136,False,47.9,27.2,20.7,29.3,49.7,TER,49.7,True,1.761,43.2,41.0,152.0,37.0,65.0,False
62013,Agny,62,1879,False,61.3,40.7,20.6,58.7,75.0,velo+TER,61.4,False,1.506,33.6,41.0,151.0,57.0,87.0,False
62331,Feuchy,62,1015,False,55.1,34.5,20.6,52.2,78.0,velo+TER,62.4,False,1.597,37.4,41.0,151.0,57.0,91.0,False
59214,Estrées,59,1116,False,60.0,39.4,20.6,49.9,,,47.4,False,1.523,34.3,41.0,151.0,50.0,76.0,True
62400,Haillicourt,62,4884,False,67.2,46.6,20.6,61.4,,,62.4,False,1.442,30.7,41.0,151.0,55.0,79.0,True
62323,Fampoux,62,1219,False,54.9,34.3,20.6,47.0,,,64.7,False,1.601,37.5,41.0,151.0,51.0,82.0,True
59005,Allennes-les-Marais,59,3567,True,45.8,25.2,20.6,23.5,55.0,velo+TER,46.3,False,1.817,45.0,41.0,151.0,31.0,56.0,False
59043,Bailleul,59,14869,False,46.3,25.6,20.6,32.6,35.7,TER ~ velo+TER,35.7,True,1.809,44.5,41.0,151.0,42.0,76.0,False
59212,Estaires,59,6496,False,52.5,31.9,20.5,35.3,,,58.2,False,1.646,39.0,41.0,150.0,40.0,66.0,True
62037,Anzin-Saint-Aubin,62,2806,False,60.2,39.7,20.5,56.0,77.0,velo+TER,62.0,False,1.516,34.1,41.0,150.0,56.0,85.0,False
59281,Hantay,59,1259,True,48.9,28.4,20.5,26.1,58.0,velo+TER,54.5,False,1.722,41.9,41.0,150.0,32.0,55.0,False
62842,Vendin-le-Vieil,62,8381,False,52.1,31.6,20.5,33.0,57.0,velo+TER,52.7,False,1.649,39.3,41.0,150.0,38.0,63.0,False
62099,Beaurains,62,5515,False,60.5,40.0,20.4,56.6,71.0,velo+TER,60.3,False,1.512,33.7,41.0,150.0,56.0,85.0,False
62194,Calonne-Ricouart,62,5463,False,71.3,51.0,20.4,66.6,71.0,TER ~ velo+TER,71.0,True,1.398,28.6,41.0,150.0,56.0,78.0,False
59502,Rieux-en-Cambrésis,59,1438,False,68.1,47.7,20.4,72.9,,,91.3,False,1.428,30.0,41.0,150.0,64.0,92.0,True
62727,Ruitz,62,1509,False,65.3,45.0,20.4,58.8,,,62.8,False,1.451,31.2,41.0,150.0,54.0,78.0,True
62609,Neuville-Saint-Vaast,62,1603,False,60.9,40.5,20.4,57.9,,,66.8,False,1.504,33.5,41.0,150.0,57.0,86.0,True
62215,Carvin,62,17852,False,42.6,22.3,20.3,25.0,64.0,velo+TER,50.9,False,1.91,47.7,41.0,149.0,35.0,67.0,False
62869,Wailly,62,1081,False,65.1,44.7,20.3,62.1,,,63.8,False,1.456,31.2,41.0,149.0,57.0,83.0,True
62126,Beuvry,62,9111,False,60.6,40.3,20.3,38.7,69.0,TER ~ velo+TER,69.0,True,1.504,33.5,41.0,149.0,38.0,58.0,False
62479,Labeuvrière,62,1654,False,70.1,49.9,20.2,66.6,76.0,velo+TER,60.0,False,1.405,28.8,40.0,148.0,57.0,80.0,False
62693,Rebreuve-Ranchicourt,62,1071,False,66.3,46.2,20.2,60.5,,,69.2,False,1.435,30.5,40.0,148.0,55.0,79.0,True
59224,Féchain,59,1658,False,64.8,44.6,20.2,58.3,,,93.8,False,1.453,31.2,40.0,148.0,54.0,78.0,True
62736,Sailly-sur-la-Lys,62,3883,False,47.5,27.4,20.1,29.5,,,50.9,False,1.734,42.3,40.0,147.0,37.0,65.0,True
59399,Merris,59,1049,False,49.7,29.6,20.1,40.0,67.0,velo+TER,61.3,False,1.679,40.4,40.0,147.0,48.0,81.0,False
62764,Saint-Nicolas,62,4603,False,57.1,37.0,20.1,52.5,67.0,velo+TER,59.2,False,1.543,35.2,40.0,147.0,55.0,85.0,False
59653,Wavrin,59,7773,True,40.0,20.0,20.0,19.3,41.7,TER ~ velo+TER,41.7,True,2.0,50.0,40.0,147.0,29.0,58.0,False
62284,Écourt-Saint-Quentin,62,1691,False,63.6,43.6,20.0,55.7,,,53.0,False,1.459,31.4,40.0,147.0,53.0,77.0,True
59401,Méteren,59,2256,False,49.1,29.1,20.0,39.0,58.0,velo+TER,42.8,False,1.687,40.7,40.0,147.0,48.0,80.0,False
62638,Oisy-le-Verger,62,1188,False,64.4,44.5,19.9,56.9,,,95.6,False,1.447,30.9,40.0,146.0,53.0,77.0,True
62195,Calonne-sur-la-Lys,62,1560,False,61.5,41.6,19.9,45.4,,,83.8,False,1.478,32.4,40.0,146.0,44.0,65.0,True
59052,Bauvin,59,4999,True,49.9,30.0,19.9,31.6,44.7,TER,44.7,True,1.663,39.9,40.0,146.0,38.0,63.0,False
59477,Provin,59,4469,True,47.8,27.8,19.9,30.3,47.0,velo+TER,46.3,False,1.719,41.6,40.0,146.0,38.0,65.0,False
59120,Caëstre,59,2006,False,51.1,31.2,19.9,42.7,,,65.5,False,1.638,38.9,40.0,146.0,50.0,82.0,True
62502,Lestrem,62,5073,False,57.9,38.0,19.8,40.3,,,81.4,False,1.524,34.2,40.0,145.0,42.0,64.0,True
62480,Labourse,62,2894,False,66.5,46.7,19.8,66.6,74.0,velo+TER,59.3,False,1.424,29.8,40.0,145.0,60.0,86.0,False
59011,Annœullin,59,10780,True,46.6,26.9,19.8,29.4,56.0,velo+TER,48.7,False,1.732,42.5,40.0,145.0,38.0,66.0,False
59262,Godewaersvelde,59,2053,False,52.8,33.2,19.6,44.2,,,70.7,False,1.59,37.1,39.0,144.0,50.0,80.0,True
62178,Bruay-la-Buissière,62,21827,False,70.0,50.4,19.6,65.2,,,63.0,False,1.389,28.0,39.0,144.0,56.0,78.0,True
59615,Vieux-Berquin,59,2649,False,53.8,34.1,19.6,45.1,69.0,velo+TER,61.8,False,1.578,36.4,39.0,144.0,50.0,79.0,False
59122,Cambrai,59,31425,False,70.4,50.9,19.5,80.3,79.0,TER ~ velo+TER,79.0,True,1.383,27.7,39.0,143.0,68.0,95.0,False
62338,Fleurbaix,62,2862,False,43.0,23.5,19.5,24.5,,,35.3,False,1.83,45.3,39.0,143.0,34.0,63.0,True
59295,Hazebrouck,59,21498,False,53.7,34.3,19.4,46.8,46.7,TER ~ velo+TER,46.7,True,1.566,36.1,39.0,142.0,52.0,82.0,False
59180,Le Doulieu,59,1454,False,51.5,32.1,19.4,39.1,,,44.6,False,1.604,37.7,39.0,142.0,46.0,73.0,True
59578,Steenbecque,59,1650,False,61.6,42.3,19.3,56.7,56.2,TER,56.2,False,1.456,31.3,39.0,142.0,55.0,80.0,False
62712,Rivière,62,1124,False,68.6,49.4,19.3,65.5,,,68.0,False,1.389,28.1,39.0,142.0,57.0,80.0,True
59535,Saint-Jans-Cappel,59,1642,False,52.8,33.6,19.2,42.9,57.0,velo+TER,42.6,False,1.571,36.4,38.0,141.0,49.0,77.0,False
62584,Mont-Bernanchon,62,1316,False,65.3,46.0,19.2,47.5,,,64.2,False,1.42,29.4,38.0,141.0,44.0,62.0,True
59423,Neuf-Berquin,59,1403,False,55.4,36.1,19.2,44.7,,,66.5,False,1.535,34.7,38.0,141.0,48.0,74.0,True
62164,Bourlon,62,1140,False,61.0,41.9,19.2,67.9,,,91.3,False,1.456,31.5,38.0,141.0,67.0,97.0,True
59088,Bois-Grenier,59,1793,True,37.7,18.7,19.1,20.6,44.0,velo+TER,32.4,False,2.016,50.7,38.0,140.0,33.0,66.0,False
59189,Eecke,59,1221,False,53.7,34.6,19.1,50.3,,,57.3,False,1.552,35.6,38.0,140.0,56.0,87.0,True
62713,Robecq,62,1329,False,67.8,48.7,19.1,49.5,,,67.1,False,1.392,28.2,38.0,140.0,44.0,61.0,True
62491,Laventie,62,4969,False,48.3,29.2,19.1,29.8,,,68.5,False,1.654,39.5,38.0,140.0,37.0,61.0,True
59662,Winnezeele,59,1300,False,52.9,34.0,19.0,51.9,,,76.3,False,1.556,35.9,38.0,139.0,59.0,92.0,True
59546,Saint-Sylvestre-Cappel,59,1154,False,54.9,35.8,19.0,46.6,,,55.3,False,1.534,34.6,38.0,139.0,51.0,78.0,True
59580,Steenvoorde,59,4324,False,54.6,35.6,19.0,49.7,,,75.6,False,1.534,34.8,38.0,139.0,55.0,84.0,True
62516,Lillers,62,9988,False,72.2,53.3,18.9,74.3,69.4,TER,69.4,False,1.355,26.2,38.0,139.0,62.0,84.0,False
59303,Herlies,59,2323,True,43.9,25.1,18.8,24.5,71.0,velo+TER ~ TC urbain,58.1,False,1.749,42.8,38.0,138.0,33.0,59.0,False
62497,Leforest,62,7179,False,47.4,28.7,18.7,30.0,50.7,TER,50.7,True,1.652,39.5,37.0,137.0,38.0,63.0,False
62637,Oignies,62,10210,False,41.4,22.7,18.7,25.3,41.0,velo+TER,34.5,False,1.824,45.2,37.0,137.0,37.0,67.0,False
59250,Fournes-en-Weppes,59,2190,True,39.0,20.3,18.7,19.6,59.0,velo+TER,47.5,False,1.921,47.9,37.0,137.0,30.0,58.0,False
62181,Bucquoy,62,1480,False,73.8,55.2,18.6,73.8,,,78.1,False,1.337,25.2,37.0,136.0,60.0,80.0,True
62188,Burbure,62,2819,False,72.1,53.5,18.6,75.4,,,70.2,False,1.348,25.8,37.0,136.0,63.0,85.0,True
59025,Aubers,59,1722,True,45.3,26.6,18.6,25.1,68.3,TC urbain,65.1,False,1.703,41.1,37.0,136.0,33.0,57.0,False
62274,Dourges,62,5997,False,46.9,28.3,18.6,30.7,43.0,TER ~ velo+TER,43.0,True,1.657,39.7,37.0,136.0,39.0,65.0,False
62489,Lapugnoy,62,3518,False,74.7,56.1,18.6,68.6,,,63.6,False,1.332,24.9,37.0,136.0,55.0,73.0,True
59257,Fromelles,59,1076,True,42.4,23.8,18.6,22.1,70.7,TC urbain,62.3,False,1.782,43.9,37.0,136.0,31.0,56.0,False
62454,Hinges,62,2417,False,66.9,48.4,18.5,50.0,,,60.9,False,1.382,27.7,37.0,136.0,45.0,62.0,True
59497,Renescure,59,2128,False,64.2,45.6,18.5,60.6,80.7,TER,80.7,False,1.408,28.8,37.0,136.0,57.0,80.0,False
59452,Ostricourt,59,5829,False,42.0,23.6,18.5,26.8,46.7,TER,46.7,True,1.78,44.0,37.0,136.0,38.0,68.0,False
59244,Fontaine-Notre-Dame,59,1763,False,64.9,46.4,18.5,72.1,,,87.0,False,1.399,28.5,37.0,136.0,67.0,93.0,True
59400,Merville,59,9652,False,59.3,41.0,18.4,48.9,,,68.7,False,1.446,31.0,37.0,135.0,49.0,72.0,True
62620,Norrent-Fontes,62,1362,False,75.6,57.2,18.4,78.8,,,71.3,False,1.322,24.3,37.0,135.0,63.0,83.0,True
62770,Saint-Venant,62,3022,False,69.8,51.3,18.4,51.3,,,62.8,False,1.361,26.4,37.0,135.0,44.0,60.0,True
59086,Boeschepe,59,2179,False,56.2,38.0,18.3,46.0,,,47.5,False,1.479,32.6,37.0,134.0,49.0,73.0,True
59135,Cassel,59,2227,False,57.9,39.6,18.3,51.4,74.0,velo+TER,66.4,False,1.462,31.6,37.0,134.0,53.0,78.0,False
62875,Wardrecques,62,1346,False,66.2,48.0,18.2,62.9,,,80.1,False,1.379,27.5,36.0,133.0,57.0,79.0,True
62190,Busnes,62,1245,False,70.2,52.0,18.2,52.5,,,68.9,False,1.35,25.9,36.0,133.0,45.0,61.0,True
62606,Neuve-Chapelle,62,1419,False,50.1,32.0,18.1,29.2,,,65.4,False,1.566,36.1,36.0,133.0,35.0,55.0,True
59143,La Chapelle-d'Armentières,59,8719,True,37.2,19.1,18.1,20.0,37.0,velo+TER,30.5,False,1.948,48.7,36.0,133.0,32.0,63.0,False
59487,Radinghem-en-Weppes,59,1393,True,38.9,20.8,18.1,19.0,50.5,TC urbain,35.7,False,1.87,46.5,36.0,133.0,29.0,55.0,False
59210,Esquelbecq,59,2134,False,62.0,43.9,18.1,63.5,74.0,TER,74.0,True,1.412,29.2,36.0,133.0,61.0,87.0,False
59416,Morbecque,59,2509,False,60.8,42.8,18.1,53.0,,,54.8,False,1.421,29.8,36.0,133.0,52.0,74.0,True
59305,Herzeele,59,1634,False,56.0,37.9,18.1,58.2,,,86.0,False,1.478,32.3,36.0,133.0,62.0,92.0,True
62048,Auchel,62,10062,False,74.4,56.4,18.0,78.3,,,69.6,False,1.319,24.2,36.0,132.0,63.0,83.0,True
62252,La Couture,62,2616,False,57.2,39.3,17.9,37.6,93.0,velo+TER,76.4,False,1.455,31.3,36.0,131.0,39.0,57.0,False
62684,Racquinghem,62,2214,False,67.1,49.2,17.9,63.5,,,82.2,False,1.364,26.7,36.0,131.0,57.0,77.0,True
62391,Guarbecque,62,1369,False,73.8,55.9,17.9,55.2,,,65.7,False,1.32,24.3,36.0,131.0,45.0,59.0,True
62529,Lorgies,62,1609,False,49.9,32.0,17.9,28.5,75.0,velo+TER,62.2,False,1.559,35.9,36.0,131.0,34.0,53.0,False
59663,Wormhout,59,5705,False,58.6,40.8,17.8,60.4,98.0,velo+TER,81.4,False,1.436,30.4,36.0,131.0,62.0,89.0,False
59486,Râches,59,2660,False,46.3,28.5,17.8,34.3,76.0,velo+TER,61.6,False,1.625,38.4,36.0,131.0,44.0,72.0,False
59054,Bavinchove,59,1046,False,62.1,44.4,17.7,58.2,62.0,TER,62.0,True,1.399,28.5,35.0,130.0,56.0,79.0,False
59509,Roost-Warendin,59,5976,False,51.9,34.2,17.7,37.2,66.0,velo+TER,58.7,False,1.518,34.1,35.0,130.0,43.0,65.0,False
59133,Carnin,59,1076,True,41.0,23.3,17.7,22.2,64.0,velo+TER,51.0,False,1.76,43.2,35.0,130.0,32.0,57.0,False
59084,Blaringhem,59,2043,False,64.9,47.3,17.6,60.5,,,61.1,False,1.372,27.1,35.0,129.0,56.0,77.0,True
62706,Richebourg,62,2618,False,54.0,36.5,17.5,33.1,,,78.2,False,1.479,32.4,35.0,128.0,37.0,54.0,True
62907,Libercourt,62,8138,False,35.7,18.2,17.5,22.5,30.8,TER ~ velo+TER,30.8,True,1.962,49.0,35.0,128.0,38.0,74.0,False
59239,Flines-lez-Raches,59,5610,False,46.1,28.7,17.5,32.4,,,59.2,False,1.606,38.0,35.0,128.0,42.0,68.0,True
59008,Aniche,59,9997,False,57.8,40.4,17.4,46.4,71.0,velo+TER,61.2,False,1.431,30.1,35.0,128.0,48.0,69.0,False
59158,Coutiches,59,3246,False,39.7,22.3,17.4,28.4,57.0,velo+TER,40.9,False,1.78,43.8,35.0,128.0,43.0,76.0,False
62040,Arques,62,9655,False,69.6,52.4,17.3,64.4,88.0,velo+TER,75.3,False,1.328,24.9,35.0,127.0,56.0,74.0,False
59123,Camphin-en-Carembault,59,1714,False,40.1,22.8,17.3,21.0,47.0,velo+TER,40.4,False,1.759,43.1,35.0,127.0,31.0,55.0,False
62525,Longuenesse,62,10568,False,73.3,55.9,17.3,71.8,81.0,velo+TER,73.3,False,1.311,23.6,35.0,127.0,59.0,77.0,False
62520,Locon,62,2342,False,60.9,43.6,17.3,41.7,90.0,velo+TER,75.7,False,1.397,28.4,35.0,127.0,41.0,57.0,False
59327,Lallaing,59,6250,False,50.1,32.9,17.2,36.7,65.0,velo+TER,55.1,False,1.523,34.3,34.0,126.0,44.0,67.0,False
59637,Wandignies-Hamage,59,1318,False,49.8,32.5,17.2,38.0,,,64.5,False,1.532,34.5,34.0,126.0,46.0,70.0,True
62014,Aire-sur-la-Lys,62,9585,False,68.0,50.8,17.2,65.4,,,65.7,False,1.339,25.3,34.0,126.0,58.0,77.0,True
59387,Marquette-en-Ostrevant,59,1931,False,60.9,43.8,17.1,50.6,,,66.4,False,1.39,28.1,34.0,125.0,50.0,69.0,True
59574,Somain,59,11790,False,52.2,35.1,17.1,39.6,56.0,TER ~ velo+TER,56.0,True,1.487,32.8,34.0,125.0,46.0,68.0,False
59227,Fenain,59,5529,False,51.9,34.8,17.1,39.5,66.0,velo+TER,59.7,False,1.491,32.9,34.0,125.0,46.0,68.0,False
59606,Valenciennes,59,42991,False,51.5,34.5,17.0,51.3,56.4,TER ~ velo+TER,56.4,True,1.493,33.0,34.0,125.0,60.0,89.0,False
59179,Douchy-les-Mines,59,10207,False,56.8,39.8,17.0,60.0,,,73.5,False,1.427,29.9,34.0,125.0,63.0,90.0,True
62452,Heuringhem,62,1379,False,72.3,55.3,17.0,69.0,,,78.9,False,1.307,23.5,34.0,125.0,57.0,75.0,True
59462,Phalempin,59,4849,False,38.1,21.1,17.0,19.6,36.7,TER ~ velo+TER,36.7,True,1.806,44.6,34.0,125.0,31.0,56.0,False
59293,Haverskerque,59,1401,False,65.0,48.0,17.0,55.6,,,60.2,False,1.354,26.2,34.0,125.0,51.0,70.0,True
59499,Rexpoëde,59,1992,False,60.9,44.0,16.9,63.4,,,93.1,False,1.384,27.8,34.0,124.0,62.0,86.0,True
59501,Rieulay,59,1243,False,49.3,32.4,16.9,36.8,74.0,velo+TER,61.8,False,1.522,34.3,34.0,124.0,45.0,68.0,False
59414,Montigny-en-Ostrevent,59,4681,False,55.2,38.5,16.8,39.8,50.0,TER ~ velo+TER,50.0,True,1.434,30.4,34.0,123.0,43.0,62.0,False
59018,Arnèke,59,1561,False,65.4,48.7,16.8,66.8,68.0,TER,68.0,True,1.343,25.7,34.0,123.0,61.0,82.0,False
59348,Lieu-Saint-Amand,59,1461,False,62.5,45.8,16.7,65.3,,,71.0,False,1.365,26.7,33.0,122.0,63.0,86.0,True
59369,Maing,59,4004,False,57.8,41.1,16.7,57.9,76.0,velo+TER,66.1,False,1.406,28.9,33.0,122.0,60.0,85.0,False
62471,Bellinghem,62,1087,False,77.1,60.3,16.7,76.2,,,84.0,False,1.279,21.7,33.0,122.0,59.0,76.0,True
59082,Bierne,59,1772,False,60.9,44.2,16.7,70.2,88.0,velo+TER,83.3,False,1.378,27.4,33.0,122.0,69.0,95.0,False
59019,Artres,59,1064,False,58.0,41.3,16.7,59.0,83.0,velo+TER,68.1,False,1.404,28.8,33.0,122.0,61.0,86.0,False
59203,Erre,59,1574,False,54.2,37.6,16.6,40.6,71.0,velo+TER,61.2,False,1.441,30.6,33.0,122.0,45.0,65.0,False
59038,Avesnes-le-Sec,59,1447,False,63.0,46.4,16.6,66.7,,,96.1,False,1.358,26.3,33.0,122.0,64.0,86.0,True
59361,Lourches,59,3814,False,58.5,42.0,16.5,50.8,,,67.0,False,1.393,28.2,33.0,121.0,52.0,73.0,True
59610,Verchain-Maugré,59,1102,False,59.6,43.3,16.3,64.0,,,72.2,False,1.376,27.3,33.0,120.0,64.0,89.0,True
59002,Abscon,59,4203,False,56.7,40.4,16.3,47.4,73.0,velo+TER,61.6,False,1.403,28.7,33.0,120.0,50.0,70.0,False
59309,Hondschoote,59,4026,False,62.9,46.6,16.3,66.1,,,96.0,False,1.35,25.9,33.0,120.0,63.0,85.0,True
59588,Téteghem-Coudekerque-Village,59,8384,False,66.5,50.2,16.3,76.6,102.0,velo+TER,86.9,False,1.325,24.5,33.0,120.0,69.0,92.0,False
59641,Warhem,59,2022,False,64.7,48.5,16.2,73.6,,,88.3,False,1.334,25.0,32.0,119.0,68.0,91.0,True
62543,Mametz,62,1998,False,75.2,59.0,16.2,73.5,,,88.7,False,1.275,21.5,32.0,119.0,59.0,75.0,True
62905,Zudausques,62,1040,False,77.2,61.0,16.2,79.2,,,79.9,False,1.266,21.0,32.0,119.0,62.0,78.0,True
59014,Anzin,59,13422,False,51.4,35.4,16.0,49.7,63.0,velo+TER,59.3,False,1.452,31.1,32.0,117.0,58.0,84.0,False
59112,Bruay-sur-l'Escaut,59,11309,False,52.1,36.2,15.9,51.7,76.0,velo+TER,62.8,False,1.439,30.5,32.0,117.0,60.0,86.0,False
59375,Marchiennes,59,4539,False,46.4,30.5,15.9,34.1,,,54.1,False,1.521,34.3,32.0,117.0,44.0,67.0,True
59292,Haveluy,59,3250,False,49.6,33.7,15.9,46.7,,,72.0,False,1.472,32.1,32.0,117.0,56.0,83.0,True
59485,Quiévy,59,1801,False,75.5,59.6,15.9,76.9,,,109.7,False,1.267,21.1,32.0,117.0,61.0,77.0,True
59544,Saint-Saulve,59,11117,False,54.1,38.2,15.9,54.5,75.0,velo+TER,62.4,False,1.416,29.4,32.0,117.0,60.0,86.0,False
59504,Rœulx,59,3779,False,59.5,43.6,15.9,50.1,65.0,TER,65.0,False,1.365,26.7,32.0,117.0,51.0,69.0,False
59089,Bollezeele,59,1423,False,67.9,52.1,15.8,78.1,,,82.5,False,1.303,23.3,32.0,116.0,69.0,90.0,True
59456,Pecquencourt,59,6232,False,51.9,36.2,15.7,40.9,63.0,velo+TER,54.7,False,1.434,30.3,31.0,115.0,47.0,68.0,False
59553,Santes,59,5660,True,35.9,20.2,15.7,16.6,37.7,TER ~ velo+TER,37.7,True,1.777,43.7,31.0,115.0,28.0,49.0,False
59166,Curgies,59,1347,False,54.6,39.0,15.7,60.5,,,71.8,False,1.4,28.8,31.0,115.0,66.0,93.0,True
59632,Wallers,59,5598,False,44.4,28.7,15.7,43.3,56.5,TER,56.5,False,1.547,35.4,31.0,115.0,59.0,91.0,False
59629,Vred,59,1311,False,48.2,32.6,15.7,37.7,73.0,velo+TER,57.3,False,1.479,32.6,31.0,115.0,47.0,69.0,False
59622,Villers-en-Cauchies,59,1161,False,65.4,49.7,15.7,69.5,,,96.2,False,1.316,24.0,31.0,115.0,64.0,84.0,True
59284,Hasnon,59,3874,False,45.4,29.8,15.6,41.0,66.0,velo+TER,52.3,False,1.523,34.4,31.0,114.0,54.0,83.0,False
59172,Denain,59,20640,False,55.5,39.9,15.6,50.1,72.6,TER,72.6,False,1.391,28.1,31.0,114.0,54.0,75.0,False
59105,Bouvignies,59,1548,False,43.5,27.9,15.6,32.2,,,41.1,False,1.559,35.9,31.0,114.0,44.0,69.0,True
59155,Coudekerque-Branche,59,20765,False,65.0,49.4,15.6,82.3,91.1,TER,91.1,False,1.316,24.0,31.0,114.0,76.0,100.0,False
59183,Dunkerque,59,86788,False,67.0,51.4,15.6,80.4,87.0,TER,87.0,True,1.304,23.3,31.0,114.0,72.0,94.0,False
59079,Beuvrages,59,6784,False,49.1,33.5,15.6,49.6,61.3,TER,61.3,False,1.466,31.8,31.0,114.0,61.0,89.0,False
59335,Lecelles,59,3004,False,45.7,30.1,15.6,40.1,64.0,velo+TER,52.0,False,1.518,34.1,31.0,114.0,53.0,80.0,False
59302,Hérin,59,4129,False,50.0,34.4,15.6,49.3,80.0,velo+TER,63.9,False,1.453,31.2,31.0,114.0,59.0,86.0,False
59271,Grande-Synthe,59,20331,False,67.9,52.2,15.6,81.1,95.5,TER,95.5,False,1.301,23.0,31.0,114.0,72.0,93.0,False
59029,Auchy-lez-Orchies,59,1486,False,37.6,22.1,15.5,28.1,52.0,velo+TER,39.4,False,1.701,41.2,31.0,114.0,45.0,76.0,False
59221,Famars,59,2475,False,53.8,38.3,15.5,56.1,73.0,velo+TER,65.2,False,1.405,28.8,31.0,114.0,63.0,88.0,False
59511,Rosult,59,1973,False,41.6,26.1,15.5,35.6,48.7,TER,48.7,True,1.594,37.3,31.0,114.0,51.0,82.0,False
59113,Bruille-lez-Marchiennes,59,1350,False,53.4,37.9,15.5,42.5,68.0,velo+TER,60.2,False,1.409,29.0,31.0,114.0,48.0,67.0,False
59557,Saultain,59,2553,False,53.7,38.2,15.5,59.5,,,64.5,False,1.406,28.9,31.0,114.0,66.0,93.0,True
59526,Saint-Amand-les-Eaux,59,15980,False,47.2,31.8,15.4,43.7,46.0,TER,46.0,True,1.484,32.6,31.0,113.0,56.0,82.0,False
59185,Écaillon,59,1910,False,55.5,40.1,15.4,44.6,62.0,velo+TER,54.2,False,1.384,27.7,31.0,113.0,48.0,67.0,False
59551,Saméon,59,1738,False,43.2,27.9,15.4,38.0,61.0,velo+TER,53.0,False,1.548,35.6,31.0,113.0,53.0,82.0,False
59266,Gondecourt,59,4050,False,39.7,24.3,15.4,21.8,43.0,velo+TER,30.0,False,1.634,38.8,31.0,113.0,33.0,54.0,False
59080,Beuvry-la-Forêt,59,2834,False,41.9,26.4,15.4,30.3,55.0,velo+TER,48.6,False,1.587,36.8,31.0,113.0,43.0,69.0,False
59449,Orchies,59,8455,False,35.6,20.2,15.4,25.7,33.4,TER,33.4,True,1.762,43.3,31.0,113.0,43.0,76.0,False
59027,Aubry-du-Hainaut,59,1726,False,47.4,32.0,15.4,47.7,80.0,velo+TER,63.8,False,1.481,32.5,31.0,113.0,60.0,89.0,False
59630,Wahagnies,59,2605,False,41.9,26.6,15.3,23.1,38.0,velo+TER,33.9,False,1.575,36.5,31.0,112.0,33.0,52.0,False
59639,Wargnies-le-Grand,59,1101,False,54.9,39.6,15.3,64.3,,,77.5,False,1.386,27.9,31.0,112.0,70.0,97.0,True
59383,Marly,59,12024,False,53.2,37.9,15.3,57.3,71.0,velo+TER,61.4,False,1.404,28.8,31.0,112.0,65.0,91.0,False
59459,Petite-Forêt,59,5058,False,45.8,30.5,15.3,46.8,72.0,velo+TER,61.6,False,1.502,33.4,31.0,112.0,61.0,92.0,False
59032,Aulnoy-lez-Valenciennes,59,7183,False,53.7,38.5,15.2,55.5,73.0,velo+TER,65.3,False,1.395,28.3,30.0,111.0,62.0,86.0,False
59205,Escaudain,59,9253,False,55.6,40.5,15.2,51.2,,,63.8,False,1.373,27.3,30.0,111.0,55.0,76.0,True
59651,Wavrechain-sous-Denain,59,1616,False,55.0,40.0,15.1,53.1,,,69.6,False,1.375,27.5,30.0,111.0,58.0,80.0,True
59603,Trith-Saint-Léger,59,6124,False,53.8,38.7,15.1,55.7,61.0,TER,61.0,True,1.39,28.1,30.0,111.0,62.0,86.0,False
59475,Prouvy,59,2173,False,52.9,37.7,15.1,55.1,66.4,TER,66.4,False,1.403,28.5,30.0,111.0,62.0,88.0,False
59564,La Sentinelle,59,3143,False,47.9,32.8,15.1,49.7,75.0,velo+TER,65.7,False,1.46,31.5,30.0,111.0,62.0,91.0,False
59297,Hélesmes,59,1921,False,49.7,34.6,15.1,46.9,,,64.8,False,1.436,30.4,30.0,111.0,57.0,81.0,True
59390,Masny,59,4056,False,60.0,45.0,15.0,47.4,61.0,velo+TER,54.1,False,1.333,25.0,30.0,110.0,47.0,63.0,False
59330,Landas,59,2447,False,41.7,26.7,15.0,30.9,44.7,TER ~ velo+TER,44.7,True,1.562,36.0,30.0,110.0,44.0,69.0,False
59435,Nomain,59,2585,False,40.7,25.7,14.9,30.1,38.1,TER,38.1,False,1.584,36.6,30.0,109.0,44.0,70.0,False
59471,Préseau,59,2065,False,54.5,39.6,14.9,59.3,,,69.1,False,1.376,27.3,30.0,109.0,65.0,90.0,True
59094,Bourbourg,59,7023,False,72.3,57.4,14.9,88.6,99.3,TER,99.3,False,1.26,20.6,30.0,109.0,74.0,93.0,False
59022,Attiches,59,2238,False,34.4,19.4,14.9,18.2,51.0,velo+TER,41.7,False,1.773,43.3,30.0,109.0,32.0,56.0,False
59024,Auberchicourt,59,4626,False,60.1,45.3,14.8,47.6,72.0,velo+TER,56.9,False,1.327,24.6,30.0,109.0,48.0,63.0,False
59382,Maretz,59,1417,False,84.3,69.5,14.8,107.2,120.0,velo+TER,113.6,False,1.213,17.6,30.0,109.0,76.0,93.0,False
59260,Ghyvelde,59,4119,False,69.6,54.8,14.8,74.6,,,94.8,False,1.27,21.3,30.0,109.0,64.0,82.0,True
59314,Hornaing,59,3535,False,53.1,38.4,14.7,48.6,78.0,velo+TER,62.9,False,1.383,27.7,29.0,108.0,55.0,76.0,False
59447,Onnaing,59,8719,False,54.8,40.1,14.7,63.0,,,65.6,False,1.367,26.8,29.0,108.0,69.0,94.0,True
59064,Bellaing,59,1329,False,50.2,35.5,14.7,48.3,,,66.0,False,1.414,29.3,29.0,108.0,58.0,82.0,True
59340,Leffrinckoucke,59,4124,False,71.3,56.7,14.6,89.1,,,96.3,False,1.257,20.5,29.0,107.0,75.0,94.0,True
59004,Aix-en-Pévèle,59,1358,False,41.9,27.3,14.6,31.8,61.0,velo+TER,50.2,False,1.535,34.8,29.0,107.0,46.0,70.0,False
59128,Capinghem,59,2474,True,30.8,16.3,14.5,15.7,39.0,velo ~ TC urbain,36.9,False,1.89,47.1,29.0,106.0,31.0,58.0,False
59409,Monchecourt,59,2501,False,62.4,47.9,14.5,49.8,,,59.4,False,1.303,23.2,29.0,106.0,48.0,62.0,True
59491,Raismes,59,12055,False,53.7,39.2,14.5,46.7,64.9,TER,64.9,False,1.37,27.0,29.0,106.0,52.0,71.0,False
62765,Saint-Omer,62,14661,False,76.9,62.4,14.5,76.1,69.0,TER,69.0,True,1.232,18.9,29.0,106.0,59.0,73.0,False
59559,Sebourg,59,1977,False,56.5,42.0,14.5,65.4,,,69.7,False,1.345,25.7,29.0,106.0,69.0,93.0,True
59647,Watten,59,2577,False,78.7,64.4,14.3,76.0,83.0,velo+TER,78.1,False,1.222,18.2,29.0,105.0,58.0,71.0,False
59278,Hallennes-lez-Haubourdin,59,4718,True,30.1,15.9,14.2,14.0,44.0,velo ~ velo+TER,41.7,False,1.893,47.2,28.0,104.0,28.0,53.0,False
59265,Gommegnies,59,2300,False,62.3,48.3,14.0,70.8,91.0,velo+TER,75.3,False,1.29,22.5,28.0,103.0,68.0,88.0,False
59196,Ennetières-en-Weppes,59,1293,True,33.6,19.7,13.9,16.7,45.2,TC urbain ~ velo,39.4,False,1.706,41.4,28.0,102.0,30.0,51.0,False
59222,Faumont,59,2251,False,43.4,29.6,13.8,26.7,,,59.7,False,1.466,31.8,28.0,101.0,37.0,54.0,True
59392,Maubeuge,59,29066,False,69.8,56.1,13.7,87.2,90.0,TER,90.0,True,1.244,19.6,27.0,100.0,75.0,93.0,False
59071,Bersée,59,2296,False,41.1,27.9,13.2,24.2,,,39.7,False,1.473,32.1,26.0,97.0,35.0,52.0,True
59408,Moncheaux,59,1703,False,42.3,29.4,13.0,26.4,69.0,velo+TER,56.7,False,1.439,30.7,26.0,95.0,37.0,54.0,False
62193,Calais,62,67380,False,83.5,70.6,12.9,113.8,97.0,TER,97.0,True,1.183,15.4,26.0,95.0,82.0,97.0,False
59398,Mérignies,59,3360,False,35.6,23.0,12.6,20.2,53.0,velo+TER,38.2,False,1.548,35.4,25.0,92.0,34.0,53.0,False
59152,Comines,59,12671,True,36.5,24.1,12.4,21.8,66.0,TC urbain,46.4,False,1.515,34.0,25.0,91.0,36.0,54.0,False
59316,Houplin-Ancoisne,59,3275,True,34.4,22.0,12.4,14.8,47.0,velo,43.2,False,1.564,36.0,25.0,91.0,26.0,40.0,False
59129,Cappelle-en-Pévèle,59,2262,False,36.8,24.4,12.3,23.4,44.0,velo+TER,35.8,False,1.508,33.4,25.0,90.0,38.0,58.0,False
59017,Armentières,59,25581,True,45.1,32.8,12.3,20.8,26.7,TER,26.7,True,1.375,27.3,25.0,90.0,28.0,38.0,False
59466,Pont-à-Marcq,59,2883,False,32.4,20.5,11.8,18.5,52.0,velo+TER,38.1,False,1.58,36.4,24.0,87.0,34.0,54.0,False
59592,Thumeries,59,4029,False,40.6,28.8,11.8,24.2,65.0,velo+TER,52.7,False,1.41,29.1,24.0,87.0,36.0,50.0,False
59411,Mons-en-Pévèle,59,2089,False,37.3,25.6,11.8,22.9,,,56.2,False,1.457,31.6,24.0,87.0,37.0,54.0,True
59489,Raimbeaucourt,59,4015,False,52.4,40.7,11.7,30.5,66.0,velo+TER,55.9,False,1.287,22.3,23.0,86.0,35.0,45.0,False
59317,Houplines,59,7897,True,38.5,26.8,11.7,17.4,44.0,velo+TER,32.3,False,1.437,30.4,23.0,86.0,27.0,39.0,False
59286,Haubourdin,59,14757,True,30.4,18.7,11.7,11.3,33.7,TER ~ velo,33.7,True,1.626,38.5,23.0,86.0,22.0,36.0,False
62160,Boulogne-sur-Mer,62,40910,False,97.9,86.3,11.6,145.2,81.0,TER,81.0,True,1.134,11.8,23.0,85.0,89.0,101.0,False
59636,Wambrechies,59,10798,True,28.0,16.6,11.4,14.7,35.0,velo ~ TC urbain,31.4,False,1.687,40.7,23.0,84.0,31.0,53.0,False
59560,Seclin,59,12834,True,28.6,17.3,11.3,15.0,23.8,TER ~ velo+TER,23.8,True,1.653,39.5,23.0,83.0,31.0,52.0,False
59034,Avelin,59,2600,False,27.6,16.7,10.8,15.5,42.0,velo+TER,29.7,False,1.653,39.1,22.0,79.0,34.0,56.0,False
62412,Hardinghen,62,1219,False,97.5,86.8,10.7,126.9,,,63.4,False,1.123,11.0,21.0,78.0,78.0,88.0,True
59252,Frelinghien,59,2581,True,33.6,23.0,10.6,13.8,54.0,velo+TER ~ TC urbain,39.5,False,1.461,31.5,21.0,78.0,25.0,36.0,False
59457,Pérenchies,59,8519,True,32.3,21.7,10.6,12.7,32.7,TER ~ velo+TER,32.7,True,1.488,32.8,21.0,78.0,24.0,35.0,False
59352,Linselles,59,8192,True,30.1,19.8,10.3,16.4,50.0,TC urbain,43.2,False,1.52,34.2,21.0,76.0,33.0,50.0,False
59656,Wervicq-Sud,59,5299,True,35.6,25.3,10.3,22.4,66.0,TC urbain,46.7,False,1.407,28.9,21.0,76.0,38.0,53.0,False
59566,Sequedin,59,4762,True,29.7,19.4,10.2,12.6,33.0,velo,33.0,False,1.531,34.3,20.0,75.0,25.0,39.0,False
59098,Bousbecque,59,4847,True,32.0,21.9,10.1,20.1,60.0,TC urbain,45.1,False,1.461,31.6,20.0,74.0,38.0,55.0,False
59279,Halluin,59,20829,True,28.8,18.9,10.0,19.1,74.0,TC urbain,43.4,False,1.524,34.7,20.0,73.0,40.0,61.0,False
59470,Prémesques,59,2060,True,34.6,24.7,9.9,14.3,43.0,velo+TER ~ velo,36.5,False,1.401,28.6,20.0,73.0,25.0,35.0,False
59173,Deûlémont,59,1819,True,36.5,26.8,9.7,15.7,64.4,TC urbain,42.7,False,1.362,26.6,19.0,71.0,26.0,35.0,False
59356,Lompret,59,2182,True,30.0,20.5,9.5,11.4,32.0,velo,32.0,False,1.463,31.7,19.0,70.0,23.0,33.0,False
59193,Emmerin,59,3053,True,28.9,19.5,9.4,13.1,35.0,velo,35.0,False,1.482,32.5,19.0,69.0,27.0,40.0,False
59482,Quesnoy-sur-Deûle,59,6920,True,33.2,23.8,9.4,12.9,49.0,velo,41.0,False,1.395,28.3,19.0,69.0,23.0,33.0,False
59426,Neuville-en-Ferrain,59,10160,True,26.4,17.0,9.3,18.4,53.0,velo+TER ~ TC urbain,39.4,False,1.553,35.2,19.0,68.0,42.0,65.0,False
59611,Verlinghem,59,2673,True,28.4,19.1,9.3,9.7,37.0,velo,36.8,False,1.487,32.7,19.0,68.0,20.0,30.0,False
59258,Genech,59,2825,False,38.1,29.0,9.1,23.4,47.0,velo+TER,36.7,False,1.314,23.9,18.0,67.0,37.0,48.0,False
59090,Bondues,59,9713,True,27.3,18.2,9.1,13.4,39.0,TC urbain ~ velo,34.1,False,1.5,33.3,18.0,67.0,29.0,44.0,False
59197,Ennevelin,59,2356,False,31.7,22.9,8.9,16.8,43.0,velo+TER,34.4,False,1.384,28.1,18.0,65.0,32.0,44.0,False
59586,Templeuve-en-Pévèle,59,6705,False,32.3,23.6,8.7,20.0,31.3,TER ~ velo+TER,31.3,True,1.369,26.9,17.0,64.0,37.0,51.0,False
59168,Cysoing,59,4722,False,32.8,24.1,8.6,24.1,52.0,velo+TER,36.8,False,1.361,26.2,17.0,63.0,44.0,60.0,False
59650,Wattrelos,59,40836,True,26.8,18.4,8.3,15.8,46.4,TC urbain ~ velo+TER,38.9,False,1.457,31.0,17.0,61.0,35.0,52.0,False
59599,Tourcoing,59,99011,True,27.1,19.1,8.1,15.0,33.0,TER,33.0,True,1.419,29.9,16.0,59.0,33.0,47.0,False
59508,Roncq,59,13784,True,25.1,17.3,7.8,15.5,57.0,velo+TER,40.5,False,1.451,31.1,16.0,57.0,37.0,54.0,False
59146,Chéreng,59,3001,True,27.4,19.7,7.7,14.1,44.0,velo+TER,37.6,False,1.391,28.1,15.0,56.0,31.0,43.0,False
59458,Péronne-en-Mélantois,59,1004,True,28.0,20.4,7.6,14.7,37.0,velo+TER,32.8,False,1.373,27.1,15.0,56.0,31.0,43.0,False
59339,Leers,59,9588,True,26.1,18.6,7.6,17.8,54.7,TC urbain,37.4,False,1.403,29.1,15.0,56.0,41.0,57.0,False
59585,Templemars,59,3635,True,23.3,15.8,7.5,11.6,28.7,TER,28.7,True,1.475,32.2,15.0,55.0,30.0,44.0,False
59253,Fresnes-sur-Escaut,59,7486,False,56.9,49.5,7.4,57.9,,,69.1,False,1.149,13.0,15.0,54.0,61.0,70.0,True
59153,Condé-sur-l'Escaut,59,9396,False,50.3,43.0,7.2,56.9,,,74.8,False,1.17,14.3,14.0,53.0,68.0,79.0,True
59598,Toufflers,59,3910,True,25.6,18.4,7.2,15.8,57.0,velo+TER ~ velo,41.3,False,1.391,28.1,14.0,53.0,37.0,52.0,False
59512,Roubaix,59,98892,True,25.1,18.0,7.1,12.5,29.0,TER,29.0,True,1.394,28.3,14.0,52.0,30.0,42.0,False
59386,Marquette-lez-Lille,59,11213,True,23.6,16.6,7.1,6.8,23.0,velo,23.0,False,1.422,30.1,14.0,52.0,17.0,25.0,False
59522,Sailly-lez-Lannoy,59,1949,True,27.2,20.2,7.0,17.4,49.0,velo+TER,39.1,False,1.347,25.7,14.0,51.0,38.0,52.0,False
59648,Wattignies,59,15531,True,22.6,15.7,6.9,10.5,31.0,velo ~ TC urbain,31.0,False,1.439,30.5,14.0,51.0,28.0,40.0,False
59332,Lannoy,59,1800,True,24.2,17.2,6.9,15.4,52.0,velo ~ velo+TER,36.2,False,1.407,28.5,14.0,51.0,38.0,54.0,False
59328,Lambersart,59,27121,True,20.6,13.7,6.9,7.1,20.0,velo,20.0,False,1.504,33.5,14.0,51.0,21.0,31.0,False
59367,Lys-lez-Lannoy,59,13793,True,24.1,17.4,6.8,15.2,51.0,velo+TER ~ TC urbain,36.0,False,1.385,28.2,14.0,50.0,38.0,52.0,False
59360,Loos,59,23013,True,21.8,15.0,6.8,8.6,25.0,velo ~ TC urbain,25.0,True,1.453,31.2,14.0,50.0,24.0,34.0,False
59275,Gruson,59,1237,True,28.2,21.4,6.8,21.9,50.0,velo+TER,39.3,False,1.318,24.1,14.0,50.0,47.0,61.0,False
59660,Willems,59,2996,True,25.1,18.4,6.7,15.0,41.0,velo+TER,36.9,False,1.364,26.7,13.0,49.0,36.0,49.0,False
59602,Tressin,59,1395,True,23.5,16.9,6.6,12.8,39.0,velo+TER ~ velo,32.8,False,1.391,28.1,13.0,48.0,33.0,45.0,False
59594,Thun-Saint-Amand,59,1110,False,46.9,40.3,6.6,51.2,,,53.7,False,1.164,14.1,13.0,48.0,66.0,76.0,True
59096,Bourghelles,59,1673,False,30.4,24.0,6.4,23.3,,,43.2,False,1.267,21.1,13.0,47.0,46.0,58.0,True
59434,Nivelle,59,1379,False,55.7,49.4,6.3,53.4,66.0,velo+TER,52.3,False,1.128,11.3,13.0,46.0,58.0,65.0,False
59418,Mortagne-du-Nord,59,1584,False,46.4,40.2,6.2,49.9,,,55.9,False,1.154,13.4,12.0,45.0,65.0,74.0,True
59042,Bachy,59,1883,False,33.4,27.2,6.2,24.4,,,41.2,False,1.228,18.6,12.0,45.0,44.0,54.0,True
59207,Escautpont,59,4152,False,58.2,52.0,6.2,59.0,,,67.0,False,1.119,10.7,12.0,45.0,61.0,68.0,True
59638,Wannehain,59,1331,False,25.4,19.5,6.0,20.4,,,42.6,False,1.303,23.6,12.0,44.0,48.0,63.0,True
59114,Bruille-Saint-Amand,59,1682,False,51.6,45.6,6.0,54.8,,,55.8,False,1.132,11.6,12.0,44.0,64.0,72.0,True
59519,Rumegies,59,1740,False,46.3,40.2,6.0,39.5,68.0,velo+TER,55.0,False,1.152,13.0,12.0,44.0,51.0,59.0,False
59044,Baisieux,59,5177,True,23.0,17.1,5.9,18.1,34.0,TER ~ velo+TER,34.0,True,1.345,25.7,12.0,43.0,47.0,64.0,False
59616,Vieux-Condé,59,10446,False,44.9,39.1,5.8,51.7,,,61.4,False,1.148,12.9,12.0,43.0,69.0,79.0,True
59419,Mouchin,59,1441,False,39.4,33.7,5.7,33.8,,,41.2,False,1.169,14.5,11.0,42.0,51.0,60.0,True
59301,Hergnies,59,4463,False,48.5,42.8,5.7,52.3,,,58.8,False,1.133,11.8,11.0,42.0,65.0,73.0,True
59479,Quarouble,59,3131,False,51.1,45.5,5.6,73.9,,,69.3,False,1.123,11.0,11.0,41.0,87.0,97.0,True
59507,Ronchin,59,19437,True,17.4,11.8,5.6,7.2,21.0,velo ~ TER,21.0,True,1.475,32.2,11.0,41.0,25.0,37.0,False
59350,Lille,59,236710,True,17.8,12.4,5.4,5.9,11.0,velo,11.0,False,1.435,30.3,11.0,40.0,20.0,29.0,False
59013,Anstaing,59,1601,True,24.2,18.8,5.4,13.6,43.0,velo+TER ~ velo,33.9,False,1.287,22.3,11.0,40.0,34.0,43.0,False
59527,Saint-André-lez-Lille,59,12942,True,17.5,12.1,5.4,5.0,17.0,velo,17.0,True,1.446,30.9,11.0,40.0,17.0,25.0,False
59256,Fretin,59,3227,True,22.8,17.3,5.4,13.3,29.7,TER,29.7,True,1.318,23.7,11.0,40.0,35.0,46.0,False
59238,Flines-lès-Mortagne,59,1649,False,46.4,41.1,5.3,49.9,,,58.9,False,1.129,11.4,11.0,39.0,65.0,73.0,True
59247,Forest-sur-Marque,59,1659,True,20.2,15.2,5.1,12.7,40.0,velo+TER ~ velo,33.1,False,1.329,25.2,10.0,37.0,38.0,50.0,False
59523,Sainghin-en-Mélantois,59,2848,True,19.4,14.3,5.1,11.1,42.0,velo+TER ~ velo,31.0,False,1.357,26.3,10.0,37.0,34.0,47.0,False
59124,Camphin-en-Pévèle,59,2501,False,22.2,17.4,4.9,17.9,50.0,velo+TER,39.4,False,1.276,22.1,10.0,36.0,48.0,62.0,False
59220,Faches-Thumesnil,59,18110,True,19.8,14.8,4.9,10.8,25.0,velo,25.0,False,1.338,24.7,10.0,36.0,33.0,44.0,False
59421,Mouvaux,59,13173,True,19.1,15.0,4.1,10.7,39.0,velo+TER,32.8,False,1.273,21.5,8.0,30.0,34.0,43.0,False
59163,Croix,59,20778,True,18.6,14.5,4.1,9.0,29.7,TER ~ TC urbain,29.7,False,1.283,22.0,8.0,30.0,29.0,37.0,False
59343,Lesquin,59,9241,True,17.9,14.2,3.8,10.3,25.7,TER ~ velo+TER,25.7,True,1.261,21.2,8.0,28.0,35.0,44.0,False
59299,Hem,59,18713,True,19.0,15.2,3.7,11.4,45.0,velo ~ TC urbain,35.8,False,1.25,19.5,7.0,27.0,36.0,45.0,False
59609,Vendeville,59,1546,True,13.4,9.8,3.6,9.3,37.0,velo ~ velo+TER,32.5,False,1.367,26.9,7.0,26.0,42.0,57.0,False
59646,Wasquehal,59,20836,True,14.8,11.4,3.5,9.1,27.0,TER ~ TC urbain,27.0,True,1.298,23.6,7.0,26.0,37.0,48.0,False
59378,Marcq-en-Barœul,59,39356,True,15.5,12.5,3.0,6.5,26.0,velo ~ TC urbain,26.0,False,1.24,19.4,6.0,22.0,25.0,31.0,False
59368,La Madeleine,59,22488,True,12.3,9.5,2.8,3.3,12.0,velo,12.0,True,1.295,22.8,6.0,21.0,16.0,21.0,False
59009,Villeneuve-d'Ascq,59,62067,True,16.5,14.0,2.5,10.2,27.1,TC urbain ~ TER,27.1,True,1.179,15.2,5.0,18.0,37.0,44.0,False
59410,Mons-en-Barœul,59,21467,True,10.3,8.2,2.2,3.3,15.0,velo,15.0,False,1.256,21.4,4.0,16.0,19.0,24.0,False
59346,Lezennes,59,3019,True,14.1,12.2,1.9,7.6,23.0,velo,23.0,False,1.156,13.5,4.0,14.0,32.0,37.0,False
