code_insee,commune,dep,PMUN,dans_MEL,navetteurs_MEL,actifs_occ_residents,part_MEL,EPCI,ZE2020,AAV2020,BV2022
59002,Abscon,59,4203,False,153,1514,10.1,200042190,3222,303,59574
59004,Aix-en-Pévèle,59,1358,False,298,763,39.1,200041960,3216,004,59449
59005,Allennes-les-Marais,59,3567,True,1321,1638,80.7,200093201,3216,004,59011
59008,Aniche,59,9997,False,366,3536,10.4,245901152,3212,059,59574
59011,Annœullin,59,10780,True,3442,4414,78.0,200093201,3216,004,59011
59013,Anstaing,59,1601,True,715,807,88.6,200093201,3216,004,59350
59014,Anzin,59,13422,False,362,4261,8.5,245901160,3222,038,59606
59015,Arleux,59,3151,False,80,1241,6.5,200044618,3212,059,59015
59017,Armentières,59,25581,True,8104,9748,83.1,200093201,3216,004,59017
59018,Arnèke,59,1561,False,69,606,11.4,200040947,3213,048,59663
59019,Artres,59,1064,False,34,445,7.6,245901160,3222,038,59606
59022,Attiches,59,2238,False,599,939,63.8,200041960,3216,004,59466
59024,Auberchicourt,59,4626,False,170,1697,10.0,245901152,3212,059,59574
59025,Aubers,59,1722,True,587,775,75.7,200093201,3216,004,59051
59026,Aubigny-au-Bac,59,1159,False,40,468,8.7,200044618,3212,059,59015
59027,Aubry-du-Hainaut,59,1726,False,98,643,15.2,245901160,3222,038,59606
59028,Auby,59,7188,False,279,2191,12.7,200044618,3212,059,59178
59029,Auchy-lez-Orchies,59,1486,False,298,679,43.8,200041960,3216,004,59449
59032,Aulnoy-lez-Valenciennes,59,7183,False,185,2507,7.4,245901160,3222,038,59606
59034,Avelin,59,2600,False,704,1199,58.8,200041960,3216,004,59466
59038,Avesnes-le-Sec,59,1447,False,35,656,5.4,200042190,3222,038,59172
59042,Bachy,59,1883,False,586,897,65.3,200041960,3216,004,59168
59043,Bailleul,59,14869,False,2524,6366,39.7,200040947,3216,004,59017
59044,Baisieux,59,5177,True,2104,2472,85.1,200093201,3216,004,59350
59052,Bauvin,59,4999,True,1530,2081,73.5,200093201,3216,004,59011
59054,Bavinchove,59,1046,False,48,442,10.8,200040947,3219,000,59580
59064,Bellaing,59,1329,False,75,453,16.6,200042190,3222,038,59172
59071,Bersée,59,2296,False,456,1076,42.4,200041960,3216,004,59466
59079,Beuvrages,59,6784,False,140,2113,6.6,245901160,3222,038,59606
59080,Beuvry-la-Forêt,59,2834,False,549,1344,40.8,200041960,3216,004,59449
59082,Bierne,59,1772,False,77,810,9.5,200040954,3213,048,59067
59084,Blaringhem,59,2043,False,65,898,7.2,200040947,3219,096,62014
59086,Boeschepe,59,2179,False,266,976,27.2,200040947,3216,004,59017
59088,Bois-Grenier,59,1793,True,665,796,83.5,200093201,3216,004,59017
59089,Bollezeele,59,1423,False,25,463,5.4,200040954,3213,048,59663
59090,Bondues,59,9713,True,3549,3913,90.7,200093201,3218,004,59350
59094,Bourbourg,59,7023,False,106,2719,3.9,245900428,3213,048,59094
59096,Bourghelles,59,1673,False,514,778,66.1,200041960,3216,004,59168
59098,Bousbecque,59,4847,True,1852,2135,86.7,200093201,3218,004,59350
59105,Bouvignies,59,1548,False,220,630,34.9,200041960,3216,004,59375
59112,Bruay-sur-l'Escaut,59,11309,False,249,3768,6.6,245901160,3222,038,59606
59114,Bruille-Saint-Amand,59,1682,False,139,723,19.3,200042190,3222,038,59616
59113,Bruille-lez-Marchiennes,59,1350,False,91,547,16.7,245901152,3212,004,59574
59117,Bugnicourt,59,1074,False,48,532,9.1,200044618,3212,059,59015
59122,Cambrai,59,31425,False,408,11050,3.7,200068500,3208,108,59122
59123,Camphin-en-Carembault,59,1714,False,444,866,51.2,200041960,3216,004,59462
59124,Camphin-en-Pévèle,59,2501,False,790,1162,67.9,200041960,3216,004,59350
59126,Cantin,59,1770,False,78,706,11.0,200044618,3212,059,59015
59128,Capinghem,59,2474,True,1072,1222,87.7,200093201,3216,004,59350
59129,Cappelle-en-Pévèle,59,2262,False,542,1155,46.9,200041960,3216,004,59466
59133,Carnin,59,1076,True,344,511,67.3,200093201,3216,004,59011
59135,Cassel,59,2227,False,149,947,15.7,200040947,3213,000,59580
59120,Caëstre,59,2006,False,241,915,26.4,200040947,3216,004,59295
59146,Chéreng,59,3001,True,1149,1340,85.8,200093201,3216,004,59350
59152,Comines,59,12671,True,4490,5341,84.1,200093201,3218,004,59350
59153,Condé-sur-l'Escaut,59,9396,False,134,2586,5.2,245901160,3222,038,59616
59155,Coudekerque-Branche,59,20765,False,195,8081,2.4,245900428,3213,048,59183
59156,Courchelettes,59,2881,False,81,995,8.1,200044618,3212,059,59178
59158,Coutiches,59,3246,False,665,1549,42.9,200041960,3216,004,59449
59163,Croix,59,20778,True,8093,8790,92.1,200093201,3218,004,59350
59165,Cuincy,59,6472,False,466,2389,19.5,200044618,3212,059,59178
59166,Curgies,59,1347,False,45,509,8.8,245901160,3222,038,59606
59168,Cysoing,59,4722,False,1288,2040,63.1,200041960,3216,004,59168
59170,Dechy,59,5351,False,186,1726,10.8,200044618,3212,059,59178
59172,Denain,59,20640,False,364,5597,6.5,200042190,3222,038,59172
59173,Deûlémont,59,1819,True,764,878,87.0,200093201,3216,004,59017
59670,Don,59,1412,True,519,649,80.0,200093201,3216,004,59653
59178,Douai,59,39648,False,1850,13386,13.8,200044618,3212,059,59178
59179,Douchy-les-Mines,59,10207,False,232,3383,6.9,200042190,3222,038,59172
59183,Dunkerque,59,86788,False,1110,30813,3.6,245900428,3213,048,59183
59189,Eecke,59,1221,False,136,595,22.9,200040947,3213,004,59580
59193,Emmerin,59,3053,True,1193,1347,88.6,200093201,3216,004,59350
59196,Ennetières-en-Weppes,59,1293,True,477,542,88.0,200093201,3216,004,59350
59197,Ennevelin,59,2356,False,727,1100,66.1,200041960,3216,004,59466
59202,Erquinghem-Lys,59,5356,True,1794,2329,77.0,200093201,3216,004,59017
59203,Erre,59,1574,False,141,682,20.7,245901152,3212,303,59574
59205,Escaudain,59,9253,False,245,3202,7.7,200042190,3222,038,59172
59207,Escautpont,59,4152,False,75,1150,6.6,200042190,3222,038,59616
59210,Esquelbecq,59,2134,False,75,882,8.5,200040954,3213,048,59663
59212,Estaires,59,6496,False,1064,2773,38.4,245900758,3205,004,59400
59214,Estrées,59,1116,False,46,426,10.8,200044618,3212,059,59015
59220,Faches-Thumesnil,59,18110,True,6647,7573,87.8,200093201,3216,004,59350
59221,Famars,59,2475,False,58,815,7.1,245901160,3222,038,59606
59222,Faumont,59,2251,False,462,1025,45.1,200044618,3216,004,59178
59227,Fenain,59,5529,False,311,1986,15.7,245901152,3212,004,59574
59234,Flers-en-Escrebieux,59,5642,False,316,2221,14.2,200044618,3212,059,59178
59239,Flines-lez-Raches,59,5610,False,808,2458,32.9,200044618,3212,004,59239
59238,Flines-lès-Mortagne,59,1649,False,109,763,14.2,200042190,3222,004,59526
59244,Fontaine-Notre-Dame,59,1763,False,45,779,5.7,200068500,3208,108,59122
59247,Forest-sur-Marque,59,1659,True,613,669,91.6,200093201,3218,004,59350
59250,Fournes-en-Weppes,59,2190,True,841,1032,81.5,200093201,3216,004,59653
59252,Frelinghien,59,2581,True,1126,1252,90.0,200093201,3216,004,59017
59253,Fresnes-sur-Escaut,59,7486,False,159,2357,6.7,245901160,3222,038,59616
59256,Fretin,59,3227,True,1180,1531,77.1,200093201,3216,004,59466
59257,Fromelles,59,1076,True,456,507,90.0,200093201,3216,004,59051
59224,Féchain,59,1658,False,39,556,7.0,200044618,3212,059,59574
59228,Férin,59,1447,False,30,529,5.7,200044618,3212,059,59178
59258,Genech,59,2825,False,677,1216,55.7,200041960,3216,004,59466
59260,Ghyvelde,59,4119,False,97,1761,5.5,245900428,3213,048,59107
59262,Godewaersvelde,59,2053,False,221,949,23.3,200040947,3216,004,59580
59265,Gommegnies,59,2300,False,86,1078,8.0,200043321,3222,038,59481
59266,Gondecourt,59,4050,False,1271,1903,66.8,200041960,3216,004,59350
59271,Grande-Synthe,59,20331,False,218,5815,3.8,245900428,3213,048,59183
59275,Gruson,59,1237,True,497,582,85.3,200093201,3216,004,59350
59276,Guesnain,59,4656,False,161,1624,9.9,200044618,3212,059,59178
59263,Gœulzin,59,1042,False,40,465,8.6,200044618,3212,059,59178
59278,Hallennes-lez-Haubourdin,59,4718,True,2112,2292,92.1,200093201,3216,004,59350
59279,Halluin,59,20829,True,7149,8686,82.3,200093201,3218,004,59350
59281,Hantay,59,1259,True,461,551,83.7,200093201,3216,004,62895
59284,Hasnon,59,3874,False,388,1836,21.1,200042190,3222,038,59526
59286,Haubourdin,59,14757,True,5720,6382,89.6,200093201,3216,004,59350
59292,Haveluy,59,3250,False,126,1040,12.1,200042190,3222,038,59172
59293,Haverskerque,59,1401,False,70,537,13.1,245900758,3205,000,62048
59295,Hazebrouck,59,21498,False,1609,8458,19.0,200040947,3219,236,59295
59299,Hem,59,18713,True,6440,7129,90.3,200093201,3218,004,59350
59301,Hergnies,59,4463,False,200,1808,11.1,245901160,3222,038,59616
59303,Herlies,59,2323,True,761,973,78.2,200093201,3216,004,59051
59305,Herzeele,59,1634,False,60,796,7.6,200040954,3213,048,59663
59309,Hondschoote,59,4026,False,84,1556,5.4,200040954,3213,048,59067
59314,Hornaing,59,3535,False,216,1437,15.0,245901152,3222,303,59574
59316,Houplin-Ancoisne,59,3275,True,1337,1523,87.8,200093201,3216,004,59350
59317,Houplines,59,7897,True,2904,3371,86.2,200093201,3216,004,59017
59297,Hélesmes,59,1921,False,120,863,13.9,200042190,3222,038,59574
59302,Hérin,59,4129,False,129,1622,7.9,200042190,3222,038,59606
59320,Illies,59,1664,True,681,855,79.6,200093201,3216,004,59051
59051,La Bassée,59,6622,True,1901,2809,67.7,200093201,3216,004,59051
59143,La Chapelle-d'Armentières,59,8719,True,3134,3720,84.3,200093201,3216,004,59017
59268,La Gorgue,59,5599,False,910,2460,37.0,245900758,3205,004,59400
59368,La Madeleine,59,22488,True,9254,10492,88.2,200093201,3216,004,59350
59564,La Sentinelle,59,3143,False,121,1038,11.6,200042190,3222,038,59606
59327,Lallaing,59,6250,False,305,2047,14.9,200044618,3212,059,59178
59328,Lambersart,59,27121,True,10750,12069,89.1,200093201,3216,004,59350
59329,Lambres-lez-Douai,59,4926,False,173,1871,9.3,200044618,3212,059,59178
59330,Landas,59,2447,False,418,1087,38.5,200041960,3216,004,59449
59332,Lannoy,59,1800,True,741,776,95.5,200093201,3218,004,59350
59334,Lauwin-Planque,59,1582,False,72,593,12.2,200044618,3212,059,59178
59180,Le Doulieu,59,1454,False,253,722,35.1,200040947,3216,004,59400
59335,Lecelles,59,3004,False,247,1240,19.9,200042190,3222,004,59526
59339,Leers,59,9588,True,3405,3881,87.7,200093201,3218,004,59350
59340,Leffrinckoucke,59,4124,False,81,1582,5.1,245900428,3213,048,59183
59343,Lesquin,59,9241,True,3750,4363,86.0,200093201,3216,004,59350
59345,Lewarde,59,2403,False,74,815,9.1,245901152,3212,059,59178
59346,Lezennes,59,3019,True,1251,1350,92.6,200093201,3216,004,59350
59348,Lieu-Saint-Amand,59,1461,False,50,621,8.0,200042190,3222,038,59574
59350,Lille,59,236710,True,87689,100190,87.5,200093201,3216,004,59350
59352,Linselles,59,8192,True,3226,3550,90.9,200093201,3218,004,59350
59356,Lompret,59,2182,True,820,945,86.8,200093201,3216,004,59350
59360,Loos,59,23013,True,8571,9374,91.4,200093201,3216,004,59350
59361,Lourches,59,3814,False,60,1127,5.3,200042190,3222,038,59172
59367,Lys-lez-Lannoy,59,13793,True,5162,5784,89.3,200093201,3218,004,59350
59369,Maing,59,4004,False,146,1695,8.6,245901160,3222,038,59606
59375,Marchiennes,59,4539,False,665,1878,35.4,245901152,3212,004,59375
59378,Marcq-en-Barœul,59,39356,True,15592,17464,89.3,200093201,3216,004,59350
59382,Maretz,59,1417,False,30,548,5.5,200030633,3208,232,59139
59383,Marly,59,12024,False,390,4317,9.0,245901160,3222,038,59606
59387,Marquette-en-Ostrevant,59,1931,False,66,732,9.0,200042190,3222,000,59574
59386,Marquette-lez-Lille,59,11213,True,4700,5119,91.8,200093201,3216,004,59350
59388,Marquillies,59,1982,True,715,892,80.1,200093201,3216,004,59653
59390,Masny,59,4056,False,123,1317,9.4,245901152,3212,059,59574
59392,Maubeuge,59,29066,False,162,7885,2.1,200043396,3217,077,59392
59399,Merris,59,1049,False,158,473,33.4,200040947,3216,004,59017
59400,Merville,59,9652,False,915,3618,25.3,245900758,3205,476,59400
59408,Moncheaux,59,1703,False,364,900,40.4,200041960,3212,004,62497
59409,Monchecourt,59,2501,False,70,936,7.4,245901152,3212,059,59574
59410,Mons-en-Barœul,59,21467,True,7501,8340,89.9,200093201,3216,004,59350
59411,Mons-en-Pévèle,59,2089,False,326,934,34.9,200041960,3216,004,62498
59414,Montigny-en-Ostrevent,59,4681,False,208,1718,12.1,245901152,3212,059,59574
59416,Morbecque,59,2509,False,122,1032,11.8,200040947,3216,236,59295
59418,Mortagne-du-Nord,59,1584,False,68,625,10.9,200042190,3222,000,59526
59419,Mouchin,59,1441,False,311,661,47.0,200041960,3216,004,59449
59421,Mouvaux,59,13173,True,4969,5449,91.2,200093201,3218,004,59350
59398,Mérignies,59,3360,False,955,1692,56.4,200041960,3216,004,59466
59401,Méteren,59,2256,False,321,1025,31.3,200040947,3216,004,59017
59423,Neuf-Berquin,59,1403,False,248,615,40.4,200040947,3216,004,59400
59426,Neuville-en-Ferrain,59,10160,True,3824,4461,85.7,200093201,3218,004,59350
59431,Nieppe,59,7606,False,2078,3194,65.1,200040947,3216,004,59017
59434,Nivelle,59,1379,False,103,607,17.0,200042190,3222,038,59526
59435,Nomain,59,2585,False,580,1199,48.3,200041960,3216,004,59449
59447,Onnaing,59,8719,False,166,2838,5.9,245901160,3222,038,59606
59449,Orchies,59,8455,False,1441,3696,39.0,200041960,3216,004,59449
59452,Ostricourt,59,5829,False,912,2125,42.9,200041960,3216,004,62498
59456,Pecquencourt,59,6232,False,265,1973,13.4,245901152,3212,059,59574
59459,Petite-Forêt,59,5058,False,222,1956,11.3,245901160,3222,038,59606
59462,Phalempin,59,4849,False,1271,2231,57.0,200041960,3216,004,59462
59466,Pont-à-Marcq,59,2883,False,814,1439,56.6,200041960,3216,004,59466
59475,Prouvy,59,2173,False,60,793,7.5,245901160,3222,038,59172
59477,Provin,59,4469,True,1522,2173,70.0,200093201,3216,004,59011
59470,Prémesques,59,2060,True,790,908,87.0,200093201,3216,004,59350
59471,Préseau,59,2065,False,50,927,5.4,245901160,3222,038,59606
59457,Pérenchies,59,8519,True,3493,3801,91.9,200093201,3216,004,59350
59458,Péronne-en-Mélantois,59,1004,True,374,451,83.0,200093201,3216,004,59350
59479,Quarouble,59,3131,False,70,1161,6.0,245901160,3222,038,59606
59482,Quesnoy-sur-Deûle,59,6920,True,2805,3054,91.8,200093201,3216,004,59350
59485,Quiévy,59,1801,False,45,778,5.8,200030633,3208,232,59139
59487,Radinghem-en-Weppes,59,1393,True,531,601,88.4,200093201,3216,004,59017
59489,Raimbeaucourt,59,4015,False,351,1559,22.5,200044618,3212,004,59178
59491,Raismes,59,12055,False,344,3855,8.9,200042190,3222,038,59606
59497,Renescure,59,2128,False,90,957,9.4,200040947,3219,096,62765
59499,Rexpoëde,59,1992,False,68,951,7.2,200040954,3213,048,59067
59501,Rieulay,59,1243,False,91,459,19.9,245901152,3212,004,59574
59502,Rieux-en-Cambrésis,59,1438,False,35,484,7.3,200068500,3208,108,59037
59507,Ronchin,59,19437,True,6949,7872,88.3,200093201,3216,004,59350
59508,Roncq,59,13784,True,5572,6156,90.5,200093201,3218,004,59350
59509,Roost-Warendin,59,5976,False,422,2264,18.7,200044618,3212,059,59178
59511,Rosult,59,1973,False,260,912,28.5,200042190,3222,004,59526
59512,Roubaix,59,98892,True,24551,27273,90.0,200093201,3218,004,59350
59519,Rumegies,59,1740,False,277,861,32.2,200042190,3222,004,59526
59486,Râches,59,2660,False,205,1091,18.8,200044618,3212,059,59178
59504,Rœulx,59,3779,False,85,1154,7.3,200042190,3222,038,59172
59522,Sailly-lez-Lannoy,59,1949,True,851,901,94.5,200093201,3218,004,59350
59523,Sainghin-en-Mélantois,59,2848,True,1150,1308,87.9,200093201,3216,004,59350
59524,Sainghin-en-Weppes,59,5641,True,2195,2560,85.7,200093201,3216,004,59653
59526,Saint-Amand-les-Eaux,59,15980,False,1147,6345,18.1,200042190,3222,004,59526
59527,Saint-André-lez-Lille,59,12942,True,5670,6299,90.0,200093201,3216,004,59350
59535,Saint-Jans-Cappel,59,1642,False,268,692,38.7,200040947,3216,004,59017
59544,Saint-Saulve,59,11117,False,347,4350,8.0,245901160,3222,038,59606
59546,Saint-Sylvestre-Cappel,59,1154,False,75,441,17.1,200040947,3213,236,59580
59550,Salomé,59,3051,True,972,1400,69.4,200093201,3216,004,59051
59551,Saméon,59,1738,False,241,722,33.4,200041960,3222,004,59526
59553,Santes,59,5660,True,2163,2508,86.3,200093201,3216,004,59350
59557,Saultain,59,2553,False,94,1154,8.2,245901160,3222,038,59606
59559,Sebourg,59,1977,False,50,822,6.1,245901160,3222,038,59606
59560,Seclin,59,12834,True,4504,5456,82.6,200093201,3216,004,59350
59566,Sequedin,59,4762,True,1677,1833,91.5,200093201,3216,004,59350
59569,Sin-le-Noble,59,15603,False,648,5312,12.2,200044618,3212,059,59178
59574,Somain,59,11790,False,615,4098,15.0,245901152,3212,303,59574
59578,Steenbecque,59,1650,False,80,751,10.6,200040947,3219,236,59295
59580,Steenvoorde,59,4324,False,358,1853,19.3,200040947,3213,650,59580
59581,Steenwerck,59,3540,False,789,1660,47.5,200040947,3216,004,59017
59585,Templemars,59,3635,True,1486,1682,88.4,200093201,3216,004,59350
59586,Templeuve-en-Pévèle,59,6705,False,1744,2964,58.8,200041960,3216,004,59466
59592,Thumeries,59,4029,False,922,1868,49.4,200041960,3216,004,62498
59594,Thun-Saint-Amand,59,1110,False,80,499,16.1,200042190,3222,004,59526
59598,Toufflers,59,3910,True,1517,1672,90.7,200093201,3218,004,59350
59599,Tourcoing,59,99011,True,32793,37242,88.1,200093201,3218,004,59350
59602,Tressin,59,1395,True,608,648,93.8,200093201,3216,004,59350
59603,Trith-Saint-Léger,59,6124,False,170,2401,7.1,200042190,3222,038,59606
59588,Téteghem-Coudekerque-Village,59,8384,False,151,3380,4.5,245900428,3213,048,59183
59606,Valenciennes,59,42991,False,1459,16244,9.0,245901160,3222,038,59606
59609,Vendeville,59,1546,True,677,778,87.0,200093201,3216,004,59350
59610,Verchain-Maugré,59,1102,False,36,455,8.0,245901160,3222,038,59606
59611,Verlinghem,59,2673,True,1074,1195,89.9,200093201,3216,004,59350
59615,Vieux-Berquin,59,2649,False,417,1199,34.7,200040947,3216,004,59400
59616,Vieux-Condé,59,10446,False,223,3514,6.3,245901160,3222,038,59616
59009,Villeneuve-d'Ascq,59,62067,True,21184,23605,89.7,200093201,3216,004,59350
59622,Villers-en-Cauchies,59,1161,False,29,423,6.8,200068500,3208,038,59037
59629,Vred,59,1311,False,145,605,23.9,245901152,3212,004,59574
59630,Wahagnies,59,2605,False,555,1128,49.2,200041960,3216,004,62498
59632,Wallers,59,5598,False,240,1966,12.2,200042190,3222,038,59172
59636,Wambrechies,59,10798,True,4548,4916,92.5,200093201,3216,004,59350
59637,Wandignies-Hamage,59,1318,False,168,667,25.1,245901152,3222,004,59375
59638,Wannehain,59,1331,False,392,621,63.0,200041960,3216,004,59168
59639,Wargnies-le-Grand,59,1101,False,48,516,9.4,200043321,3222,038,59606
59641,Warhem,59,2022,False,60,979,6.2,200040954,3213,048,59067
59646,Wasquehal,59,20836,True,8684,9494,91.5,200093201,3216,004,59350
59647,Watten,59,2577,False,50,930,5.3,200040954,3219,048,62765
59648,Wattignies,59,15531,True,5544,6275,88.3,200093201,3216,004,59350
59650,Wattrelos,59,40836,True,13237,15837,83.6,200093201,3218,004,59350
59651,Wavrechain-sous-Denain,59,1616,False,50,580,8.6,200042190,3222,038,59172
59653,Wavrin,59,7773,True,2994,3485,85.9,200093201,3216,004,59653
59654,Waziers,59,7354,False,278,2181,12.7,200044618,3212,059,59178
59656,Wervicq-Sud,59,5299,True,1910,2218,86.1,200093201,3218,004,59350
59660,Willems,59,2996,True,1093,1229,88.9,200093201,3218,004,59350
59662,Winnezeele,59,1300,False,85,588,14.4,200040947,3213,000,59580
59663,Wormhout,59,5705,False,131,2227,5.9,200040954,3213,048,59663
59185,Écaillon,59,1910,False,64,686,9.3,245901152,3212,059,59574
62004,Achicourt,62,7938,False,171,3099,5.5,200033579,3203,069,62041
62013,Agny,62,1879,False,40,747,5.3,200033579,3203,069,62041
62014,Aire-sur-la-Lys,62,9585,False,165,3370,4.9,200069037,3219,263,62014
62019,Aix-Noulette,62,3913,False,94,1487,6.3,246200364,3215,042,62498
62032,Angres,62,4842,False,95,1793,5.3,246200364,3215,042,62498
62033,Annay,62,4517,False,393,1630,24.1,246200364,3215,042,62498
62034,Annequin,62,2145,False,175,882,19.9,200072460,3205,221,59051
62035,Annezin,62,5813,False,208,2334,8.9,200072460,3205,125,62119
62037,Anzin-Saint-Aubin,62,2806,False,74,1201,6.2,200033579,3203,069,62041
62040,Arques,62,9655,False,123,3560,3.5,200069037,3219,096,62765
62041,Arras,62,42600,False,1219,16139,7.6,200033579,3203,069,62041
62042,Athies,62,1059,False,61,555,10.9,200033579,3203,069,62041
62048,Auchel,62,10062,False,183,3028,6.0,200072460,3205,156,62048
62051,Auchy-les-Mines,62,4623,False,611,1781,34.3,200072460,3215,004,59051
62065,Avion,62,17672,False,617,5933,10.4,246200364,3215,042,62498
62073,Bailleul-Sir-Berthoult,62,1430,False,65,655,9.9,200033579,3203,069,62041
62083,Barlin,62,7366,False,185,2541,7.3,200072460,3205,221,62617
62099,Beaurains,62,5515,False,124,2324,5.4,200033579,3203,069,62041
62471,Bellinghem,62,1087,False,25,447,5.7,200069037,3219,096,62014
62126,Beuvry,62,9111,False,453,3348,13.5,200072460,3205,125,62119
62128,Biache-Saint-Vaast,62,4481,False,147,1968,7.5,200044048,3203,069,59178
62132,Billy-Berclau,62,5059,False,870,2247,38.7,200072460,3215,004,62895
62133,Billy-Montigny,62,8117,False,459,2918,15.7,246200364,3215,042,62498
62160,Boulogne-sur-Mer,62,40910,False,173,14183,1.2,246200729,3206,068,62160
62164,Bourlon,62,1140,False,29,508,5.7,200044048,3208,108,59122
62170,Bouvigny-Boyeffles,62,2371,False,114,1014,11.2,246200364,3215,042,62498
62173,Brebières,62,5169,False,188,2316,8.1,200044048,3212,059,59178
62178,Bruay-la-Buissière,62,21827,False,362,7163,5.1,200072460,3205,256,62178
62181,Bucquoy,62,1480,False,35,658,5.3,200035442,3203,069,62080
62186,Bully-les-Mines,62,12221,False,332,4405,7.5,246200364,3215,042,62498
62188,Burbure,62,2819,False,71,1162,6.1,200072460,3205,156,62048
62190,Busnes,62,1245,False,30,529,5.7,200072460,3205,000,62048
62119,Béthune,62,24992,False,1163,9131,12.7,200072460,3205,125,62119
62193,Calais,62,67380,False,530,22621,2.3,200090751,3207,073,62193
62194,Calonne-Ricouart,62,5463,False,97,1777,5.4,200072460,3205,156,62048
62195,Calonne-sur-la-Lys,62,1560,False,113,685,16.5,200072460,3205,000,59400
62200,Cambrin,62,1228,False,148,566,26.1,200072460,3205,004,59051
62215,Carvin,62,17852,False,2708,6965,38.9,246200299,3215,004,62498
62224,Chocques,62,2824,False,120,1152,10.4,200072460,3205,125,62119
62240,Corbehem,62,2266,False,89,845,10.6,200044048,3212,059,59178
62249,Courcelles-lès-Lens,62,8213,False,644,2806,23.0,246200299,3215,004,62498
62250,Courrières,62,10199,False,919,3750,24.5,246200299,3215,042,62498
62262,Cuinchy,62,1754,False,224,720,31.1,200072460,3205,004,59051
62263,Dainville,62,5703,False,150,2164,6.9,200033579,3203,069,62041
62274,Dourges,62,5997,False,579,2500,23.1,246200299,3215,042,62498
62276,Douvrin,62,5795,False,1048,2543,41.2,200072460,3215,004,62895
62277,Drocourt,62,2943,False,197,1203,16.4,246200299,3215,042,62498
62279,Duisans,62,1383,False,51,629,8.1,200069482,3203,069,62041
62310,Essars,62,1755,False,108,760,14.3,200072460,3205,125,62119
62311,Estevelles,62,2024,False,298,849,35.1,246200364,3215,004,62498
62323,Fampoux,62,1219,False,46,559,8.3,200033579,3203,069,59178
62330,Festubert,62,1266,False,164,582,28.2,200072460,3205,004,59051
62331,Feuchy,62,1015,False,61,485,12.5,200033579,3203,069,62041
62338,Fleurbaix,62,2862,False,781,1286,60.7,245900758,3216,004,59017
62349,Fouquereuil,62,1632,False,61,738,8.2,200072460,3205,125,62119
62350,Fouquières-lès-Béthune,62,1115,False,29,401,7.3,200072460,3205,125,62119
62351,Fouquières-lès-Lens,62,6233,False,334,2180,15.3,246200364,3215,042,62498
62371,Givenchy-en-Gohelle,62,2026,False,87,887,9.8,246200364,3215,042,62498
62373,Givenchy-lès-la-Bassée,62,1006,False,147,418,35.2,200072460,3205,004,59051
62376,Gonnehem,62,2507,False,125,1044,12.0,200072460,3205,125,62119
62383,Gouy-sous-Bellonne,62,1396,False,92,579,15.8,200044048,3212,059,59178
62386,Grenay,62,6704,False,174,2167,8.0,246200364,3215,042,62498
62391,Guarbecque,62,1369,False,50,484,10.3,200072460,3205,263,62014
62400,Haillicourt,62,4884,False,117,1582,7.4,200072460,3205,221,62178
62401,Haisnes,62,4427,False,707,1737,40.7,200072460,3215,004,59051
62412,Hardinghen,62,1219,False,40,492,8.1,200072478,3206,068,62560
62413,Harnes,62,12317,False,717,4357,16.5,246200364,3215,042,62498
62443,Hersin-Coupigny,62,6147,False,210,2319,9.1,200072460,3205,042,62617
62452,Heuringhem,62,1379,False,31,605,5.1,200069037,3219,096,62765
62454,Hinges,62,2417,False,136,1091,12.4,200072460,3205,125,62119
62457,Houdain,62,7030,False,119,2331,5.1,200072460,3205,256,62178
62464,Hulluch,62,3367,False,313,1349,23.2,246200364,3215,042,59051
62427,Hénin-Beaumont,62,26035,False,2026,9710,20.9,246200299,3215,042,62498
62476,Izel-lès-Équerchin,62,1058,False,41,458,8.9,200044048,3215,042,59178
62252,La Couture,62,2616,False,320,1140,28.1,200072460,3205,004,62119
62479,Labeuvrière,62,1654,False,85,703,12.1,200072460,3205,125,62119
62480,Labourse,62,2894,False,165,1270,13.0,200072460,3205,221,62617
62489,Lapugnoy,62,3518,False,91,1447,6.3,200072460,3205,125,62048
62491,Laventie,62,4969,False,998,1994,50.0,245900758,3216,004,59400
62497,Leforest,62,7179,False,657,2706,24.3,246200299,3212,004,62497
62498,Lens,62,32618,False,1145,10349,11.1,246200364,3215,042,62498
62502,Lestrem,62,5073,False,624,2281,27.4,245900758,3205,004,59400
62907,Libercourt,62,8138,False,1103,2621,42.1,246200299,3215,004,62498
62516,Lillers,62,9988,False,183,3603,5.1,200072460,3205,156,62048
62510,Liévin,62,30149,False,833,9885,8.4,246200364,3215,042,62498
62520,Locon,62,2342,False,234,1075,21.7,200072460,3205,125,62119
62523,Loison-sous-Lens,62,5255,False,247,1868,13.2,246200364,3215,042,62498
62525,Longuenesse,62,10568,False,138,3137,4.4,200069037,3219,096,62765
62528,Loos-en-Gohelle,62,6896,False,327,2530,12.9,246200364,3215,042,62498
62529,Lorgies,62,1609,False,377,824,45.8,200072460,3216,004,59051
62540,Maisnil-lès-Ruitz,62,1691,False,77,776,9.9,200072460,3205,221,62617
62543,Mametz,62,1998,False,45,753,5.9,200069037,3219,096,62014
62557,Marœuil,62,2441,False,76,1071,7.1,200033579,3203,069,62041
62563,Mazingarbe,62,8068,False,286,2873,9.9,246200364,3215,042,62498
62573,Meurchin,62,3717,False,566,1557,36.4,246200364,3215,004,62895
62584,Mont-Bernanchon,62,1316,False,44,566,7.8,200072460,3205,125,62119
62587,Montigny-en-Gohelle,62,9870,False,660,3109,21.2,246200299,3215,042,62498
62570,Méricourt,62,11431,False,399,3733,10.7,246200364,3215,042,62498
62606,Neuve-Chapelle,62,1419,False,348,727,47.9,200072460,3216,004,59051
62609,Neuville-Saint-Vaast,62,1603,False,49,674,7.3,200033579,3203,069,62041
62620,Norrent-Fontes,62,1362,False,34,520,6.6,200072460,3205,263,62048
62624,Noyelles-Godault,62,5906,False,400,2207,18.1,246200299,3215,042,62498
62626,Noyelles-lès-Vermelles,62,2294,False,146,801,18.3,200072460,3215,042,62498
62628,Noyelles-sous-Lens,62,6659,False,244,2309,10.5,246200364,3215,042,62498
62617,Nœux-les-Mines,62,11520,False,276,3982,6.9,200072460,3205,221,62617
62637,Oignies,62,10210,False,1094,3466,31.6,246200299,3215,004,62498
62638,Oisy-le-Verger,62,1188,False,30,525,5.6,200044048,3212,059,59015
62666,Pont-à-Vendin,62,3136,False,401,1382,29.0,246200364,3215,004,62498
62684,Racquinghem,62,2214,False,93,1000,9.3,200069037,3219,096,62014
62693,Rebreuve-Ranchicourt,62,1071,False,40,513,7.8,200072460,3205,000,62178
62706,Richebourg,62,2618,False,524,1139,46.0,200072460,3205,004,62119
62712,Rivière,62,1124,False,31,464,6.7,200033579,3203,069,62041
62713,Robecq,62,1329,False,73,549,13.3,200072460,3205,000,62048
62724,Rouvroy,62,8797,False,397,3161,12.6,246200299,3215,042,62498
62727,Ruitz,62,1509,False,60,660,9.0,200072460,3205,221,62617
62718,Rœux,62,1390,False,100,626,16.0,200033579,3203,069,59178
62735,Sailly-Labourse,62,2577,False,132,1054,12.5,200072460,3205,221,62617
62736,Sailly-sur-la-Lys,62,3883,False,938,1613,58.2,245900758,3216,004,59400
62737,Sains-en-Gohelle,62,5995,False,193,2324,8.3,246200364,3215,042,62498
62753,Saint-Laurent-Blangy,62,6507,False,157,2821,5.6,200033579,3203,069,62041
62764,Saint-Nicolas,62,4603,False,108,1734,6.2,200033579,3203,069,62041
62765,Saint-Omer,62,14661,False,237,5416,4.4,200069037,3219,096,62765
62770,Saint-Venant,62,3022,False,111,1061,10.5,200072460,3205,674,62048
62744,Sainte-Catherine,62,3594,False,127,1404,9.1,200033579,3203,069,62041
62771,Sallaumines,62,9650,False,383,2635,14.5,246200364,3215,042,62498
62793,Servins,62,1134,False,75,541,13.9,246200364,3215,042,62617
62801,Souchez,62,2658,False,96,1154,8.3,246200364,3215,042,62498
62810,Thélus,62,1271,False,69,631,10.9,200033579,3203,069,62861
62817,Tilloy-lès-Mofflaines,62,1519,False,34,631,5.4,200033579,3203,069,62041
62836,Vaudricourt,62,1104,False,34,494,6.8,200072460,3205,125,62119
62842,Vendin-le-Vieil,62,8381,False,647,3270,19.8,246200364,3215,042,62498
62841,Vendin-lès-Béthune,62,2393,False,78,907,8.6,200072460,3205,125,62119
62846,Vermelles,62,4748,False,355,1964,18.1,200072460,3215,042,62498
62847,Verquigneul,62,2016,False,109,835,13.0,200072460,3205,125,62119
62848,Verquin,62,3459,False,114,1376,8.3,200072460,3205,125,62119
62861,Vimy,62,4307,False,146,1828,8.0,246200364,3215,042,62861
62863,Violaines,62,3831,False,802,1783,45.0,200072460,3216,004,59051
62865,Vitry-en-Artois,62,4787,False,183,2009,9.1,200044048,3212,059,59178
62869,Wailly,62,1081,False,35,446,7.8,200033579,3203,069,62041
62875,Wardrecques,62,1346,False,30,556,5.4,200069037,3219,096,62765
62895,Wingles,62,8742,False,920,3345,27.5,246200364,3215,042,62895
62905,Zudausques,62,1040,False,27,514,5.2,246201016,3219,096,62765
62284,Écourt-Saint-Quentin,62,1691,False,45,636,7.0,200044048,3212,059,59015
62291,Éleu-dit-Leauwette,62,2829,False,164,1033,15.9,246200364,3215,042,62498
62321,Évin-Malmaison,62,4674,False,494,1739,28.4,246200299,3215,004,62497
