code_insee,commune,dep,PMUN,dans_MEL,acces_supermarche_moy_min,acces_supermarche_min_min,acces_epicerie_moy_min,acces_epicerie_min_min,acces_boulangerie_moy_min,acces_boulangerie_min_min,acces_boucherie_moy_min,acces_boucherie_min_min,acces_poste_moy_min,acces_poste_min_min,acces_decheterie_moy_min,acces_decheterie_min_min,commerces_essentiels_sur_place,n_resto,resto_pour_1000hab
59002,Abscon,59,4203,False,2.1,1.0,1.6,1.0,5.2,3.2,5.2,3.3,1.7,1.0,4.1,2.1,5,5,1.19
59004,Aix-en-Pévèle,59,1358,False,8.1,4.9,5.9,2.5,5.0,2.7,4.6,2.9,6.2,3.2,11.5,8.3,0,0,0.0
59005,Allennes-les-Marais,59,3567,True,2.8,1.0,1.6,1.0,1.9,1.0,1.7,1.0,2.0,1.0,2.9,1.0,5,3,0.84
59008,Aniche,59,9997,False,2.0,1.0,1.4,1.0,1.4,1.0,1.5,1.0,2.4,1.0,4.0,1.0,7,19,1.9
59011,Annœullin,59,10780,True,2.4,1.0,2.5,1.0,1.9,1.0,1.8,1.0,2.2,1.0,3.2,1.0,7,11,1.02
59013,Anstaing,59,1601,True,5.0,3.2,4.0,2.2,2.7,1.0,4.0,2.2,3.6,1.8,14.1,12.2,1,3,1.87
59014,Anzin,59,13422,False,2.3,1.0,1.7,1.0,1.5,1.0,1.6,1.0,2.3,1.0,6.0,3.4,7,30,2.24
59015,Arleux,59,3151,False,3.3,1.0,6.8,3.3,2.3,1.0,12.5,10.1,2.4,1.0,3.6,1.0,6,4,1.27
59017,Armentières,59,25581,True,1.9,1.0,1.5,1.0,1.6,1.0,1.9,1.0,2.9,1.0,6.3,3.2,7,78,3.05
59018,Arnèke,59,1561,False,7.4,4.2,7.3,3.9,1.4,1.0,1.5,1.0,1.6,1.0,2.6,1.0,5,3,1.92
59019,Artres,59,1064,False,7.0,5.8,1.3,1.0,5.4,2.9,7.7,6.3,1.3,1.0,4.1,2.9,3,4,3.76
59022,Attiches,59,2238,False,7.4,4.2,4.8,1.9,1.8,1.0,2.1,1.0,1.5,1.0,9.8,6.2,3,6,2.68
59024,Auberchicourt,59,4626,False,2.2,1.0,2.5,1.1,1.6,1.0,2.4,1.0,1.8,1.0,5.2,3.6,5,5,1.08
59025,Aubers,59,1722,True,6.4,4.1,1.8,1.0,2.0,1.0,1.7,1.0,1.8,1.0,6.0,2.7,5,2,1.16
59026,Aubigny-au-Bac,59,1159,False,2.3,1.0,5.2,3.7,1.4,1.0,14.8,11.7,1.4,1.0,8.7,6.7,4,4,3.45
59027,Aubry-du-Hainaut,59,1726,False,3.2,1.4,2.2,1.0,1.4,1.0,4.2,2.2,2.8,1.0,7.0,5.2,1,4,2.32
59028,Auby,59,7188,False,4.2,1.0,1.9,1.0,1.7,1.0,1.7,1.0,2.2,1.0,7.6,3.2,7,5,0.7
59029,Auchy-lez-Orchies,59,1486,False,6.4,4.2,4.3,2.3,2.2,1.0,5.0,3.0,5.3,3.4,6.8,4.4,1,3,2.02
59032,Aulnoy-lez-Valenciennes,59,7183,False,2.0,1.0,1.8,1.0,1.8,1.0,1.8,1.0,2.3,1.0,6.2,4.2,7,10,1.39
59034,Avelin,59,2600,False,3.3,1.0,2.5,1.0,2.4,1.0,2.9,1.0,2.3,1.0,8.7,5.8,6,10,3.85
59038,Avesnes-le-Sec,59,1447,False,6.4,5.2,1.1,1.0,5.9,4.6,7.3,6.0,1.2,1.0,8.2,5.6,3,0,0.0
59042,Bachy,59,1883,False,6.0,4.3,6.9,5.2,3.5,1.8,7.2,5.6,2.8,1.0,12.4,10.0,1,1,0.53
59043,Bailleul,59,14869,False,2.7,1.0,5.9,1.4,2.1,1.0,2.9,1.0,3.1,1.0,6.5,1.0,6,32,2.15
59044,Baisieux,59,5177,True,1.8,1.0,2.6,1.0,1.6,1.0,1.6,1.0,2.3,1.0,15.2,12.5,7,9,1.74
59052,Bauvin,59,4999,True,2.0,1.0,2.0,1.0,1.5,1.0,1.9,1.0,1.6,1.0,8.1,6.5,6,1,0.2
59054,Bavinchove,59,1046,False,6.0,4.3,4.8,3.1,1.5,1.0,1.6,1.0,5.2,3.5,10.0,6.9,1,2,1.91
59064,Bellaing,59,1329,False,2.3,1.0,2.9,1.3,2.9,1.0,1.6,1.0,3.3,2.0,7.7,6.3,4,0,0.0
59071,Bersée,59,2296,False,3.2,1.0,2.0,1.0,3.9,1.0,4.1,1.0,2.0,1.0,10.9,8.7,3,5,2.18
59079,Beuvrages,59,6784,False,2.1,1.0,1.6,1.0,1.6,1.0,1.6,1.0,2.1,1.0,3.6,1.0,6,4,0.59
59080,Beuvry-la-Forêt,59,2834,False,3.2,1.0,7.8,3.2,3.0,1.0,4.7,1.0,2.8,1.0,9.7,5.4,5,6,2.12
59082,Bierne,59,1772,False,4.0,1.8,4.5,2.1,1.7,1.0,4.2,1.4,4.9,2.7,2.9,1.0,1,2,1.13
59084,Blaringhem,59,2043,False,2.2,1.0,8.0,2.8,1.9,1.0,6.6,1.8,2.3,1.0,6.3,2.3,4,2,0.98
59086,Boeschepe,59,2179,False,11.7,7.4,12.6,8.1,2.9,1.0,2.8,1.0,3.0,1.0,11.0,6.2,4,5,2.29
59088,Bois-Grenier,59,1793,True,5.7,2.6,5.5,2.7,1.4,1.0,1.4,1.0,5.8,3.1,5.3,2.2,3,5,2.79
59089,Bollezeele,59,1423,False,2.9,1.0,6.5,3.4,1.7,1.0,2.8,1.0,1.6,1.0,6.8,1.9,7,3,2.11
59090,Bondues,59,9713,True,3.3,1.0,3.0,1.0,2.4,1.0,3.0,1.0,3.5,1.0,9.2,4.7,7,35,3.6
59094,Bourbourg,59,7023,False,1.5,1.0,5.0,1.0,1.5,1.0,1.5,1.0,1.7,1.0,7.6,3.4,6,13,1.85
59096,Bourghelles,59,1673,False,3.6,1.9,4.5,2.8,2.2,1.0,4.9,3.2,4.0,1.7,10.6,9.1,2,3,1.79
59098,Bousbecque,59,4847,True,2.7,1.0,5.5,3.2,1.6,1.0,2.1,1.0,2.1,1.0,3.1,1.0,6,5,1.03
59105,Bouvignies,59,1548,False,7.6,4.5,7.8,4.7,6.2,3.5,7.8,4.5,6.6,3.9,9.0,6.1,0,0,0.0
59112,Bruay-sur-l'Escaut,59,11309,False,2.4,1.0,1.7,1.0,1.7,1.0,2.3,1.0,2.9,1.0,6.7,2.3,7,15,1.33
59114,Bruille-Saint-Amand,59,1682,False,7.2,5.2,7.0,4.4,2.6,1.0,2.7,1.0,5.7,3.1,8.0,5.7,3,3,1.78
59113,Bruille-lez-Marchiennes,59,1350,False,5.4,2.2,3.8,2.4,4.5,3.2,5.2,3.5,1.2,1.0,6.7,4.5,1,1,0.74
59117,Bugnicourt,59,1074,False,1.7,1.0,4.8,3.8,5.0,3.1,10.0,9.0,4.8,3.1,5.6,4.2,1,0,0.0
59122,Cambrai,59,31425,False,2.3,1.0,2.2,1.0,1.7,1.0,2.4,1.0,2.2,1.0,4.5,1.0,7,121,3.85
59123,Camphin-en-Carembault,59,1714,False,5.4,3.2,4.9,3.1,1.9,1.0,5.3,2.9,1.9,1.0,9.3,4.9,3,1,0.58
59124,Camphin-en-Pévèle,59,2501,False,5.1,1.9,2.3,1.0,2.0,1.0,4.8,1.6,7.3,4.1,16.8,14.4,2,3,1.2
59126,Cantin,59,1770,False,5.2,2.9,1.4,1.0,7.0,3.8,7.5,4.7,1.5,1.0,5.0,2.9,3,1,0.56
59128,Capinghem,59,2474,True,3.0,1.0,4.5,2.7,2.6,1.0,2.4,1.0,4.2,2.3,10.6,7.8,3,6,2.43
59129,Cappelle-en-Pévèle,59,2262,False,4.0,1.5,4.7,2.7,2.0,1.0,2.0,1.0,2.2,1.0,9.1,6.8,4,3,1.33
59133,Carnin,59,1076,True,4.2,2.8,3.8,2.4,3.9,2.5,4.0,2.6,4.2,2.8,5.0,3.5,0,1,0.93
59135,Cassel,59,2227,False,2.4,1.0,2.1,1.0,2.0,1.0,4.6,2.2,2.4,1.0,10.2,6.7,6,14,6.29
59120,Caëstre,59,2006,False,1.7,1.0,6.2,3.8,1.4,1.0,1.8,1.0,1.8,1.0,9.4,7.9,5,5,2.49
59146,Chéreng,59,3001,True,5.0,2.3,1.9,1.0,1.5,1.0,2.0,1.0,2.4,1.0,15.1,13.5,5,1,0.33
59152,Comines,59,12671,True,2.9,1.0,2.3,1.0,1.7,1.0,2.3,1.0,3.0,1.0,9.8,5.5,7,12,0.95
59153,Condé-sur-l'Escaut,59,9396,False,2.3,1.0,3.8,1.0,1.9,1.0,2.3,1.0,3.1,1.0,4.6,1.0,7,24,2.55
59155,Coudekerque-Branche,59,20765,False,1.8,1.0,1.5,1.0,1.1,1.0,1.3,1.0,2.3,1.0,5.0,1.0,7,27,1.3
59156,Courchelettes,59,2881,False,1.6,1.0,3.4,1.1,1.5,1.0,3.3,1.1,2.7,1.0,9.7,7.1,3,2,0.69
59158,Coutiches,59,3246,False,6.7,3.5,3.0,1.0,2.5,1.0,2.9,1.0,3.1,1.0,9.0,5.2,6,2,0.62
59163,Croix,59,20778,True,1.7,1.0,1.3,1.0,1.4,1.0,1.8,1.0,1.8,1.0,8.0,5.0,7,43,2.07
59165,Cuincy,59,6472,False,1.8,1.0,2.7,1.0,2.0,1.0,4.3,2.2,2.6,1.0,6.1,1.2,6,11,1.7
59166,Curgies,59,1347,False,5.1,4.0,1.2,1.0,2.9,1.7,2.7,1.5,1.2,1.0,10.2,9.0,2,1,0.74
59168,Cysoing,59,4722,False,2.4,1.0,1.8,1.0,1.7,1.0,1.9,1.0,2.1,1.0,7.6,3.0,7,17,3.6
59170,Dechy,59,5351,False,2.1,1.0,1.9,1.0,1.8,1.0,2.0,1.0,1.9,1.0,6.5,4.3,5,7,1.31
59172,Denain,59,20640,False,2.7,1.0,1.4,1.0,1.9,1.0,2.4,1.0,2.8,1.0,4.6,2.4,7,61,2.96
59173,Deûlémont,59,1819,True,2.7,1.0,4.7,2.8,4.8,1.0,2.5,1.0,4.2,1.6,8.2,3.8,1,2,1.1
59670,Don,59,1412,True,4.4,2.9,1.6,1.0,2.7,1.8,3.8,2.3,1.8,1.0,5.7,3.9,3,2,1.42
59178,Douai,59,39648,False,2.0,1.0,1.7,1.0,1.8,1.0,2.5,1.0,2.6,1.0,7.6,3.0,7,144,3.63
59179,Douchy-les-Mines,59,10207,False,2.0,1.0,4.0,1.0,1.5,1.0,1.6,1.0,2.0,1.0,4.0,1.0,6,10,0.98
59183,Dunkerque,59,86788,False,1.6,1.0,1.8,1.0,1.4,1.0,1.4,1.0,1.9,1.0,5.6,1.0,7,327,3.77
59189,Eecke,59,1221,False,3.6,1.5,8.2,5.6,3.0,1.0,1.4,1.0,3.9,1.8,6.2,3.3,1,2,1.64
59193,Emmerin,59,3053,True,1.6,1.0,4.6,2.4,1.6,1.0,5.9,3.7,2.0,1.0,8.9,5.9,4,2,0.66
59196,Ennetières-en-Weppes,59,1293,True,5.9,2.7,3.4,1.0,3.5,1.0,4.8,1.0,5.7,2.3,7.7,3.6,3,4,3.09
59197,Ennevelin,59,2356,False,6.0,1.6,5.0,2.6,4.8,1.0,6.1,2.1,5.4,1.9,10.8,6.1,2,2,0.85
59202,Erquinghem-Lys,59,5356,True,2.3,1.0,4.2,2.0,1.7,1.0,2.1,1.0,2.1,1.0,5.3,3.3,5,11,2.05
59203,Erre,59,1574,False,2.3,1.0,1.3,1.0,1.4,1.0,2.3,1.0,1.4,1.0,3.5,1.0,3,2,1.27
59205,Escaudain,59,9253,False,1.7,1.0,1.7,1.0,1.9,1.0,2.1,1.0,2.2,1.0,6.0,2.1,7,9,0.97
59207,Escautpont,59,4152,False,3.0,1.0,2.1,1.0,1.5,1.0,4.2,1.9,2.6,1.0,8.1,6.0,5,3,0.72
59210,Esquelbecq,59,2134,False,4.2,2.3,1.5,1.0,1.5,1.0,1.4,1.0,1.6,1.0,7.2,4.3,5,5,2.34
59212,Estaires,59,6496,False,2.0,1.0,1.6,1.0,1.5,1.0,1.7,1.0,1.9,1.0,4.5,1.0,7,9,1.39
59214,Estrées,59,1116,False,5.1,3.8,1.4,1.0,5.6,4.3,8.1,5.8,5.4,3.9,8.6,7.3,1,0,0.0
59220,Faches-Thumesnil,59,18110,True,2.1,1.0,1.7,1.0,1.8,1.0,1.9,1.0,2.7,1.0,6.3,2.4,7,39,2.15
59221,Famars,59,2475,False,1.7,1.0,3.5,1.3,1.7,1.0,3.3,1.2,4.0,2.2,3.4,1.0,3,3,1.21
59222,Faumont,59,2251,False,4.7,2.6,5.5,3.2,2.6,1.0,2.5,1.0,2.6,1.0,10.4,6.7,3,5,2.22
59227,Fenain,59,5529,False,1.8,1.0,1.9,1.0,1.8,1.0,1.8,1.0,1.7,1.0,5.4,3.4,7,4,0.72
59234,Flers-en-Escrebieux,59,5642,False,3.2,1.2,2.2,1.0,1.8,1.0,2.6,1.0,2.2,1.0,7.0,3.8,6,15,2.66
59239,Flines-lez-Raches,59,5610,False,3.2,1.0,2.6,1.0,2.9,1.0,2.9,1.0,4.2,1.0,11.5,6.2,7,8,1.43
59238,Flines-lès-Mortagne,59,1649,False,4.6,1.1,12.7,7.4,10.3,4.1,10.3,4.1,4.8,1.5,6.3,2.6,1,5,3.03
59244,Fontaine-Notre-Dame,59,1763,False,5.6,1.7,3.9,2.2,1.4,1.0,6.7,2.8,6.4,3.5,6.7,1.7,2,4,2.27
59247,Forest-sur-Marque,59,1659,True,5.0,3.9,5.8,4.8,1.4,1.0,1.8,1.0,5.7,4.4,10.0,8.9,3,4,2.41
59250,Fournes-en-Weppes,59,2190,True,3.1,1.0,5.8,3.5,2.0,1.0,5.3,3.2,1.8,1.0,6.1,3.7,5,5,2.28
59252,Frelinghien,59,2581,True,5.3,3.2,2.1,1.0,1.9,1.0,4.6,1.0,2.1,1.0,8.2,4.5,4,2,0.77
59253,Fresnes-sur-Escaut,59,7486,False,3.9,1.0,1.9,1.0,1.7,1.0,2.5,1.0,2.8,1.0,6.9,3.2,7,10,1.34
59256,Fretin,59,3227,True,7.9,2.4,2.0,1.0,1.9,1.0,7.6,3.9,2.5,1.0,11.5,8.8,5,11,3.41
59257,Fromelles,59,1076,True,4.5,2.0,4.5,2.5,4.0,2.0,3.9,2.0,4.4,2.6,3.3,1.0,0,1,0.93
59224,Féchain,59,1658,False,1.6,1.0,8.4,6.9,1.5,1.0,10.7,8.8,1.5,1.0,10.8,7.9,4,2,1.21
59228,Férin,59,1447,False,4.3,1.7,3.4,1.0,4.5,2.1,4.6,2.1,5.1,2.4,10.5,7.9,4,10,6.91
59258,Genech,59,2825,False,8.8,5.4,2.3,1.0,2.0,1.0,6.9,4.5,1.7,1.0,4.4,1.6,4,4,1.42
59260,Ghyvelde,59,4119,False,3.8,1.0,2.4,1.0,2.5,1.0,2.3,1.0,2.4,1.0,3.8,1.0,5,8,1.94
59262,Godewaersvelde,59,2053,False,7.1,4.1,10.8,7.6,1.6,1.0,1.9,1.0,1.8,1.0,6.1,2.6,4,12,5.85
59265,Gommegnies,59,2300,False,9.1,2.6,2.9,1.0,3.6,1.0,9.3,2.6,4.1,1.0,9.8,3.4,4,4,1.74
59266,Gondecourt,59,4050,False,2.0,1.0,2.0,1.0,2.1,1.0,2.0,1.0,2.2,1.0,7.4,4.9,6,5,1.23
59271,Grande-Synthe,59,20331,False,1.9,1.0,1.6,1.0,1.3,1.0,1.5,1.0,2.0,1.0,6.2,1.0,7,32,1.57
59275,Gruson,59,1237,True,6.3,2.7,5.6,4.0,5.5,4.3,5.2,3.8,5.8,3.3,14.1,10.6,0,2,1.62
59276,Guesnain,59,4656,False,1.8,1.0,1.8,1.0,1.7,1.0,2.8,1.0,1.6,1.0,7.6,5.5,5,6,1.29
59263,Gœulzin,59,1042,False,5.3,2.9,4.3,2.1,5.6,3.3,5.6,3.3,5.0,2.6,9.3,7.1,0,1,0.96
59278,Hallennes-lez-Haubourdin,59,4718,True,2.6,1.0,4.1,1.6,2.4,1.0,3.0,1.0,3.7,1.4,8.9,6.9,3,16,3.39
59279,Halluin,59,20829,True,1.5,1.0,2.2,1.0,1.6,1.0,2.1,1.0,2.3,1.0,3.9,1.0,6,32,1.54
59281,Hantay,59,1259,True,6.5,4.6,4.4,2.5,4.5,2.8,5.7,3.8,4.1,3.1,7.9,5.8,0,2,1.59
59284,Hasnon,59,3874,False,2.6,1.0,7.6,4.3,1.9,1.0,6.3,4.1,2.8,1.0,6.0,3.4,4,5,1.29
59286,Haubourdin,59,14757,True,1.9,1.0,2.0,1.0,1.7,1.0,2.2,1.0,2.2,1.0,8.8,5.8,7,18,1.22
59292,Haveluy,59,3250,False,1.2,1.0,1.3,1.0,2.5,1.0,3.9,1.8,1.6,1.0,2.4,1.1,4,5,1.54
59293,Haverskerque,59,1401,False,5.3,1.8,7.1,4.4,2.0,1.0,6.7,3.9,4.2,1.2,5.3,2.5,1,2,1.43
59295,Hazebrouck,59,21498,False,2.0,1.0,2.0,1.0,1.6,1.0,1.7,1.0,2.4,1.0,4.4,1.0,7,48,2.23
59299,Hem,59,18713,True,2.2,1.0,2.4,1.0,1.4,1.0,1.9,1.0,2.5,1.0,7.8,5.3,7,16,0.86
59301,Hergnies,59,4463,False,7.4,3.5,4.5,1.0,2.3,1.0,2.3,1.0,2.9,1.0,9.1,5.2,4,3,0.67
59303,Herlies,59,2323,True,6.0,4.0,5.2,2.5,1.6,1.0,1.5,1.0,4.5,2.6,5.0,2.7,3,4,1.72
59305,Herzeele,59,1634,False,1.8,1.0,6.5,3.6,1.5,1.0,6.3,3.5,1.7,1.0,5.0,1.4,4,3,1.84
59309,Hondschoote,59,4026,False,2.0,1.0,2.5,1.0,1.5,1.0,2.0,1.0,2.0,1.0,3.3,1.0,7,6,1.49
59314,Hornaing,59,3535,False,1.7,1.0,2.7,1.0,1.7,1.0,1.7,1.0,1.7,1.0,4.6,1.4,6,4,1.13
59316,Houplin-Ancoisne,59,3275,True,3.4,1.0,6.8,3.0,1.9,1.0,6.0,2.9,3.1,1.0,6.8,3.5,4,1,0.31
59317,Houplines,59,7897,True,2.6,1.0,1.7,1.0,2.7,1.0,3.1,1.0,2.1,1.0,9.0,4.5,5,5,0.63
59297,Hélesmes,59,1921,False,3.3,1.1,2.0,1.0,3.4,1.2,3.2,1.0,1.7,1.0,7.2,5.1,3,1,0.52
59302,Hérin,59,4129,False,5.0,2.0,4.9,1.0,2.0,1.0,1.4,1.0,2.0,1.0,3.4,1.0,4,4,0.97
59320,Illies,59,1664,True,2.0,1.0,6.1,2.6,5.6,2.0,5.6,2.8,1.8,1.0,6.1,3.4,2,2,1.2
59051,La Bassée,59,6622,True,2.0,1.0,1.7,1.0,1.7,1.0,2.0,1.0,2.0,1.0,8.1,6.3,7,23,3.47
59143,La Chapelle-d'Armentières,59,8719,True,2.2,1.0,3.4,1.0,1.5,1.0,2.1,1.0,3.0,1.0,6.0,2.0,7,14,1.61
59268,La Gorgue,59,5599,False,2.0,1.0,2.7,1.0,1.9,1.0,2.0,1.0,2.3,1.0,5.7,1.0,6,10,1.79
59368,La Madeleine,59,22488,True,1.5,1.0,1.3,1.0,1.4,1.0,1.6,1.0,2.1,1.0,3.5,1.0,7,57,2.53
59564,La Sentinelle,59,3143,False,2.5,1.0,1.7,1.0,1.6,1.0,1.4,1.0,1.7,1.0,6.3,4.2,7,12,3.82
59327,Lallaing,59,6250,False,3.1,1.0,2.1,1.0,2.0,1.0,3.5,1.0,2.3,1.0,6.0,2.5,7,8,1.28
59328,Lambersart,59,27121,True,1.7,1.0,1.9,1.0,1.6,1.0,1.8,1.0,1.7,1.0,7.6,4.4,7,39,1.44
59329,Lambres-lez-Douai,59,4926,False,2.0,1.0,2.6,1.0,2.1,1.0,2.2,1.0,2.3,1.0,8.0,2.1,7,16,3.25
59330,Landas,59,2447,False,4.7,1.4,7.7,2.3,2.8,1.0,2.8,1.0,2.9,1.0,10.1,5.1,4,2,0.82
59332,Lannoy,59,1800,True,1.3,1.0,1.2,1.0,1.1,1.0,1.2,1.0,1.3,1.0,6.6,5.8,6,6,3.33
59334,Lauwin-Planque,59,1582,False,3.0,1.0,3.6,1.9,2.5,1.0,2.1,1.0,3.3,1.5,7.5,5.3,3,2,1.26
59180,Le Doulieu,59,1454,False,8.7,5.1,6.2,2.0,6.7,2.2,2.4,1.0,7.8,2.0,5.8,1.0,1,2,1.38
59335,Lecelles,59,3004,False,6.2,1.7,2.6,1.0,2.6,1.0,2.6,1.0,2.9,1.0,7.7,4.1,5,4,1.33
59339,Leers,59,9588,True,3.6,1.0,1.6,1.0,1.5,1.0,1.7,1.0,2.5,1.0,5.0,1.6,7,16,1.67
59340,Leffrinckoucke,59,4124,False,1.9,1.0,4.7,3.1,2.3,1.0,2.2,1.0,2.1,1.0,7.7,5.0,5,9,2.18
59343,Lesquin,59,9241,True,2.1,1.0,5.3,2.4,2.5,1.0,3.0,1.0,2.2,1.0,8.9,7.2,7,41,4.44
59345,Lewarde,59,2403,False,2.6,1.2,2.1,1.0,1.3,1.0,4.3,2.8,1.3,1.0,8.2,6.6,4,3,1.25
59346,Lezennes,59,3019,True,2.7,1.0,4.5,2.4,1.5,1.0,5.4,3.5,1.4,1.0,6.7,5.0,5,64,21.2
59348,Lieu-Saint-Amand,59,1461,False,2.6,1.0,6.0,3.9,1.5,1.0,2.7,1.0,4.2,1.7,4.1,1.8,2,3,2.05
59350,Lille,59,236710,True,1.6,1.0,1.4,1.0,1.4,1.0,2.0,1.0,2.1,1.0,5.7,1.0,7,1634,6.9
59352,Linselles,59,8192,True,2.4,1.0,3.6,1.0,1.8,1.0,2.0,1.0,2.2,1.0,7.1,4.3,6,8,0.98
59356,Lompret,59,2182,True,3.7,1.4,3.1,1.0,2.2,1.0,5.0,2.1,3.4,1.7,11.3,8.4,2,1,0.46
59360,Loos,59,23013,True,1.7,1.0,2.0,1.0,1.8,1.0,2.7,1.0,1.8,1.0,5.6,3.1,7,63,2.74
59361,Lourches,59,3814,False,2.4,1.0,1.3,1.0,1.4,1.0,4.2,3.0,1.5,1.0,3.7,1.5,5,5,1.31
59367,Lys-lez-Lannoy,59,13793,True,2.0,1.0,1.8,1.0,1.4,1.0,1.5,1.0,2.4,1.0,5.6,2.9,7,28,2.03
59369,Maing,59,4004,False,2.5,1.0,1.9,1.0,4.5,1.0,1.9,1.0,1.7,1.0,6.3,1.0,6,5,1.25
59375,Marchiennes,59,4539,False,2.5,1.0,7.2,3.7,2.0,1.0,7.4,3.1,2.2,1.0,4.1,1.0,6,10,2.2
59378,Marcq-en-Barœul,59,39356,True,2.0,1.0,1.7,1.0,1.5,1.0,1.8,1.0,2.2,1.0,5.1,1.6,7,108,2.74
59382,Maretz,59,1417,False,11.5,9.0,1.4,1.0,1.4,1.0,1.4,1.0,1.4,1.0,8.2,6.3,3,0,0.0
59383,Marly,59,12024,False,2.1,1.0,2.3,1.0,1.9,1.0,1.8,1.0,2.4,1.0,7.3,4.8,7,11,0.91
59387,Marquette-en-Ostrevant,59,1931,False,6.2,4.0,1.2,1.0,1.3,1.0,7.1,5.1,1.2,1.0,10.7,8.7,4,1,0.52
59386,Marquette-lez-Lille,59,11213,True,1.6,1.0,2.1,1.0,1.7,1.0,2.2,1.0,2.4,1.0,4.4,1.0,7,23,2.05
59388,Marquillies,59,1982,True,4.9,3.4,5.7,4.7,2.8,1.0,5.9,3.8,1.4,1.0,3.1,1.0,3,2,1.01
59390,Masny,59,4056,False,2.3,1.0,1.7,1.0,2.2,1.0,5.2,3.5,2.1,1.0,7.1,4.0,5,7,1.73
59392,Maubeuge,59,29066,False,2.0,1.0,1.9,1.0,1.6,1.0,2.0,1.0,2.0,1.0,5.3,1.1,7,72,2.48
59399,Merris,59,1049,False,8.6,5.0,4.5,1.0,2.8,1.0,8.8,4.3,5.1,2.1,11.1,8.3,2,3,2.86
59400,Merville,59,9652,False,2.4,1.0,2.8,1.0,1.9,1.0,2.6,1.0,2.7,1.0,5.3,1.0,7,23,2.38
59408,Moncheaux,59,1703,False,4.0,2.4,4.0,2.0,3.3,1.8,1.7,1.0,1.5,1.0,4.2,2.2,3,3,1.76
59409,Monchecourt,59,2501,False,5.9,3.1,2.1,1.0,1.7,1.0,7.4,5.6,1.7,1.0,10.6,8.5,4,1,0.4
59410,Mons-en-Barœul,59,21467,True,1.9,1.0,1.4,1.0,1.3,1.0,1.9,1.0,2.0,1.0,4.2,2.2,7,23,1.07
59411,Mons-en-Pévèle,59,2089,False,2.9,1.0,4.9,2.1,2.4,1.0,2.4,1.0,2.6,1.0,7.1,1.8,5,4,1.91
59414,Montigny-en-Ostrevent,59,4681,False,1.9,1.0,3.1,1.0,3.0,1.0,4.0,2.0,2.5,1.0,3.2,1.6,5,5,1.07
59416,Morbecque,59,2509,False,7.0,2.5,4.1,1.0,3.6,1.0,6.9,2.3,3.8,1.0,4.7,1.0,3,4,1.59
59418,Mortagne-du-Nord,59,1584,False,1.3,1.0,9.5,6.8,7.8,4.9,7.8,4.9,1.5,1.0,2.1,1.0,3,4,2.53
59419,Mouchin,59,1441,False,8.2,5.0,6.8,3.2,6.5,3.3,6.3,3.5,7.0,3.9,11.6,8.2,1,2,1.39
59421,Mouvaux,59,13173,True,2.1,1.0,1.7,1.0,1.5,1.0,2.0,1.0,2.9,1.0,9.9,6.9,7,19,1.44
59398,Mérignies,59,3360,False,4.2,1.6,5.1,2.7,1.7,1.0,2.5,1.0,4.3,2.1,12.7,9.0,3,5,1.49
59401,Méteren,59,2256,False,5.6,2.9,2.4,1.0,1.8,1.0,2.2,1.0,2.2,1.0,8.3,5.5,5,6,2.66
59423,Neuf-Berquin,59,1403,False,5.6,3.4,1.7,1.0,1.4,1.0,5.2,2.7,4.1,2.1,5.9,1.3,2,1,0.71
59426,Neuville-en-Ferrain,59,10160,True,2.2,1.0,3.4,1.4,1.9,1.0,2.2,1.0,3.0,1.0,7.3,5.1,6,20,1.97
59431,Nieppe,59,7606,False,3.7,1.0,2.5,1.0,1.5,1.0,1.6,1.0,2.1,1.0,4.2,1.0,7,14,1.84
59434,Nivelle,59,1379,False,5.3,2.2,5.4,2.8,2.4,1.0,2.3,1.0,6.8,3.9,7.6,5.2,2,2,1.45
59435,Nomain,59,2585,False,6.6,1.6,6.7,2.0,2.4,1.0,2.6,1.0,2.7,1.0,9.3,4.9,4,3,1.16
59447,Onnaing,59,8719,False,2.3,1.0,3.5,1.0,1.6,1.0,2.1,1.0,2.2,1.0,3.5,1.0,7,10,1.15
59449,Orchies,59,8455,False,2.2,1.0,2.4,1.0,1.6,1.0,2.7,1.0,2.9,1.0,5.3,1.0,7,28,3.31
59452,Ostricourt,59,5829,False,2.5,1.0,1.4,1.0,1.4,1.0,2.0,1.0,1.7,1.0,5.1,1.9,6,6,1.03
59456,Pecquencourt,59,6232,False,2.1,1.0,1.6,1.0,2.8,1.0,1.8,1.0,2.2,1.0,3.8,1.0,7,7,1.12
59459,Petite-Forêt,59,5058,False,2.0,1.0,2.2,1.0,1.7,1.0,3.1,1.1,2.0,1.0,7.4,4.7,5,18,3.56
59462,Phalempin,59,4849,False,2.7,1.0,6.5,2.2,1.6,1.0,2.4,1.0,2.2,1.0,11.1,5.8,6,6,1.24
59466,Pont-à-Marcq,59,2883,False,1.9,1.0,5.1,3.3,1.2,1.0,1.4,1.0,1.5,1.0,10.8,9.0,6,7,2.43
59475,Prouvy,59,2173,False,3.4,1.7,4.1,1.2,1.5,1.0,4.2,1.2,1.3,1.0,6.1,1.8,5,7,3.22
59477,Provin,59,4469,True,2.8,1.3,1.7,1.0,1.3,1.0,2.6,1.0,1.7,1.0,6.3,4.2,5,6,1.34
59470,Prémesques,59,2060,True,4.1,2.2,4.1,1.8,1.6,1.0,3.7,1.0,4.6,2.6,9.3,5.8,2,4,1.94
59471,Préseau,59,2065,False,7.5,5.9,1.6,1.0,1.4,1.0,1.6,1.0,1.3,1.0,10.5,8.6,5,4,1.94
59457,Pérenchies,59,8519,True,2.3,1.0,2.1,1.0,1.4,1.0,3.2,1.0,2.9,1.0,11.6,7.6,7,9,1.06
59458,Péronne-en-Mélantois,59,1004,True,6.5,4.6,5.4,3.4,7.0,5.0,6.7,4.7,5.7,3.6,12.0,9.4,0,0,0.0
59479,Quarouble,59,3131,False,2.4,1.0,4.1,1.0,2.0,1.0,2.1,1.0,1.8,1.0,4.4,1.1,5,5,1.6
59482,Quesnoy-sur-Deûle,59,6920,True,2.4,1.0,3.2,1.0,2.0,1.0,1.9,1.0,2.0,1.0,3.4,1.0,7,9,1.3
59485,Quiévy,59,1801,False,6.8,4.7,5.5,3.4,1.2,1.0,1.4,1.0,1.2,1.0,9.1,7.0,4,0,0.0
59487,Radinghem-en-Weppes,59,1393,True,4.5,1.5,6.5,3.9,2.2,1.0,3.7,1.5,8.3,6.5,8.3,5.6,1,0,0.0
59489,Raimbeaucourt,59,4015,False,2.2,1.0,2.0,1.0,1.7,1.0,2.0,1.0,2.1,1.0,6.1,3.6,6,2,0.5
59491,Raismes,59,12055,False,2.7,1.0,2.4,1.0,2.2,1.0,2.6,1.0,3.4,1.0,6.1,2.2,7,19,1.58
59497,Renescure,59,2128,False,6.9,3.4,2.3,1.0,2.3,1.0,2.4,1.0,2.5,1.0,3.6,1.0,6,4,1.88
59499,Rexpoëde,59,1992,False,1.5,1.0,5.4,2.7,1.3,1.0,4.5,2.4,1.3,1.0,8.7,6.4,5,3,1.51
59501,Rieulay,59,1243,False,2.8,1.2,1.6,1.0,2.9,1.0,5.3,3.2,2.6,1.1,3.8,1.0,2,3,2.41
59502,Rieux-en-Cambrésis,59,1438,False,4.4,3.1,3.9,2.5,3.5,2.2,1.1,1.0,1.2,1.0,5.0,3.3,3,2,1.39
59507,Ronchin,59,19437,True,2.1,1.0,2.4,1.0,1.7,1.0,2.5,1.0,3.1,1.0,7.0,4.4,6,18,0.93
59508,Roncq,59,13784,True,2.0,1.0,2.7,1.0,1.8,1.0,2.1,1.0,2.9,1.0,7.0,2.3,7,37,2.68
59509,Roost-Warendin,59,5976,False,2.1,1.0,2.1,1.0,1.7,1.0,1.7,1.0,2.2,1.0,3.0,1.0,6,11,1.84
59511,Rosult,59,1973,False,6.4,2.7,6.3,3.7,2.0,1.0,2.6,1.0,2.5,1.0,4.5,1.0,3,3,1.52
59512,Roubaix,59,98892,True,1.7,1.0,1.2,1.0,1.2,1.0,1.4,1.0,1.7,1.0,6.1,1.0,7,458,4.63
59519,Rumegies,59,1740,False,11.8,8.9,1.6,1.0,1.6,1.0,1.6,1.0,6.2,3.5,13.6,10.0,4,6,3.45
59486,Râches,59,2660,False,1.7,1.0,3.3,1.6,1.7,1.0,4.3,2.4,2.3,1.0,6.6,4.8,4,3,1.13
59504,Rœulx,59,3779,False,1.4,1.0,2.1,1.0,2.2,1.0,5.7,3.8,1.8,1.0,6.5,4.6,5,4,1.06
59522,Sailly-lez-Lannoy,59,1949,True,4.6,2.0,4.3,1.7,2.0,1.0,4.6,2.0,4.8,2.4,10.8,8.4,2,2,1.03
59523,Sainghin-en-Mélantois,59,2848,True,1.9,1.0,1.9,1.0,2.1,1.0,1.8,1.0,1.9,1.0,11.5,7.5,7,8,2.81
59524,Sainghin-en-Weppes,59,5641,True,3.9,1.0,1.7,1.0,1.6,1.0,5.8,3.8,2.0,1.0,6.5,3.5,6,11,1.95
59526,Saint-Amand-les-Eaux,59,15980,False,2.5,1.0,2.2,1.0,1.8,1.0,2.4,1.0,3.2,1.0,6.6,1.0,7,41,2.57
59527,Saint-André-lez-Lille,59,12942,True,1.8,1.0,3.2,1.0,1.7,1.0,2.3,1.0,2.1,1.0,5.0,2.2,7,30,2.32
59535,Saint-Jans-Cappel,59,1642,False,6.9,4.6,7.5,3.6,6.4,3.5,6.5,3.6,6.3,3.7,12.6,10.4,1,5,3.05
59544,Saint-Saulve,59,11117,False,2.3,1.0,2.8,1.0,2.0,1.0,1.8,1.0,2.6,1.0,6.4,1.7,7,10,0.9
59546,Saint-Sylvestre-Cappel,59,1154,False,4.9,2.9,5.7,3.6,4.7,2.1,4.6,3.3,1.2,1.0,7.6,5.8,1,3,2.6
59550,Salomé,59,3051,True,4.1,1.0,6.4,1.4,1.5,1.0,5.5,1.8,1.9,1.0,8.2,5.9,3,3,0.98
59551,Saméon,59,1738,False,9.3,6.7,5.5,2.7,2.0,1.0,1.7,1.0,5.3,2.6,9.4,5.7,1,1,0.58
59553,Santes,59,5660,True,2.3,1.0,6.2,3.6,1.6,1.0,1.8,1.0,2.0,1.0,11.0,9.2,6,5,0.88
59557,Saultain,59,2553,False,3.2,1.3,1.4,1.0,1.4,1.0,1.4,1.0,1.4,1.0,9.6,6.6,5,3,1.18
59559,Sebourg,59,1977,False,10.2,5.8,2.5,1.0,2.5,1.0,3.1,1.0,2.5,1.0,9.0,4.4,4,3,1.52
59560,Seclin,59,12834,True,2.4,1.0,2.0,1.0,2.1,1.0,2.4,1.0,3.1,1.0,5.7,1.0,7,50,3.9
59566,Sequedin,59,4762,True,4.1,1.3,5.1,1.2,3.4,1.1,4.7,1.6,2.6,1.0,9.8,7.2,3,8,1.68
59569,Sin-le-Noble,59,15603,False,2.4,1.0,1.9,1.0,1.9,1.0,2.2,1.0,2.1,1.0,6.4,1.7,7,25,1.6
59574,Somain,59,11790,False,2.1,1.0,2.0,1.0,1.7,1.0,2.6,1.0,2.3,1.0,6.4,2.3,7,35,2.97
59578,Steenbecque,59,1650,False,8.8,6.4,4.7,2.4,1.8,1.0,5.6,2.1,1.9,1.0,3.7,1.0,3,4,2.42
59580,Steenvoorde,59,4324,False,2.6,1.0,8.8,4.9,2.1,1.0,2.1,1.0,3.7,1.0,4.6,1.0,6,8,1.85
59581,Steenwerck,59,3540,False,6.9,1.1,3.3,1.0,3.0,1.0,2.9,1.0,3.0,1.0,8.7,4.8,6,5,1.41
59585,Templemars,59,3635,True,3.2,1.5,1.7,1.0,1.5,1.0,3.5,1.5,1.3,1.0,5.5,3.7,4,8,2.2
59586,Templeuve-en-Pévèle,59,6705,False,2.7,1.0,2.3,1.0,2.0,1.0,2.3,1.0,2.8,1.0,6.1,1.0,7,10,1.49
59592,Thumeries,59,4029,False,2.3,1.0,4.3,1.9,1.9,1.0,2.0,1.0,2.1,1.0,3.0,1.0,6,3,0.74
59594,Thun-Saint-Amand,59,1110,False,4.8,2.3,6.8,5.3,5.9,1.6,5.8,1.7,5.2,2.7,3.4,1.0,0,0,0.0
59598,Toufflers,59,3910,True,3.2,1.6,3.5,1.6,1.3,1.0,3.7,1.9,1.8,1.0,7.0,4.4,4,3,0.77
59599,Tourcoing,59,99011,True,1.6,1.0,1.4,1.0,1.3,1.0,1.5,1.0,2.0,1.0,6.7,1.0,7,251,2.54
59602,Tressin,59,1395,True,4.8,2.5,3.7,1.9,1.5,1.0,1.6,1.0,3.3,1.5,13.2,11.2,2,5,3.58
59603,Trith-Saint-Léger,59,6124,False,3.7,1.0,3.1,1.0,2.0,1.0,2.3,1.0,2.4,1.0,7.8,4.5,6,6,0.98
59588,Téteghem-Coudekerque-Village,59,8384,False,2.2,1.0,2.7,1.0,1.6,1.0,1.8,1.0,2.6,1.0,7.3,3.2,7,7,0.83
59606,Valenciennes,59,42991,False,2.0,1.0,1.5,1.0,1.5,1.0,1.7,1.0,2.2,1.0,6.2,1.4,7,262,6.09
59609,Vendeville,59,1546,True,3.2,1.9,3.3,2.1,2.9,1.7,3.8,2.5,3.1,1.8,7.0,5.7,0,9,5.82
59610,Verchain-Maugré,59,1102,False,7.6,5.2,7.6,5.6,8.0,6.0,7.2,5.9,7.9,6.0,9.0,7.6,0,0,0.0
59611,Verlinghem,59,2673,True,4.4,1.0,4.7,1.5,3.6,1.0,6.4,2.1,2.0,1.0,8.1,2.1,4,2,0.75
59615,Vieux-Berquin,59,2649,False,9.0,4.2,3.1,1.0,2.8,1.0,9.2,4.8,3.0,1.0,7.1,2.2,5,1,0.38
59616,Vieux-Condé,59,10446,False,3.3,1.0,4.1,1.0,2.5,1.0,2.9,1.0,1.9,1.0,5.3,1.0,6,15,1.44
59009,Villeneuve-d'Ascq,59,62067,True,2.0,1.0,2.2,1.0,1.5,1.0,2.3,1.0,2.2,1.0,6.2,1.0,7,234,3.77
59622,Villers-en-Cauchies,59,1161,False,6.0,4.9,4.5,2.8,3.7,1.9,6.2,4.9,1.1,1.0,2.9,1.2,1,0,0.0
59629,Vred,59,1311,False,4.6,2.3,4.5,1.5,5.9,3.5,4.5,2.2,1.3,1.0,5.4,2.4,1,1,0.76
59630,Wahagnies,59,2605,False,3.9,2.0,1.5,1.0,1.4,1.0,3.1,1.0,1.7,1.0,5.3,2.7,4,2,0.77
59632,Wallers,59,5598,False,3.0,1.0,1.6,1.0,1.5,1.0,2.5,1.0,1.7,1.0,6.8,3.4,6,9,1.61
59636,Wambrechies,59,10798,True,3.2,1.0,2.1,1.0,1.8,1.0,2.4,1.0,3.4,1.0,6.9,2.6,7,33,3.06
59637,Wandignies-Hamage,59,1318,False,5.6,3.4,6.9,5.1,1.6,1.0,7.6,5.2,5.2,3.0,4.9,2.4,1,1,0.76
59638,Wannehain,59,1331,False,6.7,4.9,4.8,2.4,5.5,3.5,8.0,6.2,6.8,4.1,14.2,12.3,0,0,0.0
59639,Wargnies-le-Grand,59,1101,False,10.6,8.3,8.1,5.8,2.2,1.0,5.0,3.3,1.4,1.0,10.8,8.8,2,0,0.0
59641,Warhem,59,2022,False,5.3,2.3,6.4,3.7,1.9,1.0,4.0,1.4,4.6,1.7,8.7,6.1,3,4,1.98
59646,Wasquehal,59,20836,True,1.7,1.0,2.4,1.0,1.6,1.0,2.2,1.0,2.1,1.0,7.2,1.9,7,47,2.26
59647,Watten,59,2577,False,2.6,1.0,1.8,1.0,1.7,1.0,1.8,1.0,1.6,1.0,9.4,6.3,7,5,1.94
59648,Wattignies,59,15531,True,2.2,1.0,3.1,1.0,2.6,1.0,2.9,1.0,2.6,1.0,5.9,3.6,7,16,1.03
59650,Wattrelos,59,40836,True,2.3,1.0,1.6,1.0,1.5,1.0,1.6,1.0,2.0,1.0,3.7,1.0,7,76,1.86
59651,Wavrechain-sous-Denain,59,1616,False,3.1,2.1,1.9,1.2,1.1,1.0,3.4,2.7,3.3,2.7,3.7,3.1,3,2,1.24
59653,Wavrin,59,7773,True,3.3,1.0,2.0,1.0,1.6,1.0,2.7,1.0,2.3,1.0,9.4,5.6,6,5,0.64
59654,Waziers,59,7354,False,2.2,1.0,1.8,1.0,1.7,1.0,1.9,1.0,2.1,1.0,6.7,3.8,7,17,2.31
59656,Wervicq-Sud,59,5299,True,2.0,1.0,6.7,4.4,1.7,1.0,1.7,1.0,1.9,1.0,5.1,3.2,6,4,0.75
59660,Willems,59,2996,True,1.7,1.0,1.4,1.0,1.4,1.0,1.4,1.0,1.7,1.0,13.0,10.6,5,4,1.34
59662,Winnezeele,59,1300,False,6.3,3.3,9.1,6.5,1.9,1.0,6.4,4.0,6.1,3.8,7.0,5.2,2,1,0.77
59663,Wormhout,59,5705,False,3.4,1.0,2.1,1.0,1.8,1.0,1.9,1.0,2.0,1.0,4.2,1.0,7,10,1.75
59185,Écaillon,59,1910,False,2.6,1.0,2.9,1.7,2.5,1.3,4.6,2.7,2.7,1.3,6.3,5.0,2,1,0.52
62004,Achicourt,62,7938,False,2.7,1.0,2.4,1.0,1.8,1.0,2.0,1.0,2.1,1.0,3.4,1.0,7,5,0.63
62013,Agny,62,1879,False,5.4,3.1,1.3,1.0,1.3,1.0,1.4,1.0,4.2,2.1,6.2,4.5,4,4,2.13
62014,Aire-sur-la-Lys,62,9585,False,2.7,1.0,3.1,1.0,2.2,1.0,2.8,1.0,3.1,1.0,6.3,1.0,7,25,2.61
62019,Aix-Noulette,62,3913,False,4.8,1.0,5.9,1.9,2.2,1.0,4.7,1.0,2.3,1.0,7.9,5.0,4,5,1.28
62032,Angres,62,4842,False,1.7,1.0,3.1,1.0,1.8,1.0,1.9,1.0,1.8,1.0,3.7,1.5,6,6,1.24
62033,Annay,62,4517,False,2.1,1.0,1.8,1.0,1.7,1.0,4.1,1.0,2.0,1.0,6.9,4.1,5,5,1.11
62034,Annequin,62,2145,False,1.6,1.0,5.2,3.3,1.8,1.0,2.9,1.0,1.6,1.0,10.4,7.8,3,1,0.47
62035,Annezin,62,5813,False,3.0,1.0,2.7,1.0,1.5,1.0,2.4,1.0,2.8,1.0,6.3,2.5,5,3,0.52
62037,Anzin-Saint-Aubin,62,2806,False,3.9,1.2,2.2,1.0,2.0,1.0,1.7,1.0,4.2,1.3,4.0,1.4,5,2,0.71
62040,Arques,62,9655,False,2.8,1.0,3.7,1.0,1.7,1.0,1.9,1.0,2.7,1.0,6.8,1.0,7,13,1.35
62041,Arras,62,42600,False,1.6,1.0,1.9,1.0,1.5,1.0,1.9,1.0,2.1,1.0,4.8,1.0,7,193,4.53
62042,Athies,62,1059,False,6.7,5.0,5.0,4.0,4.6,3.4,7.2,5.5,5.6,4.5,4.3,2.5,0,1,0.94
62048,Auchel,62,10062,False,1.8,1.0,2.0,1.0,1.7,1.0,2.0,1.0,2.1,1.0,4.6,1.0,7,23,2.29
62051,Auchy-les-Mines,62,4623,False,2.1,1.0,1.8,1.0,1.9,1.0,2.0,1.0,2.1,1.0,8.7,6.4,7,15,3.24
62065,Avion,62,17672,False,2.4,1.0,2.1,1.0,2.5,1.0,2.9,1.0,3.2,1.0,5.3,1.0,7,32,1.81
62073,Bailleul-Sir-Berthoult,62,1430,False,9.4,7.8,8.0,6.4,3.5,1.5,1.3,1.0,1.5,1.0,3.2,1.4,3,1,0.7
62083,Barlin,62,7366,False,2.5,1.0,1.7,1.0,1.8,1.0,1.8,1.0,2.7,1.0,4.1,1.5,7,8,1.09
62099,Beaurains,62,5515,False,3.3,1.7,2.8,1.0,2.0,1.0,2.8,1.0,2.5,1.0,4.8,2.7,5,16,2.9
62471,Bellinghem,62,1087,False,7.6,5.5,8.3,5.2,5.8,4.0,5.3,3.3,6.0,4.6,12.2,10.5,1,4,3.68
62126,Beuvry,62,9111,False,3.0,1.0,3.1,1.0,2.7,1.0,4.3,1.0,3.3,1.0,7.8,4.0,6,12,1.32
62128,Biache-Saint-Vaast,62,4481,False,2.3,1.0,5.5,3.3,1.9,1.0,1.8,1.0,2.0,1.0,2.7,1.0,6,4,0.89
62132,Billy-Berclau,62,5059,False,3.1,1.0,1.3,1.0,2.2,1.0,1.9,1.0,2.2,1.0,10.9,7.4,6,6,1.19
62133,Billy-Montigny,62,8117,False,1.8,1.0,1.3,1.0,1.5,1.0,2.0,1.0,2.3,1.0,6.8,3.9,7,15,1.85
62160,Boulogne-sur-Mer,62,40910,False,1.9,1.0,1.3,1.0,1.2,1.0,1.3,1.0,1.7,1.0,6.3,3.3,7,161,3.94
62164,Bourlon,62,1140,False,7.4,3.8,1.1,1.0,5.7,4.0,11.8,8.0,1.1,1.0,10.7,7.1,2,1,0.88
62170,Bouvigny-Boyeffles,62,2371,False,6.0,2.3,6.2,1.9,2.1,1.0,4.7,1.0,2.5,1.0,11.0,8.2,3,2,0.84
62173,Brebières,62,5169,False,3.0,1.0,3.2,1.0,2.3,1.0,5.9,3.0,2.1,1.0,9.9,7.1,6,5,0.97
62178,Bruay-la-Buissière,62,21827,False,2.1,1.0,1.9,1.0,1.5,1.0,2.2,1.0,3.0,1.0,4.4,1.0,7,70,3.21
62181,Bucquoy,62,1480,False,2.1,1.0,7.9,6.2,1.6,1.0,1.6,1.0,1.6,1.0,3.1,1.0,6,1,0.68
62186,Bully-les-Mines,62,12221,False,2.8,1.0,2.2,1.0,1.8,1.0,2.2,1.0,2.8,1.0,8.5,5.1,7,14,1.15
62188,Burbure,62,2819,False,4.4,1.0,1.6,1.0,1.3,1.0,4.0,1.0,1.8,1.0,7.9,5.1,5,1,0.35
62190,Busnes,62,1245,False,5.4,2.4,6.1,3.8,3.2,1.0,5.1,1.9,6.5,4.0,6.8,4.1,2,1,0.8
62119,Béthune,62,24992,False,1.8,1.0,1.7,1.0,1.6,1.0,1.6,1.0,2.3,1.0,6.5,2.2,7,103,4.12
62193,Calais,62,67380,False,1.7,1.0,1.4,1.0,1.4,1.0,1.5,1.0,2.2,1.0,5.0,1.0,7,178,2.64
62194,Calonne-Ricouart,62,5463,False,1.6,1.0,4.4,1.5,2.2,1.0,3.4,1.0,2.6,1.0,3.1,1.0,6,5,0.92
62195,Calonne-sur-la-Lys,62,1560,False,7.5,5.2,7.1,2.6,6.3,2.7,6.7,2.8,2.6,1.0,9.3,5.2,2,3,1.92
62200,Cambrin,62,1228,False,2.7,1.0,5.9,4.6,1.6,1.0,1.4,1.0,1.4,1.0,10.9,9.5,3,2,1.63
62215,Carvin,62,17852,False,2.6,1.0,2.3,1.0,2.2,1.0,2.7,1.0,3.4,1.0,6.0,2.0,7,52,2.91
62224,Chocques,62,2824,False,3.1,1.0,1.5,1.0,1.6,1.0,2.2,1.0,1.7,1.0,9.3,6.4,7,3,1.06
62240,Corbehem,62,2266,False,1.5,1.0,1.5,1.0,1.7,1.0,6.2,4.0,1.6,1.0,9.7,7.7,5,1,0.44
62249,Courcelles-lès-Lens,62,8213,False,3.2,1.0,1.8,1.0,1.8,1.0,2.3,1.0,1.9,1.0,5.1,2.5,7,7,0.85
62250,Courrières,62,10199,False,1.8,1.0,1.6,1.0,1.7,1.0,1.7,1.0,2.2,1.0,3.8,1.0,7,13,1.27
62262,Cuinchy,62,1754,False,4.9,2.1,5.1,3.1,1.7,1.0,2.9,1.0,1.6,1.0,13.3,8.6,3,0,0.0
62263,Dainville,62,5703,False,2.8,1.0,3.7,1.0,1.8,1.0,2.1,1.0,2.8,1.0,5.9,1.0,6,4,0.7
62274,Dourges,62,5997,False,2.5,1.0,2.3,1.0,1.9,1.0,4.5,1.0,2.1,1.0,6.8,3.7,6,10,1.67
62276,Douvrin,62,5795,False,2.3,1.0,1.9,1.0,1.7,1.0,2.3,1.0,1.7,1.0,7.2,2.7,7,10,1.73
62277,Drocourt,62,2943,False,3.3,1.8,2.1,1.0,2.1,1.0,4.9,3.4,2.0,1.0,3.8,1.7,3,5,1.7
62279,Duisans,62,1383,False,6.1,3.4,5.6,3.3,2.2,1.0,5.2,3.3,5.5,3.5,6.9,3.0,1,4,2.89
62310,Essars,62,1755,False,1.7,1.0,3.2,1.5,1.9,1.0,3.9,2.2,3.0,1.3,4.3,2.5,3,2,1.14
62311,Estevelles,62,2024,False,5.4,3.2,2.9,1.0,1.3,1.0,1.6,1.0,3.9,1.9,4.4,1.6,2,1,0.49
62323,Fampoux,62,1219,False,9.4,7.8,1.3,1.0,1.4,1.0,8.9,7.0,3.9,2.3,7.9,5.9,2,3,2.46
62330,Festubert,62,1266,False,8.8,6.4,2.1,1.0,1.5,1.0,1.6,1.0,4.6,2.7,13.7,10.0,3,3,2.37
62331,Feuchy,62,1015,False,6.4,4.9,4.9,3.2,5.0,2.7,6.8,4.2,6.7,5.2,4.2,2.3,1,2,1.97
62338,Fleurbaix,62,2862,False,2.7,1.0,7.6,5.6,1.9,1.0,5.9,2.8,2.2,1.0,8.9,4.9,5,1,0.35
62349,Fouquereuil,62,1632,False,5.6,4.1,6.4,4.1,2.2,1.0,4.9,1.8,3.0,1.4,10.9,8.8,2,1,0.61
62350,Fouquières-lès-Béthune,62,1115,False,2.9,1.0,4.9,3.2,2.3,1.0,3.4,1.0,1.6,1.0,10.2,7.4,3,2,1.79
62351,Fouquières-lès-Lens,62,6233,False,2.3,1.0,1.5,1.0,1.6,1.0,1.9,1.0,2.1,1.0,6.9,5.1,6,3,0.48
62371,Givenchy-en-Gohelle,62,2026,False,3.5,1.6,4.9,3.0,1.4,1.0,5.3,2.0,2.1,1.0,6.5,4.6,3,1,0.49
62373,Givenchy-lès-la-Bassée,62,1006,False,6.6,4.6,6.0,3.5,3.0,1.0,4.7,2.5,2.9,1.0,14.0,11.7,0,1,0.99
62376,Gonnehem,62,2507,False,6.7,3.5,4.9,1.0,3.4,1.0,5.5,1.5,3.6,1.0,9.8,5.8,4,5,1.99
62383,Gouy-sous-Bellonne,62,1396,False,4.9,2.9,1.4,1.0,5.6,3.7,7.8,5.8,5.0,3.2,12.2,10.4,2,3,2.15
62386,Grenay,62,6704,False,2.4,1.0,1.8,1.0,1.5,1.0,2.0,1.0,2.1,1.0,7.9,5.3,6,9,1.34
62391,Guarbecque,62,1369,False,1.7,1.0,2.5,1.2,2.7,1.4,2.8,1.5,3.2,1.9,4.2,2.9,1,1,0.73
62400,Haillicourt,62,4884,False,2.5,1.0,3.0,1.0,1.3,1.0,2.7,1.0,2.5,1.0,4.4,2.4,6,5,1.02
62401,Haisnes,62,4427,False,3.9,1.0,1.9,1.0,2.1,1.0,3.8,1.2,2.0,1.0,5.7,2.3,4,5,1.13
62412,Hardinghen,62,1219,False,4.3,1.5,4.7,1.0,1.8,1.0,1.7,1.0,1.8,1.0,12.8,10.5,4,0,0.0
62413,Harnes,62,12317,False,2.1,1.0,1.6,1.0,1.5,1.0,5.0,1.0,1.7,1.0,7.2,3.4,7,11,0.89
62443,Hersin-Coupigny,62,6147,False,3.5,1.0,4.8,1.7,1.6,1.0,2.1,1.0,3.0,1.0,7.7,4.3,5,5,0.81
62452,Heuringhem,62,1379,False,6.9,4.4,5.3,2.4,2.4,1.0,6.1,4.1,5.1,2.6,8.3,6.2,1,1,0.73
62454,Hinges,62,2417,False,5.9,2.9,4.3,1.2,1.9,1.0,2.2,1.0,6.7,4.4,7.9,4.7,3,4,1.65
62457,Houdain,62,7030,False,1.9,1.0,3.0,1.0,2.0,1.0,2.2,1.0,3.0,1.0,3.7,1.0,6,10,1.42
62464,Hulluch,62,3367,False,1.7,1.0,1.6,1.0,1.3,1.0,5.3,1.6,1.5,1.0,2.5,1.0,5,4,1.19
62427,Hénin-Beaumont,62,26035,False,2.5,1.0,2.1,1.0,1.6,1.0,2.0,1.0,2.2,1.0,4.4,1.0,7,79,3.03
62476,Izel-lès-Équerchin,62,1058,False,4.9,3.5,4.9,3.6,6.0,4.4,4.4,1.9,6.1,4.4,9.4,7.4,0,2,1.89
62252,La Couture,62,2616,False,8.6,4.1,4.4,1.0,2.5,1.0,2.9,1.0,3.5,1.0,11.3,7.2,4,4,1.53
62479,Labeuvrière,62,1654,False,6.2,2.4,1.7,1.0,1.6,1.0,5.0,2.0,3.9,1.0,8.7,5.5,2,3,1.81
62480,Labourse,62,2894,False,4.1,1.5,1.7,1.0,2.0,1.0,2.1,1.0,2.2,1.0,4.7,1.1,5,2,0.69
62489,Lapugnoy,62,3518,False,3.8,1.0,2.3,1.0,1.8,1.0,2.0,1.0,2.2,1.0,4.8,1.0,5,3,0.85
62491,Laventie,62,4969,False,2.7,1.0,2.7,1.0,2.5,1.0,2.1,1.0,3.1,1.0,3.7,1.0,7,7,1.41
62497,Leforest,62,7179,False,1.9,1.0,1.6,1.0,1.6,1.0,1.7,1.0,2.1,1.0,5.0,2.1,7,10,1.39
62498,Lens,62,32618,False,2.3,1.0,1.5,1.0,1.5,1.0,2.1,1.0,2.5,1.0,7.0,4.2,7,143,4.38
62502,Lestrem,62,5073,False,6.2,2.5,5.3,1.0,3.9,1.0,3.9,1.0,4.1,1.0,11.4,7.8,5,9,1.77
62907,Libercourt,62,8138,False,2.3,1.0,1.7,1.0,1.9,1.0,2.3,1.0,2.3,1.0,6.5,3.9,6,14,1.72
62516,Lillers,62,9988,False,2.3,1.0,2.1,1.0,2.0,1.0,3.1,1.0,2.7,1.0,4.0,1.0,7,21,2.1
62510,Liévin,62,30149,False,2.2,1.0,1.6,1.0,1.7,1.0,2.3,1.0,2.6,1.0,4.4,1.0,7,65,2.16
62520,Locon,62,2342,False,5.2,2.4,2.1,1.0,2.1,1.0,2.1,1.0,5.8,3.1,7.2,4.3,4,2,0.85
62523,Loison-sous-Lens,62,5255,False,2.6,1.0,1.7,1.0,1.5,1.0,2.9,1.0,2.6,1.0,6.9,2.9,6,10,1.9
62525,Longuenesse,62,10568,False,2.1,1.0,2.2,1.0,1.4,1.0,2.1,1.0,2.6,1.0,4.5,1.0,6,16,1.51
62528,Loos-en-Gohelle,62,6896,False,2.2,1.0,3.6,1.0,1.7,1.0,2.3,1.0,2.5,1.0,7.7,3.9,7,13,1.89
62529,Lorgies,62,1609,False,5.5,2.3,1.7,1.0,3.0,1.0,5.0,1.9,4.8,1.5,10.7,8.0,1,2,1.24
62540,Maisnil-lès-Ruitz,62,1691,False,4.5,3.1,4.6,3.0,5.0,3.8,4.5,3.3,5.1,4.3,5.5,4.4,0,1,0.59
62543,Mametz,62,1998,False,5.9,2.3,1.8,1.0,2.1,1.0,2.2,1.0,1.8,1.0,11.4,9.4,5,2,1.0
62557,Marœuil,62,2441,False,2.7,1.0,6.2,4.5,1.5,1.0,5.8,3.7,1.7,1.0,2.5,1.0,4,4,1.64
62563,Mazingarbe,62,8068,False,2.9,1.0,2.7,1.0,1.6,1.0,3.1,1.0,2.1,1.0,8.7,6.2,7,12,1.49
62573,Meurchin,62,3717,False,2.2,1.0,1.5,1.0,1.6,1.0,4.7,3.0,1.8,1.0,9.6,6.9,5,4,1.08
62584,Mont-Bernanchon,62,1316,False,7.5,3.9,2.4,1.0,4.6,1.0,4.5,1.0,7.1,4.4,9.3,5.6,1,1,0.76
62587,Montigny-en-Gohelle,62,9870,False,2.7,1.0,1.8,1.0,1.3,1.0,2.6,1.0,2.1,1.0,6.0,3.9,6,6,0.61
62570,Méricourt,62,11431,False,2.9,1.0,1.5,1.0,1.7,1.0,4.3,1.8,2.9,1.0,6.0,3.3,6,8,0.7
62606,Neuve-Chapelle,62,1419,False,7.0,5.6,3.6,2.3,1.3,1.0,3.7,1.7,5.9,4.6,9.1,7.2,1,1,0.7
62609,Neuville-Saint-Vaast,62,1603,False,5.3,3.0,6.2,4.0,1.4,1.0,5.0,3.2,1.3,1.0,6.1,3.8,3,0,0.0
62620,Norrent-Fontes,62,1362,False,5.2,3.5,4.1,1.5,1.7,1.0,5.4,4.3,1.5,1.0,6.5,4.5,4,0,0.0
62624,Noyelles-Godault,62,5906,False,3.3,1.0,1.8,1.0,1.5,1.0,3.3,1.0,1.6,1.0,6.2,4.4,7,42,7.11
62626,Noyelles-lès-Vermelles,62,2294,False,2.8,1.0,4.4,2.9,3.0,1.5,1.8,1.0,1.6,1.0,9.1,7.1,3,2,0.87
62628,Noyelles-sous-Lens,62,6659,False,2.5,1.0,1.4,1.0,1.5,1.0,2.4,1.0,2.1,1.0,4.2,1.0,5,6,0.9
62617,Nœux-les-Mines,62,11520,False,1.9,1.0,1.5,1.0,1.3,1.0,1.6,1.0,2.3,1.0,4.1,1.0,7,26,2.26
62637,Oignies,62,10210,False,2.7,1.0,1.7,1.0,1.7,1.0,2.2,1.0,2.3,1.0,5.9,2.7,7,21,2.06
62638,Oisy-le-Verger,62,1188,False,5.9,2.7,7.6,5.2,1.3,1.0,17.1,15.0,1.6,1.0,8.9,7.3,3,2,1.68
62666,Pont-à-Vendin,62,3136,False,5.0,2.6,1.7,1.0,1.7,1.0,4.6,2.8,1.8,1.0,4.2,1.0,4,3,0.96
62684,Racquinghem,62,2214,False,2.6,1.0,7.7,3.5,2.3,1.0,2.3,1.0,2.8,1.0,7.1,3.5,6,3,1.36
62693,Rebreuve-Ranchicourt,62,1071,False,4.6,1.1,7.1,3.1,3.5,1.4,3.7,1.1,4.1,1.9,7.3,3.0,0,2,1.87
62706,Richebourg,62,2618,False,7.8,3.1,2.3,1.0,2.7,1.0,2.9,1.0,3.1,1.0,10.6,5.9,5,1,0.38
62712,Rivière,62,1124,False,6.5,4.1,10.0,6.6,8.2,6.4,1.9,1.0,2.4,1.0,3.8,1.3,2,0,0.0
62713,Robecq,62,1329,False,5.4,2.4,2.2,1.0,1.8,1.0,2.3,1.0,5.9,2.9,7.0,4.1,2,3,2.26
62724,Rouvroy,62,8797,False,2.1,1.0,1.6,1.0,1.8,1.0,2.9,1.0,2.2,1.0,6.5,4.4,6,9,1.02
62727,Ruitz,62,1509,False,4.8,3.3,5.3,3.5,3.9,2.1,4.8,2.9,4.2,2.5,4.1,1.0,1,2,1.33
62718,Rœux,62,1390,False,7.7,5.8,3.0,1.6,1.5,1.0,6.9,5.0,1.5,1.0,8.1,6.2,3,0,0.0
62735,Sailly-Labourse,62,2577,False,3.8,1.4,2.8,1.0,1.5,1.0,2.9,1.5,2.7,1.5,6.6,5.3,3,5,1.94
62736,Sailly-sur-la-Lys,62,3883,False,2.3,1.0,7.3,4.5,2.1,1.0,2.9,1.0,2.5,1.0,6.5,1.8,5,10,2.58
62737,Sains-en-Gohelle,62,5995,False,1.8,1.0,1.7,1.0,1.4,1.0,1.5,1.0,2.1,1.0,8.6,4.8,6,6,1.0
62753,Saint-Laurent-Blangy,62,6507,False,3.0,1.0,2.3,1.0,2.2,1.0,4.0,1.0,2.8,1.0,5.0,1.0,7,10,1.54
62764,Saint-Nicolas,62,4603,False,2.5,1.0,3.3,1.3,2.1,1.0,3.9,1.2,2.2,1.0,7.1,5.1,4,2,0.43
62765,Saint-Omer,62,14661,False,2.0,1.0,2.0,1.0,1.6,1.0,2.6,1.0,2.0,1.0,6.1,3.6,7,70,4.77
62770,Saint-Venant,62,3022,False,2.6,1.0,5.2,1.9,3.1,1.0,4.8,1.4,3.1,1.0,4.4,1.5,5,8,2.65
62744,Sainte-Catherine,62,3594,False,2.3,1.0,3.2,1.0,1.4,1.0,2.8,1.0,2.9,1.0,6.9,3.9,5,4,1.11
62771,Sallaumines,62,9650,False,2.2,1.0,1.6,1.0,1.7,1.0,2.0,1.0,2.3,1.0,3.4,1.0,7,16,1.66
62793,Servins,62,1134,False,8.5,7.0,4.6,3.1,1.5,1.0,5.9,4.3,6.4,4.3,9.2,8.3,0,2,1.76
62801,Souchez,62,2658,False,4.4,2.2,1.5,1.0,1.4,1.0,1.4,1.0,4.8,2.6,5.4,3.2,6,6,2.26
62810,Thélus,62,1271,False,6.8,4.1,9.3,6.3,4.9,3.5,5.0,2.7,4.8,2.9,6.7,3.9,0,4,3.15
62817,Tilloy-lès-Mofflaines,62,1519,False,4.5,2.8,3.0,1.4,1.5,1.0,2.5,1.0,5.6,4.4,6.7,4.6,2,0,0.0
62836,Vaudricourt,62,1104,False,2.6,1.0,5.3,3.5,1.9,1.0,1.6,1.0,3.2,1.5,7.8,4.8,3,1,0.91
62842,Vendin-le-Vieil,62,8381,False,3.7,1.0,1.8,1.0,1.7,1.0,3.8,1.0,2.3,1.0,8.4,4.1,6,18,2.15
62841,Vendin-lès-Béthune,62,2393,False,1.5,1.0,3.1,1.9,1.3,1.0,1.9,1.0,3.4,2.2,6.2,4.4,4,3,1.25
62846,Vermelles,62,4748,False,2.0,1.0,2.1,1.0,2.2,1.0,4.1,2.1,1.7,1.0,6.8,4.0,6,9,1.9
62847,Verquigneul,62,2016,False,2.4,1.0,3.3,1.8,1.9,1.0,3.7,1.6,3.6,2.0,6.3,2.5,1,2,0.99
62848,Verquin,62,3459,False,3.3,1.0,3.3,1.1,2.1,1.0,2.9,1.0,2.4,1.0,8.2,2.7,4,2,0.58
62861,Vimy,62,4307,False,2.9,1.0,7.3,3.3,5.8,2.9,1.7,1.0,1.9,1.0,6.3,1.0,5,1,0.23
62863,Violaines,62,3831,False,2.6,1.0,3.4,1.1,1.6,1.0,1.5,1.0,1.6,1.0,10.2,8.3,5,4,1.04
62865,Vitry-en-Artois,62,4787,False,1.9,1.0,1.5,1.0,1.6,1.0,1.6,1.0,1.6,1.0,6.1,3.4,7,7,1.46
62869,Wailly,62,1081,False,7.4,4.3,5.9,3.7,5.9,3.7,4.8,3.3,5.7,4.3,7.9,6.3,0,0,0.0
62875,Wardrecques,62,1346,False,3.3,1.1,6.3,3.8,2.3,1.0,2.2,1.0,1.9,1.0,5.4,3.2,3,0,0.0
62895,Wingles,62,8742,False,2.3,1.0,1.9,1.0,1.8,1.0,1.9,1.0,2.7,1.0,8.0,5.1,7,20,2.29
62905,Zudausques,62,1040,False,9.3,5.5,11.8,8.3,3.3,1.0,8.3,5.3,9.2,6.1,7.6,3.7,2,0,0.0
62284,Écourt-Saint-Quentin,62,1691,False,1.8,1.0,5.4,3.6,1.8,1.0,10.5,8.4,1.7,1.0,7.5,5.7,4,3,1.77
62291,Éleu-dit-Leauwette,62,2829,False,2.9,1.4,1.9,1.0,1.8,1.0,3.0,1.8,2.1,1.0,6.7,4.8,4,3,1.06
62321,Évin-Malmaison,62,4674,False,4.0,1.7,3.8,1.9,1.5,1.0,3.8,1.7,1.7,1.0,2.8,1.0,4,9,1.93
