uic,gare,trains_directs_jour,trains_pointe_matin,trains_arr_lille_matin,trains_pointe_soir,tps_trajet_median_min,tps_trajet_min_min,premier_train,dernier_train,amplitude_h,gares_lille_desservies,lignes,retour_trains_directs_jour,retour_pointe_soir,retour_dernier_depart_lille,autocars_directs_jour,vitesse_gc_rapide_kmh,remarque,stop_lat,stop_lon
87343004,Valenciennes,53,14,14,13,44.0,34.0,05:35,21:49,16.2,Flandres,"C60, K60, K61",52,14,21:39,0,77.0,,50.363187,3.517124
87343103,Saint-Amand-les-Eaux,53,15,14,14,34.0,24.0,05:45,22:00,16.2,Flandres,"C60, K60, K61",52,14,21:39,0,82.0,,50.443342,3.419371
87286583,Orchies,53,14,14,13,21.0,15.0,05:58,22:09,16.2,Flandres,"C60, K60, K61",52,14,21:39,0,87.0,,50.477028,3.248871
87345009,Douai,46,14,12,12,23.0,19.0,05:51,21:57,16.1,Flandres,"C40, K40, K44, K45",48,13,22:27,0,93.0,,50.371673,3.089958
87286146,Armentières,45,16,15,11,15.0,14.0,05:13,21:33,16.3,Flandres,"C70, K70, K71",47,16,22:13,0,62.0,,50.680848,2.87768
87286302,Hazebrouck,45,16,15,13,35.0,32.0,04:51,21:14,16.4,Flandres,"C70, K70, K71",47,16,22:13,0,72.0,,50.724924,2.541463
87286179,Bailleul,45,16,15,12,24.0,22.0,05:01,21:25,16.4,Flandres,"C70, K70, K71",47,16,22:13,0,70.0,,50.729167,2.734485
87345025,Lens,44,12,13,13,40.5,38.0,04:59,20:14,15.2,Flandres,"C41, C51, K51",44,14,21:40,0,46.0,,50.426866,2.828301
87345256,Libercourt,44,13,13,13,18.0,16.0,05:21,21:09,15.8,Flandres,"C40, C41",42,13,22:27,0,67.0,,50.480202,3.008642
87286518,Seclin,44,13,13,13,11.0,10.0,05:27,21:18,15.8,Flandres,"C40, C41",42,13,22:27,0,61.0,,50.548604,3.034965
87286435,Don - Sainghin,32,11,9,9,28.0,21.0,06:13,20:42,14.5,Flandres,"C50, C51, K51",37,10,21:06,0,41.0,,50.551726,2.914402
87342006,Béthune,30,10,9,10,38.0,35.0,05:49,20:46,15.0,Flandres,"C50, K50",31,10,21:06,0,56.0,,50.521454,2.640509
87342436,La Bassée,30,11,9,9,27.0,25.0,06:04,20:57,14.9,Flandres,"C50, K50",31,10,21:06,0,53.0,,50.527937,2.80477
87286625,Templeuve,29,9,9,7,16.0,11.0,06:04,22:05,16.0,Flandres,"C60, K61",27,8,21:39,0,77.0,,50.528694,3.175668
87286641,Fretin,27,7,7,7,12.0,11.0,06:09,22:09,16.0,Flandres,C60,26,7,21:39,0,56.0,,50.55996,3.149396
87286567,Rosult,27,7,7,7,31.0,29.0,05:50,21:50,16.0,Flandres,C60,26,7,21:39,0,58.0,,50.456425,3.348995
87286849,Lesquin,27,7,7,7,8.0,7.0,06:13,22:13,16.0,Flandres,C60,26,7,21:39,0,52.0,,50.590685,3.117714
87286575,Landas,27,7,7,7,27.0,25.0,05:54,21:54,16.0,Flandres,C60,26,7,21:39,0,58.0,,50.46879,3.290617
87295857,Le Quesnoy,24,6,6,6,49.0,47.0,05:36,21:37,16.0,Flandres,"K60, K61",22,6,20:35,0,76.0,,50.250193,3.645483
87295600,Aulnoye-Aymeries,24,5,6,6,60.0,59.0,05:25,21:26,16.0,Flandres,"K60, K61",22,6,20:35,0,75.0,,50.197477,3.843333
87345157,Hénin-Beaumont,23,6,7,7,28.0,27.0,05:10,20:22,15.2,Flandres,C41,20,7,21:40,0,57.0,,50.417084,2.952082
87345165,Dourges,23,6,7,7,24.0,23.0,05:14,20:26,15.2,Flandres,C41,20,7,21:40,0,61.0,,50.431922,2.987013
87345140,Billy-Montigny,23,6,7,7,32.0,31.0,05:06,20:18,15.2,Flandres,C41,20,7,21:40,0,52.0,,50.415551,2.91187
87287151,Nieppe,21,7,6,6,25.0,18.0,05:09,20:12,15.0,Flandres,C70,19,7,20:23,0,61.0,,50.696864,2.829106
87286161,Steenwerck,21,7,6,6,29.0,22.0,05:05,20:08,15.0,Flandres,C70,19,7,20:23,0,59.0,,50.712787,2.786562
87286112,Loos lez Lille,21,6,6,7,13.0,13.0,06:31,20:58,14.4,Flandres,"C50, C51",25,7,20:47,0,21.0,,50.612936,3.016976
87345264,Pont-à-Vendin,21,7,6,5,32.0,32.0,06:02,20:27,14.4,Flandres,"C51, K51",24,7,20:47,0,43.0,,50.471303,2.875266
87345223,Leforest,21,7,6,7,33.0,31.0,06:00,21:00,15.0,Flandres,C40,22,6,22:27,0,45.0,,50.427785,3.059792
87345249,Ostricourt,21,7,6,6,29.0,27.0,06:04,21:04,15.0,Flandres,C40,22,6,22:27,0,48.0,,50.445501,3.032414
87345280,Bauvin - Provin,21,7,6,6,27.0,27.0,06:07,20:35,14.5,Flandres,"C51, K51",24,7,20:47,0,40.0,,50.511557,2.90543
87286500,Phalempin,21,7,6,6,19.0,18.0,06:14,21:14,15.0,Flandres,C40,22,6,22:27,0,46.0,,50.515367,3.019899
87286096,Haubourdin,21,7,6,6,16.0,16.0,06:28,20:55,14.4,Flandres,"C50, C51",25,7,20:47,0,24.0,,50.60707,2.990145
87287250,Lille Porte de Douai,21,6,6,7,6.0,6.0,06:38,21:06,14.5,Flandres,"C50, C51",25,7,20:47,0,27.0,,50.612114,3.075075
87286401,Santes,21,7,6,6,20.0,20.0,06:24,20:51,14.4,Flandres,"C50, C51",25,7,20:47,0,27.0,,50.592063,2.961977
87345207,Pont de la Deûle,21,7,6,6,37.0,35.0,05:56,20:56,15.0,Flandres,C40,22,6,22:27,0,45.0,,50.398139,3.085101
87286526,Wattignies - Templemars,21,7,6,6,11.0,10.0,06:22,21:22,15.0,Flandres,C40,22,6,22:27,0,39.0,,50.579309,3.051984
87286534,Ronchin,21,7,6,6,7.0,6.0,06:26,21:26,15.0,Flandres,C40,22,6,22:27,0,36.0,,50.604539,3.078334
87286419,Wavrin,21,7,6,6,24.0,23.0,06:21,20:48,14.4,Flandres,"C50, C51",25,7,20:47,0,30.0,,50.574424,2.936654
87286278,Pérenchies,20,7,6,6,15.0,14.0,06:22,20:22,14.0,Flandres,C70,19,7,20:23,0,32.0,,50.667044,2.977239
87286187,La Madeleine,20,7,6,7,7.0,6.0,06:30,20:30,14.0,Flandres,C70,19,7,20:23,0,27.0,,50.660628,3.072631
87286195,Saint-André,20,7,6,6,10.0,9.0,06:27,20:27,14.0,Flandres,C70,19,7,20:23,0,17.0,,50.654307,3.04766
87286203,Strazeele,20,7,6,7,40.0,39.0,05:57,19:57,14.0,Flandres,C70,19,7,20:23,0,49.0,,50.713419,2.630928
87281006,Dunkerque,19,6,5,5,68.0,31.0,05:12,20:12,15.0,Europe+Flandres,"K70, K90+",20,7,20:40,0,128.0,,51.03041,2.368991
88850010,Tournai,18,6,5,4,30.0,26.0,06:22,21:22,15.0,Flandres,P81,16,4,22:08,0,53.0,,50.613,3.396
87286872,Baisieux,18,5,5,5,15.0,13.0,06:35,21:37,15.0,Flandres,P81,16,4,22:08,0,55.0,,50.618307,3.23487
88850685,FROYENNES,18,6,5,4,25.0,21.0,06:27,21:28,15.0,Flandres,P81,16,4,22:08,0,58.0,,50.629,3.355
87286864,Ascq,17,5,5,5,10.0,8.0,06:40,21:42,15.0,Flandres,P81,16,4,22:08,0,49.0,,50.621804,3.159905
87286831,Pont de bois,17,4,4,5,7.0,7.0,06:43,21:45,15.0,Flandres,P81,15,4,22:08,0,38.0,,50.624032,3.130256
87286542,Tourcoing,15,5,5,5,14.0,14.0,06:37,21:37,15.0,Flandres,"K80, P80",14,4,22:09,3,48.0,,50.716826,3.168027
87286732,Roubaix,15,5,5,5,10.0,9.0,06:41,21:41,15.0,Flandres,"K80, P80",14,4,22:09,0,62.0,,50.695557,3.16351
87342014,Arras,14,4,3,4,36.0,35.0,06:31,21:42,15.2,Flandres,"K44, K45",15,4,20:58,0,75.0,,50.286971,2.781314
87313874,Amiens,13,3,3,4,77.0,77.0,05:50,19:50,14.0,Flandres,"K44, K45",14,4,19:53,0,77.0,,49.890584,2.308277
87295006,Maubeuge,13,3,4,3,71.0,70.0,05:12,21:14,16.0,Flandres,K60,12,4,20:35,0,65.0,,50.272952,3.966765
87313072,Albert,13,4,3,3,57.0,56.0,06:09,20:10,14.0,Flandres,"K44, K45",14,4,19:53,0,82.0,,50.005395,2.644481
87295048,Fourmies,12,4,3,3,95.0,73.0,05:20,20:20,15.0,Flandres,K61,11,3,20:05,0,81.0,,50.015392,4.053593
88857040,Mouscron,12,3,3,4,21.0,21.0,06:30,21:30,15.0,Flandres,K80,11,3,22:09,3,45.0,,50.738,3.225
88960080,Courtrai,12,3,3,3,37.0,37.0,06:14,21:14,15.0,Flandres,K80,11,3,22:09,0,40.0,,50.824,3.26
87295063,Hirson,12,4,3,3,107.0,82.0,05:08,20:07,15.0,Flandres,K61,11,3,20:05,0,79.0,,49.914558,4.084285
87295733,Avesnes-sur-Helpe,12,3,3,3,82.0,62.0,05:33,20:33,15.0,Flandres,K61,11,3,20:05,0,81.0,,50.126755,3.932902
87343210,Le Poirier Université,11,3,2,2,42.0,41.0,06:13,21:14,15.0,Flandres,K61,11,3,20:05,0,67.0,,50.330077,3.502635
87295709,Sains-du-Nord,11,3,2,3,88.0,88.0,05:27,20:27,15.0,Flandres,K61,10,2,20:05,0,61.0,,50.088914,4.001668
87345520,Cambrai,11,3,3,3,60.0,59.0,05:38,20:38,15.0,Flandres,K40,11,3,20:23,0,53.0,,50.176582,3.241197
87345561,Caudry,11,3,3,3,82.0,81.0,05:16,20:16,15.0,Flandres,K40,11,3,20:23,0,47.0,,50.111473,3.40971
87345314,Somain,11,4,3,2,37.0,36.0,06:01,20:59,15.0,Flandres,K40,11,3,20:23,0,58.0,,50.355699,3.277319
87345306,Montigny-en-Ostrevent,11,4,3,2,31.0,29.0,06:08,21:05,15.0,Flandres,K40,11,3,20:23,0,66.0,,50.36151,3.188369
87342402,Beuvry lès Béthune,11,3,3,4,50.0,50.0,05:54,19:54,14.0,Flandres,C50,12,3,20:16,0,35.0,,50.535523,2.692329
87342410,Cuinchy,11,3,3,4,45.0,45.0,05:59,19:59,14.0,Flandres,C50,12,3,20:16,0,35.0,,50.521851,2.74743
87296244,Busigny,11,3,3,3,91.0,90.0,05:07,20:07,15.0,Flandres,K40,11,3,20:23,0,48.0,,50.039547,3.446436
87295055,Anor,11,3,2,3,100.0,100.0,05:15,20:15,15.0,Flandres,K61,10,2,20:05,0,62.0,,49.985022,4.093473
87281121,Arnèke,11,4,4,3,49.0,48.0,05:31,20:31,15.0,Flandres,K70,12,4,20:40,0,64.0,,50.831509,2.408468
87281113,Esquelbecq,11,4,4,3,55.0,54.0,05:25,20:25,15.0,Flandres,K70,12,4,20:40,0,60.0,,50.889751,2.412368
87281139,Cassel,11,3,4,3,43.0,42.0,05:37,20:37,15.0,Flandres,K70,12,4,20:40,0,66.0,,50.78753,2.460361
87281105,Bergues,11,4,4,3,61.0,61.0,05:19,20:19,15.0,Flandres,K70,12,4,20:40,0,57.0,,50.968997,2.425787
87281444,Saint-Omer,11,5,5,4,50.0,48.0,05:57,20:57,15.0,Flandres,K71,11,5,21:13,0,73.0,,50.753618,2.266719
87296004,Saint-Quentin,11,2,3,4,107.0,106.0,04:51,19:50,15.0,Flandres,K40,11,3,20:23,0,51.0,,49.840025,3.296958
87342469,Marquillies,11,4,3,3,33.0,33.0,06:11,20:11,14.0,Flandres,C50,12,3,20:16,0,32.0,,50.548145,2.867373
87342451,Salomé,11,4,3,3,37.0,37.0,06:07,20:07,14.0,Flandres,C50,12,3,20:16,0,32.0,,50.541881,2.838268
87345231,Loison-sous-Lens,10,3,3,2,51.0,51.0,06:22,20:22,14.0,Flandres,C51,13,4,20:47,0,31.0,,50.440028,2.859549
87345272,Meurchin,10,3,3,3,42.0,42.0,06:31,20:31,14.0,Flandres,C51,13,4,20:47,0,29.0,,50.496717,2.892738
87345215,Sallaumines,10,3,3,2,54.0,54.0,06:19,20:19,14.0,Flandres,C51,13,4,20:47,0,31.0,,50.42229,2.855759
87286427,La Fontaine,10,3,3,3,28.0,28.0,06:45,20:45,14.0,Flandres,C51,13,4,20:47,0,27.0,,50.566305,2.926108
87281428,Audruicq,9,3,3,4,64.0,64.0,05:43,20:42,15.0,Flandres,K71,9,3,21:13,0,70.0,,50.875668,2.07633
87317263,Calais Ville,9,3,3,3,78.0,78.0,05:29,20:29,15.0,Flandres,K71,9,3,21:13,0,71.0,,50.953466,1.850885
87281436,Watten - Éperlecques,9,3,3,4,56.0,55.0,05:51,20:50,15.0,Flandres,K71,9,3,21:13,0,70.0,,50.826125,2.207597
87287102,Lezennes,6,2,2,2,5.0,5.0,06:47,17:17,10.5,Flandres,P81,5,1,17:32,0,32.0,,50.620531,3.097777
87281071,Calais - Fréthun,5,3,3,2,28.0,28.0,06:07,19:18,13.2,Europe,"K92+, K94+",5,2,20:40,0,200.0,,50.901247,1.811178
87286716,Croix - Wasquehal,5,2,2,2,8.0,8.0,07:43,18:43,11.0,Flandres,K80,4,2,18:09,0,50.0,,50.678528,3.138069
87281055,Croix l'Allumette,5,2,2,2,11.0,11.0,07:40,18:40,11.0,Flandres,K80,4,2,18:09,0,44.0,,50.6868,3.151126
87286062,Hellemmes,5,2,2,2,8.0,6.0,07:13,17:14,10.0,Flandres,P81,3,1,17:32,0,35.0,,50.622635,3.114932
87295014,Jeumont,4,1,1,1,79.0,78.0,06:05,21:06,15.0,Flandres,K60,3,3,19:35,0,63.0,,50.296149,4.08722
87342535,Vis à Marles,4,1,1,1,47.0,47.0,06:07,18:07,12.0,Flandres,"C50, K50",3,1,19:06,0,53.0,,50.50509,2.517363
87342543,Calonne-Ricouart,4,1,1,1,52.0,51.0,06:03,18:02,12.0,Flandres,"C50, K50",3,1,19:06,0,53.0,,50.482799,2.481062
87342550,Pernes - Camblain,4,0,1,1,56.5,56.0,05:58,17:57,12.0,Flandres,"C50, K50",3,1,19:06,0,52.0,,50.480353,2.431076
87342337,Saint-Pol-sur-Ternoise,4,0,1,1,70.0,70.0,05:44,17:44,12.0,Flandres,"C50, K50",3,1,19:06,0,51.0,,50.379156,2.33934
87313056,Corbie,4,2,1,0,66.5,66.0,08:01,20:01,12.0,Flandres,"K44, K45",4,2,17:53,0,82.0,,49.91163,2.499953
87411017,Rouen Rive Droite,3,1,0,1,168.0,165.0,07:19,18:22,11.0,Flandres,K45,3,1,17:53,0,70.0,,49.448663,1.094103
87313080,Saint-Roch,3,1,0,1,91.0,89.0,08:36,19:38,11.0,Flandres,K45,3,1,17:53,0,67.0,,49.893454,2.28377
87313395,Poix-de-Picardie,3,1,0,1,107.0,105.0,08:20,19:22,11.0,Flandres,K45,3,1,17:53,0,70.0,,49.777788,1.989899
87313759,Abancourt,3,1,0,1,119.0,117.0,08:08,19:10,11.0,Flandres,K45,3,1,17:53,0,72.0,,49.685621,1.774297
87342048,Achiet,3,2,2,0,47.0,47.0,06:20,12:20,6.0,Flandres,K44,5,2,19:53,0,76.0,,50.131919,2.780112
87317586,Boulogne sur Mer,3,1,2,1,62.0,60.0,05:34,18:46,13.2,Europe,K94+,3,1,20:40,0,103.0,,50.715613,1.609714
87411470,Serqueux,3,1,0,1,131.0,130.0,07:56,18:57,11.0,Flandres,K45,3,1,17:53,0,72.0,,49.631551,1.539403
87411454,Montérolier - Buchy,3,1,0,1,143.0,141.0,07:44,18:46,11.0,Flandres,K45,3,1,17:53,0,72.0,,49.603166,1.334721
87411447,Longuerue - Vieux-Manoir,3,1,0,1,149.0,147.0,07:38,18:40,11.0,Flandres,K45,3,1,17:53,0,72.0,,49.556678,1.276228
87411439,Morgny,3,1,0,1,154.0,151.0,07:33,18:36,11.0,Flandres,K45,3,1,17:53,0,71.0,,49.522874,1.247359
87286856,Annappes,2,1,1,1,14.0,14.0,07:08,17:08,10.0,Flandres,P81,2,1,17:32,0,24.0,,50.622807,3.14629
87287128,Mont de Terre,2,1,1,0,5.0,5.0,07:46,16:16,8.5,Flandres,C60,2,1,17:09,0,33.0,,50.618045,3.096004
87287276,Ennevelin,1,1,1,0,14.0,14.0,07:07,07:07,0.0,Flandres,C60,1,1,17:09,0,50.0,,50.549123,3.158711
87286609,Nomain,1,1,1,0,22.0,22.0,07:29,07:29,0.0,Flandres,C60,1,1,17:39,0,48.0,,50.50252,3.205983
87345132,Coron de Méricourt,1,1,1,0,34.0,34.0,07:16,07:16,0.0,Flandres,C41,1,1,17:40,0,49.0,,50.414934,2.886156
87317057,Rang-du-Fliers - Verton - Berck,1,1,1,0,92.0,92.0,06:32,06:32,0.0,Europe,K94+,0,0,,0,67.0,,50.415845,1.648048
87296293,Fresnoy-le-Grand,1,0,0,1,101.0,101.0,17:56,17:56,0.0,Flandres,K40,1,0,07:23,0,48.0,,49.949908,3.432208
87296269,Bohain,1,0,0,1,96.0,96.0,18:01,18:01,0.0,Flandres,K40,1,0,07:23,0,48.0,,49.988418,3.443168
87317065,Étaples - Le Touquet,1,1,1,0,81.0,81.0,06:43,06:43,0.0,Europe,K94+,0,0,,0,75.0,,50.516544,1.642582
87172007,Charleville-Mézières,1,1,1,0,145.0,145.0,06:30,06:30,0.0,Flandres,K61,1,1,17:05,0,63.0,,49.76763,4.724344
87171710,Courcy - Brimont,0,0,0,0,,,,,,,,0,0,,0,,,49.3296,4.013462
87171702,Aguilcourt - Variscourt,0,0,0,0,,,,,,,,0,0,,0,,,49.407994,3.973095
87171595,Rilly-la-Montagne,0,0,0,0,,,,,,,,0,0,,0,,,49.166504,4.040812
87171579,Avenay,0,0,0,0,,,,,,,,0,0,,0,,,49.064783,4.043689
87171561,Ay-Champagne,0,0,0,0,,,,,,,,0,0,,0,,,49.048797,4.00169
87171553,Épernay,0,0,0,0,,,,,,,,0,0,,0,,,49.046289,3.959798
87345421,Arleux,0,0,0,0,,,,,,,,0,0,,0,,,50.286347,3.120522
87175000,Saint-Dizier,0,0,0,0,,,,,,,,0,0,,0,,,48.642404,4.947855
87174276,Vitry-le-François,0,0,0,0,,,,,,,,0,0,,0,,,48.717913,4.587515
87174003,Châlons-en-Champagne,0,0,0,0,,,,,,,,0,0,,0,,,48.955252,4.348656
87171769,Coucy-lès-Eppes,0,0,0,0,,,,,,,,0,0,,0,,,49.556266,3.774726
87171751,Saint-Erme,0,0,0,0,,,,,,,,0,0,,0,,,49.526949,3.857591
87171744,Amifontaine,0,0,0,0,,,,,,,,0,0,,0,,,49.484738,3.910666
87171736,Guignicourt,0,0,0,0,,,,,,,,0,0,,0,,,49.434862,3.961334
87281410,Pont d'Ardres,0,0,0,0,,,,,,,,0,0,,0,,,50.892121,1.970791
87281402,Coudekerque-Branche,0,0,0,0,,,,,,,,1,0,05:40,0,,,51.017916,2.375182
87281311,Grande-Synthe,0,0,0,0,,,,,,,,0,0,,0,,,51.002569,2.313346
87281279,Bourbourg,0,0,0,0,,,,,,,,0,0,,0,,,50.952229,2.194259
87281246,Gravelines,0,0,0,0,,,,,,,,0,0,,0,,,50.978868,2.123312
87276774,Ourscamps,0,0,0,0,,,,,,,,0,0,,0,,,49.533927,2.954338
87276766,Ribécourt,0,0,0,0,,,,,,,,0,0,,0,,,49.506302,2.927092
87276741,Thourotte,0,0,0,0,,,,,,,,0,0,,0,,,49.475429,2.881771
87276733,Le Meux - La Croix-Saint-Ouen,0,0,0,0,,,,,,,,0,0,,0,,,49.35949,2.753483
87276725,Chambly,0,0,0,0,,,,,,,,0,0,,0,,,49.163605,2.240538
87276717,Bornel - Belle-Église,0,0,0,0,,,,,,,,0,0,,0,,,49.194621,2.207241
87276691,Compiègne,0,0,0,0,,,,,,,,0,0,,0,,,49.421977,2.823693
87276618,Montataire,0,0,0,0,,,,,,,,0,0,,0,,,49.251143,2.435958
87281469,Ebblinghem,0,0,0,0,,,,,,,,0,0,,0,,,50.730637,2.409058
87281451,Renescure,0,0,0,0,,,,,,,,0,0,,0,,,50.732006,2.371364
87295667,Ors,0,0,0,0,,,,,,,,0,0,,0,,,50.103238,3.627036
87295642,Landrecies,0,0,0,0,,,,,,,,0,0,,0,,,50.128148,3.682571
87295568,Hautmont,0,0,0,0,,,,,,,,0,0,,0,,,50.253993,3.915207
87295543,Sous le Bois,0,0,0,0,,,,,,,,0,0,,0,,,50.265748,3.939508
87295535,Louvroil,0,0,0,0,,,,,,,,0,0,,0,,,50.268537,3.953691
87295220,Le Cateau,0,0,0,0,,,,,,,,0,0,,0,,,50.091512,3.539982
87295022,Recquignies,0,0,0,0,,,,,,,,0,0,,0,,,50.284146,4.043803
87287300,Ruminghem,0,0,0,0,,,,,,,,0,0,,0,,,50.861744,2.158317
87287292,Nortkerque,0,0,0,0,,,,,,,,0,0,,0,,,50.882822,2.02363
87296178,Clacy - Mons,0,0,0,0,,,,,,,,0,0,,0,,,49.543787,3.576635
87296152,Crépy - Couvron,0,0,0,0,,,,,,,,0,0,,0,,,49.62325,3.516475
87296145,Origny-en-Thiérache,0,0,0,0,,,,,,,,0,0,,0,,,49.890821,4.023957
87296129,Vervins,0,0,0,0,,,,,,,,0,0,,0,,,49.829884,3.893519
87296095,Marle sur Serre,0,0,0,0,,,,,,,,0,0,,0,,,49.746918,3.769971
87296012,Laon,0,0,0,0,,,,,,,,0,0,,0,,,49.570578,3.62434
87295808,Berlaimont,0,0,0,0,,,,,,,,0,0,,0,,,50.198044,3.810429
87295790,Leval,0,0,0,0,,,,,,,,0,0,,0,,,50.184614,3.836629
87295774,Dompierre,0,0,0,0,,,,,,,,0,0,,0,,,50.145955,3.871082
87295725,Avesnelles,0,0,0,0,,,,,,,,0,0,,0,,,50.118497,3.948638
87297291,Barenton-Bugny,0,0,0,0,,,,,,,,0,0,,0,,,49.630696,3.655698
87297283,Vauxaillon,0,0,0,0,,,,,,,,0,0,,0,,,49.47424,3.40953
87297150,Voyenne,0,0,0,0,,,,,,,,0,0,,0,,,49.726227,3.720575
87297143,Dercy - Froidmont,0,0,0,0,,,,,,,,0,0,,0,,,49.702784,3.69205
87297119,Verneuil-sur-Serre,0,0,0,0,,,,,,,,0,0,,0,,,49.648709,3.667803
87297085,La Bouteille,0,0,0,0,,,,,,,,0,0,,0,,,49.859729,3.981616
87297051,Viry-Noureuil,0,0,0,0,,,,,,,,0,0,,0,,,49.627357,3.250169
87296871,Flavy-le-Martel,0,0,0,0,,,,,,,,0,0,,0,,,49.718446,3.190179
87296632,La Fère,0,0,0,0,,,,,,,,0,0,,0,,,49.658015,3.369817
87296616,Chauny,0,0,0,0,,,,,,,,0,0,,0,,,49.611165,3.223484
87296608,Versigny,0,0,0,0,,,,,,,,0,0,,0,,,49.657428,3.433654
87296566,Anizy - Pinon,0,0,0,0,,,,,,,,0,0,,0,,,49.49615,3.448575
87296459,Appilly,0,0,0,0,,,,,,,,0,0,,0,,,49.580466,3.120772
87296442,Tergnier,0,0,0,0,,,,,,,,0,0,,0,,,49.659129,3.297253
87296434,Mennessis,0,0,0,0,,,,,,,,0,0,,0,,,49.692061,3.270562
87296418,Montescourt,0,0,0,0,,,,,,,,0,0,,0,,,49.738786,3.25206
87313239,La Faloise,0,0,0,0,,,,,,,,0,0,,0,,,49.696476,2.348668
87313221,Ailly-sur-Noye,0,0,0,0,,,,,,,,0,0,,0,,,49.754206,2.364147
87313213,Boves,0,0,0,0,,,,,,,,0,0,,0,,,49.846337,2.397793
87313130,Pont-Remy,0,0,0,0,,,,,,,,0,0,,0,,,50.04715,1.898937
87313122,Longpré-les-Corps-Saints,0,0,0,0,,,,,,,,0,0,,0,,,50.011564,2.0025
87313114,Hangest-sur-Somme,0,0,0,0,,,,,,,,0,0,,0,,,49.982239,2.065996
87313106,Picquigny,0,0,0,0,,,,,,,,0,0,,0,,,49.945998,2.143139
87313098,Ailly-sur-Somme,0,0,0,0,,,,,,,,0,0,,0,,,49.928515,2.200476
87276204,Laigneville,0,0,0,0,,,,,,,,0,0,,0,,,49.29291,2.449251
87276113,Chantilly - Gouvieux,0,0,0,0,,,,,,,,0,0,,0,,,49.187219,2.459771
87276006,Creil,0,0,0,0,,,,,,,,0,0,,0,,,49.263775,2.469293
87272286,Corcy,0,0,0,0,,,,,,,,0,0,,0,,,49.255201,3.216073
87272195,Longueil-Annel,0,0,0,0,,,,,,,,0,0,,0,,,49.466991,2.862877
87272096,Esches,0,0,0,0,,,,,,,,0,0,,0,,,49.212562,2.170599
87272013,Jaux,0,0,0,0,,,,,,,,0,0,,0,,,49.386448,2.777299
87271882,Margival,0,0,0,0,,,,,,,,0,0,,0,,,49.439376,3.402717
87276782,Noyon,0,0,0,0,,,,,,,,0,0,,0,,,49.577351,3.006434
87313064,Méricourt - Ribemont,0,0,0,0,,,,,,,,0,0,,0,,,49.955465,2.571807
87313049,Longueau,0,0,0,0,,,,,,,,0,0,,0,,,49.863407,2.352233
87297531,Saint-Hilaire,0,0,0,0,,,,,,,,0,0,,0,,,50.132082,3.913485
87297523,Hachette,0,0,0,0,,,,,,,,0,0,,0,,,50.158171,3.74306
87297515,Les Bons Pères,0,0,0,0,,,,,,,,0,0,,0,,,50.279963,4.011109
87313445,Marcelcave,0,0,0,0,,,,,,,,0,0,,0,,,49.853115,2.581744
87313437,Villers-Bretonneux,0,0,0,0,,,,,,,,0,0,,0,,,49.862968,2.521424
87313403,Rémy,0,0,0,0,,,,,,,,0,0,,0,,,49.433353,2.705802
87313387,Estrées-Saint-Denis,0,0,0,0,,,,,,,,0,0,,0,,,49.438169,2.642137
87313379,Namps - Quevauvillers,0,0,0,0,,,,,,,,0,0,,0,,,49.808304,2.105212
87313353,Tricot,0,0,0,0,,,,,,,,0,0,,0,,,49.561971,2.581782
87313346,Montdidier,0,0,0,0,,,,,,,,0,0,,0,,,49.64147,2.56295
87313338,Hargicourt - Pierrepont,0,0,0,0,,,,,,,,0,0,,0,,,49.71431,2.531238
87313320,Moreuil,0,0,0,0,,,,,,,,0,0,,0,,,49.776931,2.475896
87313304,Clermont de l'Oise,0,0,0,0,,,,,,,,0,0,,0,,,49.385278,2.417663
87313296,Avrechy,0,0,0,0,,,,,,,,0,0,,0,,,49.444637,2.418194
87313288,Saint-Remy-en-l'Eau,0,0,0,0,,,,,,,,0,0,,0,,,49.468447,2.425975
87313270,Saint-Just-en-Chaussée,0,0,0,0,,,,,,,,0,0,,0,,,49.50364,2.42949
87313262,Gannes,0,0,0,0,,,,,,,,0,0,,0,,,49.572092,2.437055
87313247,Breteuil-Embranchement,0,0,0,0,,,,,,,,0,0,,0,,,49.626499,2.384714
87313692,Herchies,0,0,0,0,,,,,,,,0,0,,0,,,49.488061,2.010646
87313684,Saint-Sulpice - Auteuil,0,0,0,0,,,,,,,,0,0,,0,,,49.347397,2.116453
87313676,Laboissière - Le Déluge,0,0,0,0,,,,,,,,0,0,,0,,,49.28867,2.136197
87313668,Méru,0,0,0,0,,,,,,,,0,0,,0,,,49.232385,2.132415
87313601,Rochy-Condé,0,0,0,0,,,,,,,,0,0,,0,,,49.39866,2.173021
87313593,Villers-Saint-Sépulcre,0,0,0,0,,,,,,,,0,0,,0,,,49.367986,2.220386
87313585,Hermes - Berthecourt,0,0,0,0,,,,,,,,0,0,,0,,,49.354439,2.2419
87313577,Mouy - Bury,0,0,0,0,,,,,,,,0,0,,0,,,49.320442,2.326374
87313569,Balagny Saint-Épin,0,0,0,0,,,,,,,,0,0,,0,,,49.294332,2.343907
87313551,Cires-lès-Mello,0,0,0,0,,,,,,,,0,0,,0,,,49.271683,2.360435
87313544,Cramoisy,0,0,0,0,,,,,,,,0,0,,0,,,49.256472,2.404874
87313510,Beauvais,0,0,0,0,,,,,,,,0,0,,0,,,49.426522,2.088609
87313494,Ham,0,0,0,0,,,,,,,,0,0,,0,,,49.739855,3.070268
87313486,Nesle,0,0,0,0,,,,,,,,0,0,,0,,,49.763782,2.909084
87313478,Chaulnes,0,0,0,0,,,,,,,,0,0,,0,,,49.807679,2.801103
87313460,Rosières,0,0,0,0,,,,,,,,0,0,,0,,,49.822584,2.711198
87316075,Dreuil-lès-Amiens,0,0,0,0,,,,,,,,0,0,,0,,,49.91449,2.231126
87316067,Buire-sur-l'Ancre,0,0,0,0,,,,,,,,0,0,,0,,,49.964797,2.598159
87316059,Heilly,0,0,0,0,,,,,,,,0,0,,0,,,49.943356,2.539521
87315044,Daours,0,0,0,0,,,,,,,,0,0,,0,,,49.899168,2.458674
87313841,Fouilloy,0,0,0,0,,,,,,,,0,0,,0,,,49.736315,1.825774
87313833,Formerie,0,0,0,0,,,,,,,,0,0,,0,,,49.654606,1.723582
87313817,Longroy - Gamaches,0,0,0,0,,,,,,,,0,0,,0,,,49.982444,1.551899
87313809,Blangy-sur-Bresle,0,0,0,0,,,,,,,,0,0,,0,,,49.932363,1.625558
87313767,Aumale,0,0,0,0,,,,,,,,0,0,,0,,,49.765115,1.756069
87171512,Dormans,0,0,0,0,,,,,,,,0,0,,0,,,49.07908,3.641835
87313742,Feuquières - Broquiers,0,0,0,0,,,,,,,,0,0,,0,,,49.654339,1.830884
87313734,Grandvilliers,0,0,0,0,,,,,,,,0,0,,0,,,49.659393,1.93854
87313726,Marseille-en-Beauvaisis,0,0,0,0,,,,,,,,0,0,,0,,,49.571031,1.954751
87313718,Saint-Omer-en-Chaussée,0,0,0,0,,,,,,,,0,0,,0,,,49.531044,1.997725
87313700,Milly-sur-Thérain,0,0,0,0,,,,,,,,0,0,,0,,,49.503848,1.988745
87317123,Wimille - Wimereux,0,0,0,0,,,,,,,,0,0,,0,,,50.763642,1.613609
87317115,Pont de Briques,0,0,0,0,,,,,,,,0,0,,0,,,50.682422,1.627173
87317107,Hesdigneul,0,0,0,0,,,,,,,,0,0,,0,,,50.661076,1.667119
87317099,Neufchâtel-Hardelot,0,0,0,0,,,,,,,,0,0,,0,,,50.623564,1.643352
87317081,Dannes - Camiers,0,0,0,0,,,,,,,,0,0,,0,,,50.575889,1.614497
87113001,Paris Est,0,0,0,0,,,,,,,,0,0,,0,,,48.876742,2.358424
87116517,La Ferté-sous-Jouarre,0,0,0,0,,,,,,,,0,0,,0,,,48.95078,3.125466
87317016,Boulogne - Tintelleries,0,0,0,0,,,,,,,,0,0,,0,,,50.727284,1.609036
87316687,Le Haut Banc,0,0,0,0,,,,,,,,0,0,,0,,,50.816461,1.772433
87316679,Pihen,0,0,0,0,,,,,,,,0,0,,0,,,50.87275,1.784602
87316604,Aubin-Saint-Vaast,0,0,0,0,,,,,,,,0,0,,0,,,50.394755,1.970029
87316406,Montreuil-sur-Thérain,0,0,0,0,,,,,,,,0,0,,0,,,49.381222,2.200975
87316398,Heilles - Mouchy,0,0,0,0,,,,,,,,0,0,,0,,,49.340507,2.272494
87316208,Wacquemoulin,0,0,0,0,,,,,,,,0,0,,0,,,49.502918,2.611911
87316125,Thézy-Glimont,0,0,0,0,,,,,,,,0,0,,0,,,49.811866,2.435741
87316109,Dommartin - Remiencourt,0,0,0,0,,,,,,,,0,0,,0,,,49.799335,2.39238
87317529,Le Tréport - Mers-les-Bains,0,0,0,0,,,,,,,,0,0,,0,,,50.062716,1.376078
87317404,Rue,0,0,0,0,,,,,,,,0,0,,0,,,50.273147,1.675697
87317396,Noyelles-sur-Mer,0,0,0,0,,,,,,,,0,0,,0,,,50.187305,1.70453
87317362,Abbeville,0,0,0,0,,,,,,,,0,0,,0,,,50.102175,1.824538
87317339,Marquise - Rinxent,0,0,0,0,,,,,,,,0,0,,0,,,50.805686,1.729786
87317321,Caffiers,0,0,0,0,,,,,,,,0,0,,0,,,50.8498,1.812401
87317305,Les Fontinettes,0,0,0,0,,,,,,,,0,0,,0,,,50.941002,1.849858
87116582,Château-Thierry,0,0,0,0,,,,,,,,0,0,,0,,,49.03814,3.409302
87317255,Anvin,0,0,0,0,,,,,,,,0,0,,0,,,50.446779,2.255089
87317248,Blangy-sur-Ternoise,0,0,0,0,,,,,,,,0,0,,0,,,50.424662,2.1723
87317230,Auchy-lès-Hesdin,0,0,0,0,,,,,,,,0,0,,0,,,50.396249,2.102353
87317222,Hesdin,0,0,0,0,,,,,,,,0,0,,0,,,50.378181,2.0353
87317206,Maresquel,0,0,0,0,,,,,,,,0,0,,0,,,50.408063,1.930917
87317198,Beaurainville,0,0,0,0,,,,,,,,0,0,,0,,,50.422895,1.895193
87317180,Brimeux,0,0,0,0,,,,,,,,0,0,,0,,,50.446741,1.833896
87317164,Montreuil sur Mer,0,0,0,0,,,,,,,,0,0,,0,,,50.4662,1.768893
87342139,Noeux-Les-Mines,0,0,0,0,,,,,,,,0,0,,0,,,50.48296,2.673969
87342121,Mazingarbe,0,0,0,0,,,,,,,,0,0,,0,,,50.460479,2.701408
87342113,Vitry-en-Artois,0,0,0,0,,,,,,,,0,0,,0,,,50.327121,2.9805
87342105,Bully - Grenay,0,0,0,0,,,,,,,,0,0,,0,,,50.448357,2.733391
87342097,Biache-Saint-Vaast,0,0,0,0,,,,,,,,0,0,,0,,,50.316257,2.941718
87342089,Roeux,0,0,0,0,,,,,,,,0,0,,0,,,50.30342,2.894364
87342071,Boisleux,0,0,0,0,,,,,,,,0,0,,0,,,50.21046,2.771961
87342063,Courcelles-le-Comte,0,0,0,0,,,,,,,,0,0,,0,,,50.169632,2.787939
87141002,Nancy,0,0,0,0,,,,,,,,0,0,,0,,,48.689857,6.174579
87342030,Miraumont,0,0,0,0,,,,,,,,0,0,,0,,,50.095928,2.734593
87324335,Hirson Écoles,0,0,0,0,,,,,,,,0,0,,0,,,49.928848,4.086152
87317610,Beau Marais,0,0,0,0,,,,,,,,0,0,,0,,,50.945387,1.898108
87141044,Toul,0,0,0,0,,,,,,,,0,0,,0,,,48.679011,5.880499
87317537,Eu,0,0,0,0,,,,,,,,0,0,,0,,,50.054139,1.417087
87141150,Lunéville,0,0,0,0,,,,,,,,0,0,,0,,,48.58799,6.496997
87342303,Tincques,0,0,0,0,,,,,,,,0,0,,0,,,50.357153,2.49804
87342295,Steenbecque,0,0,0,0,,,,,,,,0,0,,0,,,50.681445,2.510593
87342287,Thiennes,0,0,0,0,,,,,,,,0,0,,0,,,50.652356,2.472922
87342279,Berguette - Isbergues,0,0,0,0,,,,,,,,0,0,,0,,,50.61379,2.462786
87342261,Ham-en-Artois,0,0,0,0,,,,,,,,0,0,,0,,,50.590055,2.46576
87342253,Savy-Berlette,0,0,0,0,,,,,,,,0,0,,0,,,50.353862,2.558068
87342246,Aubigny-en-Artois,0,0,0,0,,,,,,,,0,0,,0,,,50.3529,2.592519
87342238,Lillers,0,0,0,0,,,,,,,,0,0,,0,,,50.561711,2.478906
87342220,Chocques,0,0,0,0,,,,,,,,0,0,,0,,,50.53833,2.564841
87342212,Frévin-Capelle,0,0,0,0,,,,,,,,0,0,,0,,,50.347208,2.63317
87342204,Fouquereuil,0,0,0,0,,,,,,,,0,0,,0,,,50.525383,2.608261
87342188,Maroeuil,0,0,0,0,,,,,,,,0,0,,0,,,50.322431,2.698498
87343400,Trith-Saint-Léger,0,0,0,0,,,,,,,,0,0,,0,,,50.331565,3.489508
87343319,Raismes,0,0,0,0,,,,,,,,0,0,,0,,,50.39029,3.478839
87343301,Wallers,0,0,0,0,,,,,,,,0,0,,0,,,50.3845,3.393922
87343160,Beuvrages,0,0,0,0,,,,,,,,0,0,,0,,,50.38944,3.506007
87342592,Bailleul-Sir-Berthoult,0,0,0,0,,,,,,,,0,0,,0,,,50.335379,2.841149
87271551,Le Plessis-Belleville,0,0,0,0,,,,,,,,0,0,,0,,,49.095912,2.744855
87271536,Dammartin - Juilly - Saint-Mard,0,0,0,0,,,,,,,,0,0,,0,,,49.03219,2.69887
87271007,Paris Gare du Nord,0,0,0,0,,,,,,,,0,0,,0,,,48.880136,2.354851
87215012,Sarrebourg,0,0,0,0,,,,,,,,0,0,,0,,,48.73808,7.05285
87212225,Saverne,0,0,0,0,,,,,,,,0,0,,0,,,48.744483,7.362055
87212027,Strasbourg,0,0,0,0,,,,,,,,0,0,,0,,,48.58511,7.733882
87175257,Commercy,0,0,0,0,,,,,,,,0,0,,0,,,48.765749,5.58861
87175042,Bar-le-Duc,0,0,0,0,,,,,,,,0,0,,0,,,48.773598,5.167053
87276469,Persan - Beaumont,0,0,0,0,,,,,,,,0,0,,0,,,49.14795,2.27914
87276378,Villers-Saint-Paul,0,0,0,0,,,,,,,,0,0,,0,,,49.282396,2.489455
87276352,Rieux - Angicourt,0,0,0,0,,,,,,,,0,0,,0,,,49.298581,2.521185
87276329,Pont-Sainte-Maxence,0,0,0,0,,,,,,,,0,0,,0,,,49.309736,2.602893
87276311,Chevrières,0,0,0,0,,,,,,,,0,0,,0,,,49.337314,2.682515
87276303,Longueil-Sainte-Marie,0,0,0,0,,,,,,,,0,0,,0,,,49.342407,2.717636
87276279,Orry-la-Ville - Coye,0,0,0,0,,,,,,,,0,0,,0,,,49.13893,2.489997
87276212,Liancourt - Rantigny,0,0,0,0,,,,,,,,0,0,,0,,,49.324818,2.445255
87342584,Avion,0,0,0,0,,,,,,,,0,0,,0,,,50.40721,2.83363
87342576,Vimy,0,0,0,0,,,,,,,,0,0,,0,,,50.374013,2.82192
87271734,Villers-Cotterêts,0,0,0,0,,,,,,,,0,0,,0,,,49.250228,3.093604
87271593,Crépy-en-Valois,0,0,0,0,,,,,,,,0,0,,0,,,49.231252,2.886494
87271577,Nanteuil-le-Haudouin,0,0,0,0,,,,,,,,0,0,,0,,,49.142673,2.794502
87342527,Farbus,0,0,0,0,,,,,,,,0,0,,0,,,50.357477,2.830747
87171272,Reims Maison Blanche,0,0,0,0,,,,,,,,0,0,,0,,,49.233406,4.022648
87345124,Pont de Sallaumines,0,0,0,0,,,,,,,,0,0,,0,,,50.415772,2.863086
87345116,Corbehem,0,0,0,0,,,,,,,,0,0,,0,,,50.342992,3.040005
87345108,Brebières Sud,0,0,0,0,,,,,,,,0,0,,0,,,50.336155,3.013977
87345041,Liévin,0,0,0,0,,,,,,,,0,0,,0,,,50.434247,2.771851
87345033,Loos-en-Gohelle,0,0,0,0,,,,,,,,0,0,,0,,,50.437854,2.793526
87343475,Lourches,0,0,0,0,,,,,,,,0,0,,0,,,50.310238,3.343186
87343459,Denain,0,0,0,0,,,,,,,,0,0,,0,,,50.33445,3.388679
87343418,Prouvy - Thiant,0,0,0,0,,,,,,,,0,0,,0,,,50.316488,3.46127
87345447,Aubigny-au-Bac,0,0,0,0,,,,,,,,0,0,,0,,,50.268551,3.158781
87345439,Brunémont,0,0,0,0,,,,,,,,0,0,,0,,,50.278221,3.146038
87171009,Reims,0,0,0,0,,,,,,,,0,0,,0,,,49.259602,4.02392
87754549,Mon Idée,0,0,0,0,,,,,,,,0,0,,0,,,49.872526,4.37965
87417444,Franchet d'Esperey,0,0,0,0,,,,,,,,0,0,,0,,,49.242536,4.013869
88720090,Charleroi-Central,0,0,0,0,,,,,,,,0,0,,0,,,50.404393,4.438504
87411462,Sommery,0,0,0,0,,,,,,,,0,0,,0,,,49.629664,1.435304
88718528,MARCHIENNE-ZONE,0,0,0,0,,,,,,,,0,0,,0,,,50.397166,4.389017
88718379,LANDELIES,0,0,0,0,,,,,,,,0,0,,0,,,50.377314,4.350981
88718296,HOURPES,0,0,0,0,,,,,,,,0,0,,0,,,50.3637,4.3087
88718114,THUIN,0,0,0,0,,,,,,,,0,0,,0,,,50.342739,4.288914
88717124,LOBBES,0,0,0,0,,,,,,,,0,0,,0,,,50.346384,4.260988
88716886,FONTAINE-VALMONT,0,0,0,0,,,,,,,,0,0,,0,,,50.320439,4.211775
88716704,LABUISSIERE,0,0,0,0,,,,,,,,0,0,,0,,,50.316139,4.186581
88716621,SOLRE-SUR-SAMBRE,0,0,0,0,,,,,,,,0,0,,0,,,50.312639,4.158431
88716472,ERQUELINNES-VILLAGE,0,0,0,0,,,,,,,,0,0,,0,,,50.309539,4.130281
88716050,ERQUELINNES,0,0,0,0,,,,,,,,0,0,,0,,,50.304,4.113
87271601,Vaumoise,0,0,0,0,,,,,,,,0,0,,0,,,49.233921,2.988748
87765404,Voyenne Ecole,0,0,0,0,,,,,,,,0,0,,0,,,49.723842,3.730776
87345413,Cantin,0,0,0,0,,,,,,,,0,0,,0,,,50.312554,3.122145
87345405,Sin-le-Noble,0,0,0,0,,,,,,,,0,0,,0,,,50.356683,3.112559
87345397,Iwuy,0,0,0,0,,,,,,,,0,0,,0,,,50.225853,3.329875
87345389,Bouchain,0,0,0,0,,,,,,,,0,0,,0,,,50.278151,3.33173
87171728,Loivre,0,0,0,0,,,,,,,,0,0,,0,,,49.346676,3.990625
87345595,Wambaix,0,0,0,0,,,,,,,,0,0,,0,,,50.133856,3.311485
87345587,Cattenières,0,0,0,0,,,,,,,,0,0,,0,,,50.128347,3.333718
87345553,Bertry,0,0,0,0,,,,,,,,0,0,,0,,,50.091134,3.448857
87345546,Maurois,0,0,0,0,,,,,,,,0,0,,0,,,50.068059,3.455903
87345496,Escaudoeuvres,0,0,0,0,,,,,,,,0,0,,0,,,50.191744,3.275473
87271874,Crouy,0,0,0,0,,,,,,,,0,0,,0,,,49.40365,3.356999
87271817,Soissons,0,0,0,0,,,,,,,,0,0,,0,,,49.369226,3.33809
87271783,Vierzy,0,0,0,0,,,,,,,,0,0,,0,,,49.29103,3.277834
87271775,Longpont,0,0,0,0,,,,,,,,0,0,,0,,,49.272602,3.230265
87765396,Erlon,0,0,0,0,,,,,,,,0,0,,0,,,49.727376,3.714676
