code_insee,commune,dep,PMUN,dans_MEL,P22_POP,taux_var_pop_16_22_pct_an,taux_var_pop_11_16_pct_an,accel_pop_pts,dynamique_pop,indice_vieillissement_2022,evol_vieillissement_16_22_pts,taux_migration_entrante_pct,arrivants_actifs_pour_1000hab,part_actifs_tc_pct_2022,part_actifs_velo_pct_2022,part_actifs_voiture_pct_2022,evol_part_tc_16_22_pts,evol_prix_maison_24_25_pct,n_ventes_maison
59002,Abscon,59,4203,False,4160.0,-1.08,0.91,-1.99,declin qui s'aggrave,80.0,24.0,6.1,29.1,3.3,2.1,88.6,-1.8,32.0,53
59004,Aix-en-Pévèle,59,1358,False,1348.0,2.17,1.26,0.91,croissance qui accelere,56.0,5.0,7.6,36.4,6.8,1.6,84.7,1.3,,23
59005,Allennes-les-Marais,59,3567,True,3549.0,0.41,0.8,-0.39,croissance qui ralentit,63.0,20.0,6.4,31.5,5.9,1.7,87.0,-1.4,3.8,74
59008,Aniche,59,9997,False,10001.0,-0.49,-0.4,-0.09,declin qui s'aggrave,49.0,10.0,6.2,29.7,6.8,2.1,80.5,0.7,7.1,193
59011,Annœullin,59,10780,True,10887.0,0.62,1.81,-1.19,croissance qui ralentit,69.0,16.0,5.9,32.3,8.4,1.9,81.8,0.4,0.4,194
59013,Anstaing,59,1601,True,1643.0,2.32,1.75,0.57,croissance qui accelere,61.0,14.0,5.1,32.3,3.9,2.5,87.3,-0.6,,31
59014,Anzin,59,13422,False,13417.0,-0.01,-0.08,0.07,stable,57.0,7.0,7.0,25.7,11.3,3.7,69.3,-1.0,7.3,203
59015,Arleux,59,3151,False,3148.0,0.1,0.76,-0.66,stable,87.0,20.0,5.1,18.8,4.3,0.8,83.4,0.3,-2.2,59
59017,Armentières,59,25581,True,26107.0,0.71,-0.54,1.25,croissance qui accelere,59.0,6.0,6.5,30.8,16.9,3.0,66.5,2.1,7.3,539
59018,Arnèke,59,1561,False,1557.0,-0.87,0.53,-1.4,declin qui s'aggrave,140.0,35.0,7.2,25.0,9.0,0.9,76.5,-0.1,,27
59019,Artres,59,1064,False,1073.0,0.31,0.5,-0.19,croissance qui ralentit,75.0,24.0,4.5,16.6,2.7,0.2,88.1,-4.4,,16
59022,Attiches,59,2238,False,2241.0,-0.2,-0.19,-0.01,stable,80.0,9.0,7.3,38.7,5.7,1.0,86.1,0.3,5.5,62
59024,Auberchicourt,59,4626,False,4626.00000000001,0.82,-0.48,1.3,croissance qui accelere,81.0,4.0,5.6,26.4,4.9,2.6,86.1,-1.1,20.3,93
59025,Aubers,59,1722,True,1746.0,1.36,0.96,0.4,croissance qui accelere,86.0,9.0,7.5,40.7,2.2,0.5,89.4,0.4,,53
59026,Aubigny-au-Bac,59,1159,False,1167.0,-0.24,-0.73,0.49,stable,72.0,16.0,6.1,29.3,5.6,0.2,86.8,0.5,,19
59027,Aubry-du-Hainaut,59,1726,False,1715.0,0.64,2.46,-1.82,croissance qui ralentit,96.0,9.0,4.0,23.5,5.4,1.6,85.9,-0.4,,25
59028,Auby,59,7188,False,7170.99999999999,-0.26,-0.57,0.31,stable,63.0,3.0,5.1,25.0,6.4,3.1,80.2,1.2,23.2,64
59029,Auchy-lez-Orchies,59,1486,False,1542.0,0.11,0.54,-0.43,stable,69.0,12.0,11.8,69.4,5.0,0.6,87.9,0.8,,40
59032,Aulnoy-lez-Valenciennes,59,7183,False,7125.0,-0.44,-0.3,-0.14,declin qui s'aggrave,82.0,8.0,8.3,29.8,13.5,1.6,70.8,-1.5,-0.4,127
59034,Avelin,59,2600,False,2575.0,-0.81,1.07,-1.88,declin qui s'aggrave,89.0,31.0,5.4,34.5,3.8,0.8,88.8,0.3,-2.7,55
59038,Avesnes-le-Sec,59,1447,False,1453.0,-0.19,1.27,-1.46,stable,65.0,2.0,5.9,26.4,1.3,1.1,89.7,0.2,,22
59042,Bachy,59,1883,False,1890.0,1.88,2.73,-0.85,croissance qui ralentit,60.0,9.0,10.1,49.1,3.1,0.2,91.2,-0.4,28.4,39
59043,Bailleul,59,14869,False,14734.0,0.31,-0.07,0.38,croissance qui accelere,105.0,22.0,5.5,25.0,11.1,1.7,75.9,-0.1,5.9,239
59044,Baisieux,59,5177,True,5361.0,2.04,1.03,1.01,croissance qui accelere,62.0,5.0,9.3,49.5,7.2,2.4,82.0,0.2,4.2,120
59052,Bauvin,59,4999,True,5124.0,-0.34,-0.15,-0.19,declin qui s'aggrave,80.0,15.0,5.8,32.0,10.1,1.5,82.1,1.7,-6.5,104
59054,Bavinchove,59,1046,False,1046.0,1.44,0.75,0.69,croissance qui accelere,61.0,-5.0,6.6,34.4,7.7,1.5,82.2,-0.6,,25
59064,Bellaing,59,1329,False,1315.0,1.19,0.67,0.52,croissance qui accelere,102.0,2.0,4.2,17.3,4.3,2.1,87.8,-0.0,,16
59071,Bersée,59,2296,False,2289.0,0.56,-0.38,0.94,croissance qui accelere,80.0,13.0,7.5,43.0,5.2,0.8,87.5,0.0,,38
59079,Beuvrages,59,6784,False,6791.0,0.33,-0.05,0.38,croissance qui accelere,57.0,6.0,5.1,22.6,7.0,4.0,81.0,-0.2,4.1,79
59080,Beuvry-la-Forêt,59,2834,False,2852.0,0.65,-0.05,0.7,croissance qui accelere,88.0,17.0,7.6,43.8,7.7,1.4,83.3,-0.4,-8.1,54
59082,Bierne,59,1772,False,1744.0,-0.68,1.65,-2.33,declin qui s'aggrave,69.0,30.0,4.5,21.4,3.2,2.4,89.2,0.3,,39
59084,Blaringhem,59,2043,False,2046.0,-0.24,0.93,-1.17,stable,66.0,12.0,6.8,29.7,3.2,0.9,87.7,-0.1,,34
59086,Boeschepe,59,2179,False,2212.0,0.2,-0.06,0.26,stable,87.0,21.0,5.8,28.5,4.4,1.6,85.4,-0.3,-12.9,53
59088,Bois-Grenier,59,1793,True,1784.0,1.8,1.19,0.61,croissance qui accelere,72.0,3.0,7.6,40.2,4.7,1.0,87.2,0.2,,35
59089,Bollezeele,59,1423,False,1425.0,-0.19,0.28,-0.47,stable,109.0,15.0,8.4,34.0,3.3,1.1,83.3,1.0,,26
59090,Bondues,59,9713,True,9666.0,-0.64,0.46,-1.1,declin qui s'aggrave,101.0,18.0,4.9,24.7,4.4,2.3,85.5,-0.9,14.6,254
59094,Bourbourg,59,7023,False,6958.0,-0.36,0.23,-0.59,declin qui s'aggrave,83.0,10.0,8.8,39.8,2.9,2.1,82.8,-0.0,26.8,101
59096,Bourghelles,59,1673,False,1678.0,0.02,1.06,-1.04,stable,75.0,10.0,5.2,21.9,3.6,1.2,89.1,-0.2,,32
59098,Bousbecque,59,4847,True,4956.0,0.42,0.56,-0.14,croissance qui ralentit,69.0,14.0,5.1,24.4,4.7,2.1,83.4,1.4,23.8,92
59105,Bouvignies,59,1548,False,1564.0,0.26,0.14,0.12,stable,72.0,4.0,5.2,29.7,7.3,1.0,86.0,-0.9,,23
59112,Bruay-sur-l'Escaut,59,11309,False,11584.0,-0.08,-0.81,0.73,stable,53.0,4.0,4.1,20.7,8.3,1.2,83.7,-0.6,2.8,123
59114,Bruille-Saint-Amand,59,1682,False,1693.0,0.2,0.24,-0.04,stable,95.0,25.0,8.3,40.8,3.5,1.2,90.4,-1.7,,29
59113,Bruille-lez-Marchiennes,59,1350,False,1345.0,0.25,-0.12,0.37,stable,57.0,6.0,4.1,19.9,3.7,0.5,89.0,-0.5,,18
59117,Bugnicourt,59,1074,False,1084.0,1.47,1.08,0.39,croissance qui accelere,78.0,7.0,6.1,30.0,2.7,0.4,89.2,-0.0,,9
59122,Cambrai,59,31425,False,31568.0,-0.57,-0.06,-0.51,declin qui s'aggrave,109.0,27.0,7.3,28.0,5.0,3.0,76.4,-0.3,-1.6,501
59123,Camphin-en-Carembault,59,1714,False,1725.0,0.78,0.34,0.44,croissance qui accelere,77.0,12.0,5.1,35.6,6.3,0.8,85.1,-0.9,,33
59124,Camphin-en-Pévèle,59,2501,False,2506.0,0.98,2.24,-1.26,croissance qui ralentit,48.0,8.0,7.3,39.1,3.2,1.0,90.2,-0.1,,35
59126,Cantin,59,1770,False,1755.0,2.1,1.0,1.1,croissance qui accelere,72.0,0.0,7.0,38.7,3.8,3.2,85.6,-1.1,,41
59128,Capinghem,59,2474,True,2601.0,1.18,8.06,-6.88,croissance qui ralentit,103.0,24.0,12.3,51.9,21.7,2.1,69.3,2.5,,35
59129,Cappelle-en-Pévèle,59,2262,False,2259.0,0.19,0.22,-0.03,stable,58.0,13.0,7.2,36.7,8.8,1.6,82.4,-0.1,,37
59133,Carnin,59,1076,True,1097.0,1.76,0.49,1.27,croissance qui accelere,73.0,1.0,7.9,52.0,3.8,0.6,89.9,-0.5,,35
59135,Cassel,59,2227,False,2212.0,-0.66,0.12,-0.78,declin qui s'aggrave,95.0,10.0,7.3,29.8,7.8,0.9,77.1,1.3,-28.3,57
59120,Caëstre,59,2006,False,1979.0,0.19,1.03,-0.84,stable,66.0,11.0,5.2,21.3,4.2,0.7,86.9,-0.4,,38
59146,Chéreng,59,3001,True,3040.0,0.28,-0.08,0.36,stable,98.0,16.0,4.1,21.8,7.5,3.8,80.8,1.0,-1.0,68
59152,Comines,59,12671,True,12649.0,0.37,-0.43,0.8,croissance qui accelere,65.0,9.0,4.1,20.5,5.0,3.0,83.1,-0.5,2.9,205
59153,Condé-sur-l'Escaut,59,9396,False,9297.0,-0.67,0.18,-0.85,declin qui s'aggrave,78.0,12.0,5.7,22.2,5.8,1.6,85.3,-0.9,-10.4,82
59155,Coudekerque-Branche,59,20765,False,20833.0,-0.29,-0.97,0.68,stable,83.0,3.0,5.5,24.7,8.5,3.0,79.6,1.5,1.0,406
59156,Courchelettes,59,2881,False,2868.0,0.38,0.68,-0.3,croissance qui ralentit,123.0,20.0,5.9,27.9,5.4,2.9,84.0,0.6,7.2,40
59158,Coutiches,59,3246,False,3341.0,1.8,1.43,0.37,croissance qui accelere,61.0,16.0,5.6,30.3,4.7,1.0,88.1,-0.9,23.6,71
59163,Croix,59,20778,True,20956.0,-0.25,0.76,-1.01,stable,71.0,8.0,9.6,43.4,21.0,3.9,64.4,2.3,2.5,489
59165,Cuincy,59,6472,False,6499.0,0.12,-0.45,0.57,stable,91.0,12.0,5.8,30.0,6.6,2.3,84.7,-0.2,9.9,133
59166,Curgies,59,1347,False,1351.0,2.59,1.52,1.07,croissance qui accelere,72.0,-4.0,6.3,32.2,1.9,1.2,90.8,-1.5,,22
59168,Cysoing,59,4722,False,4717.0,-1.07,1.5,-2.57,declin qui s'aggrave,99.0,42.0,9.0,35.0,5.1,1.8,83.2,-0.3,-9.7,115
59170,Dechy,59,5351,False,5343.0,0.11,0.67,-0.56,stable,75.0,-4.0,5.6,18.5,7.9,1.3,81.6,-0.1,5.0,75
59172,Denain,59,20640,False,20622.0,0.75,-0.65,1.4,croissance qui accelere,43.0,-4.0,6.0,25.4,9.1,2.8,74.6,-0.6,19.1,299
59173,Deûlémont,59,1819,True,1801.0,1.17,-0.08,1.25,croissance qui accelere,55.0,22.0,6.0,35.8,3.7,0.6,89.6,0.1,,26
59670,Don,59,1412,True,1401.0,1.16,-0.78,1.94,croissance qui accelere,75.0,11.0,7.1,40.0,14.5,1.3,80.0,0.8,,23
59178,Douai,59,39648,False,39833.0,0.07,-1.1,1.17,stable,74.0,6.0,7.2,29.4,14.0,3.8,67.0,2.3,-4.9,453
59179,Douchy-les-Mines,59,10207,False,10112.0,-0.96,0.56,-1.52,declin qui s'aggrave,62.0,17.0,4.5,22.0,3.9,1.1,86.0,-0.6,3.0,127
59183,Dunkerque,59,86788,False,87013.0,-0.21,-0.73,0.52,stable,97.0,15.0,4.6,19.8,13.6,4.0,70.6,3.7,3.1,1051
59189,Eecke,59,1221,False,1215.0,-0.08,0.93,-1.01,stable,51.0,16.0,5.4,25.7,4.6,0.2,84.3,0.6,,22
59193,Emmerin,59,3053,True,3026.0,-0.79,-0.23,-0.56,declin qui s'aggrave,75.0,12.0,4.2,22.9,8.3,4.2,80.9,-1.4,7.2,84
59196,Ennetières-en-Weppes,59,1293,True,1288.0,-0.36,1.2,-1.56,declin qui s'aggrave,106.0,23.0,4.1,21.7,3.6,1.2,86.1,-2.6,,29
59197,Ennevelin,59,2356,False,2417.0,1.69,0.41,1.28,croissance qui accelere,69.0,11.0,5.1,24.4,5.5,1.9,87.1,-0.2,-4.3,50
59202,Erquinghem-Lys,59,5356,True,5348.99999999999,0.86,1.86,-1.0,croissance qui ralentit,63.0,8.0,4.7,25.9,9.4,2.6,80.9,0.2,-4.8,97
59203,Erre,59,1574,False,1576.0,-0.19,1.74,-1.93,stable,59.0,6.0,6.3,34.4,4.8,0.7,89.6,-0.1,,22
59205,Escaudain,59,9253,False,9060.0,-0.94,0.91,-1.85,declin qui s'aggrave,57.0,7.0,5.5,23.8,4.6,1.6,86.3,-0.4,10.3,101
59207,Escautpont,59,4152,False,4174.0,-0.15,-0.08,-0.07,stable,66.0,8.0,4.2,21.3,7.1,1.5,85.5,-0.0,,34
59210,Esquelbecq,59,2134,False,2143.0,0.15,0.03,0.12,stable,96.0,22.0,5.7,24.3,4.6,1.4,84.7,-1.0,,30
59212,Estaires,59,6496,False,6550.99999999999,0.37,1.47,-1.1,croissance qui ralentit,74.0,16.0,6.5,32.9,3.9,2.1,86.0,0.7,1.5,154
59214,Estrées,59,1116,False,1121.0,0.03,3.01,-2.98,stable,82.0,22.0,7.2,37.9,3.6,0.7,88.8,-0.9,,22
59220,Faches-Thumesnil,59,18110,True,18310.0,0.67,0.0,0.67,croissance qui accelere,66.0,1.0,6.2,33.9,14.4,5.7,72.5,0.3,-6.3,314
59221,Famars,59,2475,False,2459.0,-0.31,0.26,-0.57,declin qui s'aggrave,80.0,22.0,13.3,40.2,8.5,0.7,83.8,-0.7,,28
59222,Faumont,59,2251,False,2255.0,0.81,0.45,0.36,croissance qui accelere,62.0,10.0,6.5,36.4,2.7,0.7,91.2,-0.7,,47
59227,Fenain,59,5529,False,5533.00000000001,0.65,-0.02,0.67,croissance qui accelere,67.0,3.0,5.2,26.6,5.0,1.9,85.7,-0.3,-23.4,85
59234,Flers-en-Escrebieux,59,5642,False,5533.0,-1.0,0.62,-1.62,declin qui s'aggrave,68.0,12.0,4.9,22.1,4.8,3.2,85.2,1.0,-2.8,68
59239,Flines-lez-Raches,59,5610,False,5677.0,0.4,0.27,0.13,croissance qui accelere,73.0,5.0,6.7,33.0,4.8,0.9,88.1,0.1,-4.1,86
59238,Flines-lès-Mortagne,59,1649,False,1667.0,0.12,0.1,0.02,stable,71.0,14.0,4.4,23.0,2.3,2.1,90.7,0.0,,22
59244,Fontaine-Notre-Dame,59,1763,False,1759.0,-0.22,0.43,-0.65,stable,67.0,10.0,5.3,26.2,1.9,0.4,88.6,-1.3,,17
59247,Forest-sur-Marque,59,1659,True,1660.0,2.32,-0.07,2.39,croissance qui accelere,91.0,-11.0,5.1,32.0,7.1,7.1,79.0,2.0,,37
59250,Fournes-en-Weppes,59,2190,True,2167.0,-0.37,1.03,-1.4,declin qui s'aggrave,98.0,26.0,6.4,34.0,3.6,0.5,88.3,-0.4,-16.4,62
59252,Frelinghien,59,2581,True,2617.0,1.44,-0.43,1.87,croissance qui accelere,81.0,8.0,7.5,35.8,5.1,0.5,83.9,-0.2,-4.8,58
59253,Fresnes-sur-Escaut,59,7486,False,7472.99999999999,-0.28,-0.22,-0.06,stable,63.0,8.0,4.7,22.8,4.3,1.9,85.7,-1.0,-8.7,82
59256,Fretin,59,3227,True,3221.0,-0.79,0.32,-1.11,declin qui s'aggrave,71.0,17.0,5.0,31.2,12.2,1.9,78.7,2.5,-0.4,82
59257,Fromelles,59,1076,True,1133.0,3.59,1.36,2.23,croissance qui accelere,62.0,-34.0,10.8,57.5,4.5,0.2,90.4,0.9,,27
59224,Féchain,59,1658,False,1654.0,-0.9,-1.13,0.23,declin qui se tasse,148.0,42.0,5.8,20.2,2.0,2.4,86.4,-0.5,5.6,42
59228,Férin,59,1447,False,1441.0,-0.35,-0.38,0.03,declin qui se tasse,97.0,38.0,4.5,24.3,3.1,1.3,89.4,-1.8,,25
59258,Genech,59,2825,False,2811.0,0.77,0.56,0.21,croissance qui accelere,54.0,17.0,8.8,36.6,7.7,1.2,81.8,0.7,-5.4,53
59260,Ghyvelde,59,4119,False,4126.0,-0.26,0.44,-0.7,stable,85.0,22.0,6.0,30.7,2.8,0.9,89.0,0.6,-9.0,57
59262,Godewaersvelde,59,2053,False,2037.0,-0.15,0.28,-0.43,stable,71.0,5.0,7.0,38.3,4.2,0.5,83.3,-1.3,-5.3,43
59265,Gommegnies,59,2300,False,2272.00000000001,-0.12,0.09,-0.21,stable,78.0,13.0,4.2,23.2,3.8,0.7,89.7,1.0,,25
59266,Gondecourt,59,4050,False,4099.0,0.39,0.31,0.08,croissance qui accelere,79.0,14.0,6.0,32.3,5.9,2.7,83.8,0.6,10.7,82
59271,Grande-Synthe,59,20331,False,20347.0,-2.23,2.16,-4.39,declin qui s'aggrave,52.0,12.0,3.0,12.9,11.4,3.5,75.7,4.4,17.2,116
59275,Gruson,59,1237,True,1223.0,0.26,0.97,-0.71,stable,112.0,37.0,5.6,26.8,4.8,2.2,87.5,0.4,,31
59276,Guesnain,59,4656,False,4645.0,-0.02,-0.27,0.25,stable,91.0,15.0,4.6,22.2,7.8,1.8,83.0,0.8,-11.3,53
59263,Gœulzin,59,1042,False,1044.0,0.42,-0.54,0.96,croissance qui accelere,124.0,17.0,6.5,41.1,4.8,1.1,88.7,1.0,,23
59278,Hallennes-lez-Haubourdin,59,4718,True,4739.0,1.84,1.17,0.67,croissance qui accelere,65.0,7.0,7.1,37.1,5.8,1.9,82.9,-1.6,2.8,117
59279,Halluin,59,20829,True,20684.0,-0.02,0.09,-0.11,stable,61.0,7.0,4.5,20.7,5.7,1.6,84.7,0.7,8.6,381
59281,Hantay,59,1259,True,1249.0,-0.7,3.39,-4.09,declin qui s'aggrave,38.0,10.0,6.3,39.9,10.5,0.7,82.9,3.5,,31
59284,Hasnon,59,3874,False,3853.0,-0.07,0.27,-0.34,stable,73.0,19.0,5.0,27.3,4.5,1.3,87.5,-0.1,2.1,59
59286,Haubourdin,59,14757,True,14922.0,-0.01,0.78,-0.79,stable,72.0,9.0,6.5,30.9,15.3,3.3,73.1,0.4,5.5,254
59292,Haveluy,59,3250,False,3224.0,0.5,0.48,0.02,croissance qui accelere,58.0,2.0,5.8,26.4,4.1,2.5,86.9,-2.5,,25
59293,Haverskerque,59,1401,False,1385.0,-0.66,-0.67,0.01,declin qui se tasse,100.0,19.0,6.5,31.4,3.2,1.5,89.6,-1.0,,25
59295,Hazebrouck,59,21498,False,21785.0,0.08,-0.05,0.13,stable,99.0,21.0,5.2,22.4,12.0,2.6,71.8,-0.8,8.4,496
59299,Hem,59,18713,True,18579.0,-0.3,1.01,-1.31,declin qui s'aggrave,72.0,18.0,3.7,19.6,7.3,3.4,81.5,-0.6,-8.5,320
59301,Hergnies,59,4463,False,4471.0,0.21,0.51,-0.3,stable,64.0,17.0,4.1,21.3,2.6,1.4,91.2,-0.4,15.7,56
59303,Herlies,59,2323,True,2288.0,-0.85,2.01,-2.86,declin qui s'aggrave,79.0,30.0,5.9,25.3,4.1,1.2,88.0,2.0,-6.3,52
59305,Herzeele,59,1634,False,1627.0,-0.02,0.91,-0.93,stable,61.0,11.0,7.2,40.0,0.9,1.2,88.0,-1.3,,28
59309,Hondschoote,59,4026,False,4010.00000000001,-0.36,0.03,-0.39,declin qui s'aggrave,72.0,11.0,6.5,28.6,2.4,1.9,82.8,-0.2,14.2,81
59314,Hornaing,59,3535,False,3522.0,-0.15,0.18,-0.33,stable,60.0,14.0,6.8,30.1,1.9,2.4,88.0,-1.4,23.3,44
59316,Houplin-Ancoisne,59,3275,True,3301.0,-0.68,-0.05,-0.63,declin qui s'aggrave,94.0,17.0,4.4,23.0,8.2,3.8,81.2,2.2,-14.8,75
59317,Houplines,59,7897,True,7907.0,0.14,0.33,-0.19,stable,61.0,2.0,5.9,29.1,8.8,2.5,80.8,0.7,2.0,175
59297,Hélesmes,59,1921,False,1905.0,-0.6,0.31,-0.91,declin qui s'aggrave,61.0,9.0,6.2,33.1,2.7,0.7,90.7,-0.3,,21
59302,Hérin,59,4129,False,4175.99999999999,0.5,0.53,-0.03,croissance qui ralentit,60.0,9.0,6.3,30.6,7.5,2.0,83.4,-0.4,-7.3,55
59320,Illies,59,1664,True,1688.0,1.48,1.8,-0.32,croissance qui ralentit,43.0,5.0,8.7,43.0,3.6,1.2,87.2,-0.8,,37
59051,La Bassée,59,6622,True,6678.0,0.66,0.37,0.29,croissance qui accelere,81.0,11.0,8.3,40.6,12.3,1.8,73.9,0.5,5.2,123
59143,La Chapelle-d'Armentières,59,8719,True,8782.0,0.68,0.1,0.58,croissance qui accelere,76.0,12.0,9.6,46.8,10.1,2.2,80.4,-0.3,1.4,213
59268,La Gorgue,59,5599,False,5553.0,-0.36,-0.93,0.57,declin qui se tasse,76.0,19.0,5.8,29.2,2.2,2.4,86.5,-0.5,-12.6,121
59368,La Madeleine,59,22488,True,22161.0,0.7,-0.89,1.59,croissance qui accelere,73.0,0.0,10.2,59.0,24.7,9.8,50.8,0.4,2.8,319
59564,La Sentinelle,59,3143,False,3140.0,-0.04,-1.07,1.03,stable,71.0,4.0,7.0,36.4,7.8,2.0,81.0,-0.1,2.9,41
59327,Lallaing,59,6250,False,6212.0,0.13,-1.04,1.17,stable,99.0,23.0,3.8,18.6,5.1,3.0,84.0,-1.1,-3.3,72
59328,Lambersart,59,27121,True,27105.0,-0.31,-0.68,0.37,declin qui se tasse,78.0,6.0,7.6,39.9,19.1,10.6,59.9,0.1,-3.1,560
59329,Lambres-lez-Douai,59,4926,False,4902.0,-0.83,0.34,-1.17,declin qui s'aggrave,107.0,16.0,7.0,32.1,7.7,4.0,80.2,-0.6,-2.7,89
59330,Landas,59,2447,False,2482.0,0.55,0.16,0.39,croissance qui accelere,84.0,7.0,5.2,26.2,8.5,1.7,80.2,-2.1,,32
59332,Lannoy,59,1800,True,1791.0,0.37,-0.46,0.83,croissance qui accelere,103.0,19.0,10.9,40.5,10.4,1.9,80.8,0.4,,29
59334,Lauwin-Planque,59,1582,False,1593.0,-1.22,-0.92,-0.3,declin qui s'aggrave,101.0,26.0,5.4,22.8,5.5,3.5,82.8,0.3,,21
59180,Le Doulieu,59,1454,False,1445.0,-0.19,0.81,-1.0,stable,72.0,24.0,4.3,19.5,6.6,0.8,85.8,-0.2,,25
59335,Lecelles,59,3004,False,3048.0,1.48,1.03,0.45,croissance qui accelere,78.0,9.0,8.8,46.4,6.9,1.5,85.0,1.1,,38
59339,Leers,59,9588,True,9555.00000000001,0.02,0.43,-0.41,stable,103.0,12.0,4.3,20.1,4.5,2.2,86.5,0.2,3.2,189
59340,Leffrinckoucke,59,4124,False,4101.0,-0.7,-0.77,0.07,declin qui se tasse,150.0,33.0,4.3,19.6,10.9,3.4,79.4,4.2,-5.2,44
59343,Lesquin,59,9241,True,9355.99999999999,2.83,4.39,-1.56,croissance qui ralentit,49.0,-4.0,7.2,41.5,9.0,2.7,80.9,-1.3,-1.2,159
59345,Lewarde,59,2403,False,2388.0,-0.24,-2.27,2.03,stable,82.0,11.0,6.6,32.3,5.6,0.7,85.5,-1.3,,38
59346,Lezennes,59,3019,True,2966.0,-0.96,0.29,-1.25,declin qui s'aggrave,87.0,20.0,4.8,23.1,15.4,9.3,64.0,-0.1,-14.0,66
59348,Lieu-Saint-Amand,59,1461,False,1464.0,1.68,0.87,0.81,croissance qui accelere,68.0,8.0,4.9,20.4,2.0,1.5,89.9,-0.0,,18
59350,Lille,59,236710,True,238695.0,0.44,0.43,0.01,croissance qui accelere,46.0,2.0,9.9,31.5,36.0,8.2,40.4,2.4,-0.6,1958
59352,Linselles,59,8192,True,8177.00000000001,-0.36,0.42,-0.78,declin qui s'aggrave,98.0,21.0,5.2,29.8,4.7,2.0,84.3,0.4,-6.3,158
59356,Lompret,59,2182,True,2170.0,-0.97,-0.12,-0.85,declin qui s'aggrave,97.0,21.0,6.0,30.6,8.4,3.0,82.0,0.2,-2.1,47
59360,Loos,59,23013,True,22948.0,0.65,1.18,-0.53,croissance qui ralentit,46.0,-2.0,8.5,32.4,20.1,5.6,62.1,0.7,3.6,262
59361,Lourches,59,3814,False,3756.0,-0.8,0.29,-1.09,declin qui s'aggrave,46.0,6.0,5.6,24.8,8.8,1.9,81.2,1.2,-0.7,65
59367,Lys-lez-Lannoy,59,13793,True,13987.0,0.79,-0.06,0.85,croissance qui accelere,64.0,13.0,6.9,35.0,5.4,2.6,84.7,-0.1,-8.9,272
59369,Maing,59,4004,False,3970.0,-0.43,0.32,-0.75,declin qui s'aggrave,95.0,13.0,5.8,25.7,4.2,1.1,88.0,-0.6,11.8,52
59375,Marchiennes,59,4539,False,4505.99999999999,-0.32,-0.58,0.26,declin qui se tasse,78.0,22.0,6.6,31.7,5.6,0.6,85.0,-0.7,-7.8,85
59378,Marcq-en-Barœul,59,39356,True,39943.0,0.48,-0.4,0.88,croissance qui accelere,84.0,6.0,7.7,41.6,17.2,6.7,65.8,0.4,2.4,691
59382,Maretz,59,1417,False,1403.0,-0.68,-0.26,-0.42,declin qui s'aggrave,68.0,12.0,5.0,19.2,1.3,1.1,89.4,-0.8,,18
59383,Marly,59,12024,False,11980.0,0.69,-0.26,0.95,croissance qui accelere,81.0,-5.0,7.2,34.9,4.9,2.9,84.0,-3.2,6.2,229
59387,Marquette-en-Ostrevant,59,1931,False,1953.0,0.81,1.45,-0.64,croissance qui ralentit,64.0,-2.0,6.3,23.3,1.7,1.1,88.6,0.1,,23
59386,Marquette-lez-Lille,59,11213,True,11709.0,1.96,0.78,1.18,croissance qui accelere,56.0,12.0,6.9,35.4,10.5,6.0,76.7,-0.4,6.1,240
59388,Marquillies,59,1982,True,1971.0,-0.13,-0.07,-0.06,stable,70.0,13.0,5.1,24.9,10.6,0.9,81.9,3.1,12.5,58
59390,Masny,59,4056,False,4028.0,-0.42,-0.65,0.23,declin qui se tasse,75.0,10.0,4.2,18.7,6.6,2.4,84.0,1.8,,36
59392,Maubeuge,59,29066,False,28879.0,-0.45,-0.93,0.48,declin qui se tasse,77.0,8.0,4.9,19.6,5.9,1.3,81.0,0.1,-14.0,304
59399,Merris,59,1049,False,1078.0,0.84,-0.61,1.45,croissance qui accelere,79.0,2.0,5.5,35.4,3.9,1.2,84.2,-3.3,,24
59400,Merville,59,9652,False,9729.00000000001,-0.19,1.32,-1.51,stable,63.0,7.0,6.7,31.1,3.7,3.2,83.7,0.5,-2.1,182
59408,Moncheaux,59,1703,False,1683.0,1.81,0.87,0.94,croissance qui accelere,68.0,9.0,5.9,35.9,4.1,1.1,89.5,0.3,,27
59409,Monchecourt,59,2501,False,2488.0,-0.03,-0.45,0.42,stable,58.0,8.0,7.1,33.0,2.8,0.8,90.6,-1.5,,39
59410,Mons-en-Barœul,59,21467,True,21368.0,0.41,-0.48,0.89,croissance qui accelere,57.0,5.0,6.1,31.3,32.0,5.4,52.7,2.7,-0.9,281
59411,Mons-en-Pévèle,59,2089,False,2077.0,-0.38,-0.01,-0.37,declin qui s'aggrave,116.0,40.0,6.3,37.6,4.8,0.7,86.5,-0.7,,25
59414,Montigny-en-Ostrevent,59,4681,False,4588.0,-0.7,-0.23,-0.47,declin qui s'aggrave,111.0,30.0,4.6,19.2,7.5,1.3,83.9,-1.0,13.0,51
59416,Morbecque,59,2509,False,2538.0,-0.12,-0.67,0.55,stable,95.0,1.0,7.2,33.2,9.3,1.4,80.4,2.6,2.2,62
59418,Mortagne-du-Nord,59,1584,False,1581.0,-0.63,0.37,-1.0,declin qui s'aggrave,51.0,1.0,6.8,27.8,4.5,2.9,80.4,2.1,,16
59419,Mouchin,59,1441,False,1466.0,0.81,0.25,0.56,croissance qui accelere,76.0,-2.0,6.7,36.8,5.0,1.4,86.7,-0.4,,31
59421,Mouvaux,59,13173,True,13239.0,-0.11,-0.23,0.12,stable,89.0,5.0,5.6,30.4,11.5,4.6,75.2,2.0,-0.3,333
59398,Mérignies,59,3360,False,3476.0,2.5,3.43,-0.93,croissance qui ralentit,58.0,9.0,8.0,38.8,6.3,0.6,87.8,0.4,-13.2,84
59401,Méteren,59,2256,False,2230.0,-0.36,1.27,-1.63,declin qui s'aggrave,88.0,18.0,5.7,28.7,6.2,1.1,82.6,-0.4,,28
59423,Neuf-Berquin,59,1403,False,1422.0,2.6,-0.26,2.86,croissance qui accelere,62.0,10.0,10.9,58.6,3.3,0.7,90.3,0.0,,24
59426,Neuville-en-Ferrain,59,10160,True,10125.0,-0.4,0.2,-0.6,declin qui s'aggrave,82.0,12.0,4.3,22.6,4.7,2.3,87.1,-1.0,4.4,201
59431,Nieppe,59,7606,False,7685.0,0.52,-0.14,0.66,croissance qui accelere,81.0,9.0,5.9,28.0,8.4,3.2,81.6,0.9,4.2,168
59434,Nivelle,59,1379,False,1393.0,1.15,0.26,0.89,croissance qui accelere,78.0,14.0,7.0,37.8,4.0,0.3,90.8,-0.8,,25
59435,Nomain,59,2585,False,2618.0,0.79,0.24,0.55,croissance qui accelere,83.0,-1.0,6.7,34.3,7.0,1.5,83.6,-0.7,,41
59447,Onnaing,59,8719,False,8566.99999999999,-0.41,0.14,-0.55,declin qui s'aggrave,66.0,7.0,4.5,22.2,5.2,2.9,85.7,-0.8,-11.3,103
59449,Orchies,59,8455,False,8390.0,-0.48,1.08,-1.56,declin qui s'aggrave,78.0,19.0,7.7,37.1,13.3,2.6,73.9,0.6,15.1,166
59452,Ostricourt,59,5829,False,6014.0,1.89,0.49,1.4,croissance qui accelere,53.0,-4.0,5.0,26.1,9.0,1.4,84.2,-0.8,-1.9,101
59456,Pecquencourt,59,6232,False,6160.00000000001,0.52,-0.33,0.85,croissance qui accelere,64.0,5.0,3.8,17.2,5.9,1.8,85.4,1.1,-2.5,56
59459,Petite-Forêt,59,5058,False,5058.0,0.55,-0.33,0.88,croissance qui accelere,70.0,14.0,6.6,31.5,5.8,1.4,83.6,-0.4,-0.0,77
59462,Phalempin,59,4849,False,4863.0,0.37,1.36,-0.99,croissance qui ralentit,105.0,24.0,7.6,41.3,10.9,1.6,80.3,-2.0,2.3,83
59466,Pont-à-Marcq,59,2883,False,3054.0,0.9,1.4,-0.5,croissance qui ralentit,79.0,30.0,8.0,42.5,5.1,1.1,81.8,0.9,-11.5,67
59475,Prouvy,59,2173,False,2202.0,-0.65,0.01,-0.66,declin qui s'aggrave,69.0,23.0,5.2,28.2,3.4,1.1,88.1,-1.5,,29
59477,Provin,59,4469,True,4456.0,0.82,0.42,0.4,croissance qui accelere,57.0,10.0,7.7,34.6,8.7,1.4,83.9,-0.1,14.1,107
59470,Prémesques,59,2060,True,2029.0,-0.87,-0.51,-0.36,declin qui s'aggrave,76.0,30.0,6.9,36.5,9.4,2.4,81.3,-0.3,,38
59471,Préseau,59,2065,False,2083.0,1.37,0.79,0.58,croissance qui accelere,84.0,8.0,3.7,18.4,3.0,1.2,90.4,0.2,,27
59457,Pérenchies,59,8519,True,8487.00000000001,0.24,0.41,-0.17,stable,69.0,9.0,6.8,36.1,16.1,2.3,72.3,1.3,-4.5,143
59458,Péronne-en-Mélantois,59,1004,True,1001.0,1.73,0.7,1.03,croissance qui accelere,68.0,19.0,15.2,87.2,6.5,0.7,85.8,-1.5,,30
59479,Quarouble,59,3131,False,3141.0,0.68,-0.23,0.91,croissance qui accelere,84.0,0.0,7.2,33.5,3.9,1.5,88.6,-0.4,-1.7,51
59482,Quesnoy-sur-Deûle,59,6920,True,6863.0,0.2,-0.77,0.97,stable,70.0,8.0,5.7,33.2,6.8,2.5,82.8,-3.0,0.2,134
59485,Quiévy,59,1801,False,1800.0,0.33,0.02,0.31,croissance qui accelere,70.0,-2.0,5.5,31.1,1.4,1.2,91.2,-0.8,,24
59487,Radinghem-en-Weppes,59,1393,True,1404.0,0.47,0.1,0.37,croissance qui accelere,83.0,18.0,4.6,24.4,2.2,0.5,90.0,-0.6,,34
59489,Raimbeaucourt,59,4015,False,4012.00000000001,-0.18,-0.22,0.04,stable,128.0,24.0,5.6,31.5,4.5,1.9,88.0,-0.7,-5.3,59
59491,Raismes,59,12055,False,12140.0,-0.67,-0.07,-0.6,declin qui s'aggrave,68.0,9.0,5.3,23.4,6.2,2.4,83.6,-0.3,15.9,156
59497,Renescure,59,2128,False,2130.00000000001,0.32,0.19,0.13,croissance qui accelere,98.0,21.0,7.1,33.0,4.6,1.4,86.8,0.3,-12.6,35
59499,Rexpoëde,59,1992,False,1984.0,-0.36,0.99,-1.35,declin qui s'aggrave,65.0,15.0,5.2,27.1,1.3,1.3,89.2,-0.4,,31
59501,Rieulay,59,1243,False,1226.0,-1.71,0.18,-1.89,declin qui s'aggrave,143.0,47.0,5.1,22.5,4.0,0.5,86.7,-0.8,,25
59502,Rieux-en-Cambrésis,59,1438,False,1432.0,-0.32,-0.78,0.46,declin qui se tasse,94.0,8.0,5.8,25.5,2.3,1.2,89.4,-0.1,,8
59507,Ronchin,59,19437,True,19436.0,0.31,1.2,-0.89,croissance qui ralentit,65.0,11.0,6.5,31.1,16.5,6.8,67.6,-0.7,2.4,335
59508,Roncq,59,13784,True,13873.0,0.49,0.55,-0.06,croissance qui ralentit,82.0,13.0,6.4,31.5,6.9,1.2,84.3,0.2,5.4,288
59509,Roost-Warendin,59,5976,False,5966.0,-0.62,0.11,-0.73,declin qui s'aggrave,86.0,17.0,4.4,21.1,5.0,1.8,87.2,-0.4,8.8,88
59511,Rosult,59,1973,False,1997.0,0.76,0.58,0.18,croissance qui accelere,65.0,12.0,6.0,32.6,8.4,0.9,85.0,0.9,,27
59512,Roubaix,59,98892,True,99507.0,0.53,0.47,0.06,croissance qui accelere,37.0,4.0,4.4,18.5,23.5,2.1,62.2,2.6,-1.1,1329
59519,Rumegies,59,1740,False,1738.0,-0.24,2.13,-2.37,stable,69.0,18.0,6.3,34.6,5.5,0.5,86.3,-0.6,,27
59486,Râches,59,2660,False,2644.0,-0.58,0.12,-0.7,declin qui s'aggrave,83.0,24.0,7.5,38.4,4.1,2.1,85.4,-1.3,17.1,60
59504,Rœulx,59,3779,False,3767.0,-0.28,0.61,-0.89,stable,67.0,14.0,4.6,19.1,4.3,0.8,87.0,-2.3,4.0,55
59522,Sailly-lez-Lannoy,59,1949,True,1936.0,1.48,0.24,1.24,croissance qui accelere,83.0,6.0,6.1,35.1,4.2,3.8,86.0,0.7,-12.0,59
59523,Sainghin-en-Mélantois,59,2848,True,2844.00000000001,0.95,1.38,-0.43,croissance qui ralentit,88.0,4.0,6.1,34.1,7.1,3.7,81.0,0.0,0.6,54
59524,Sainghin-en-Weppes,59,5641,True,5663.00000000001,0.07,0.42,-0.35,stable,71.0,8.0,6.1,33.0,11.4,0.9,80.0,1.5,13.6,124
59526,Saint-Amand-les-Eaux,59,15980,False,16042.0,-0.11,-0.71,0.6,stable,88.0,9.0,5.6,24.6,9.7,3.2,75.8,1.5,8.9,222
59527,Saint-André-lez-Lille,59,12942,True,12909.0,0.82,1.3,-0.48,croissance qui ralentit,66.0,-5.0,7.7,47.6,13.4,8.1,68.5,-1.1,2.4,168
59535,Saint-Jans-Cappel,59,1642,False,1609.0,-1.2,0.27,-1.47,declin qui s'aggrave,102.0,31.0,4.3,20.5,7.3,0.6,85.4,-1.9,,22
59544,Saint-Saulve,59,11117,False,11121.0,-0.06,-0.07,0.01,stable,90.0,7.0,6.5,29.5,5.9,1.7,83.5,-0.0,17.6,161
59546,Saint-Sylvestre-Cappel,59,1154,False,1151.0,-0.29,1.59,-1.88,stable,87.0,13.0,5.2,27.9,5.9,1.2,82.9,1.6,,25
59550,Salomé,59,3051,True,3116.0,0.81,-0.05,0.86,croissance qui accelere,55.0,4.0,7.8,39.8,8.5,1.1,83.9,-1.8,14.3,79
59551,Saméon,59,1738,False,1722.0,0.81,1.38,-0.57,croissance qui ralentit,81.0,9.0,6.2,26.9,9.0,1.0,84.3,2.5,,15
59553,Santes,59,5660,True,5656.0,-0.33,0.39,-0.72,declin qui s'aggrave,79.0,16.0,6.7,33.4,9.4,3.4,80.8,-0.3,-0.0,112
59557,Saultain,59,2553,False,2526.0,1.29,2.38,-1.09,croissance qui ralentit,68.0,10.0,6.6,36.2,2.9,0.8,92.3,-1.3,,37
59559,Sebourg,59,1977,False,1972.0,0.05,0.54,-0.49,stable,73.0,10.0,5.2,20.2,2.5,1.1,91.2,-0.5,,38
59560,Seclin,59,12834,True,13011.0,0.72,0.21,0.51,croissance qui accelere,73.0,13.0,5.2,28.1,14.2,3.5,72.1,0.5,15.2,247
59566,Sequedin,59,4762,True,4722.0,0.08,1.53,-1.45,stable,93.0,26.0,7.1,39.5,10.7,2.5,81.1,1.7,-0.8,89
59569,Sin-le-Noble,59,15603,False,15916.0,0.5,-0.74,1.24,croissance qui accelere,68.0,5.0,5.7,23.3,8.5,3.6,78.6,-0.3,-1.2,251
59574,Somain,59,11790,False,11902.0,-0.8,0.04,-0.84,declin qui s'aggrave,77.0,14.0,6.4,25.2,6.1,3.7,81.9,-1.1,-3.2,195
59578,Steenbecque,59,1650,False,1626.0,-0.81,-0.45,-0.36,declin qui s'aggrave,106.0,22.0,4.8,19.8,4.3,1.0,83.5,-1.7,,27
59580,Steenvoorde,59,4324,False,4308.0,-0.14,1.31,-1.45,stable,109.0,20.0,7.1,31.8,2.5,1.9,82.4,-1.4,6.2,79
59581,Steenwerck,59,3540,False,3474.0,-0.7,0.81,-1.51,declin qui s'aggrave,87.0,22.0,5.0,24.8,6.2,1.8,81.0,0.0,19.3,43
59585,Templemars,59,3635,True,3630.0,1.32,0.94,0.38,croissance qui accelere,95.0,13.0,6.7,35.3,11.5,1.6,80.3,1.1,-1.6,71
59586,Templeuve-en-Pévèle,59,6705,False,6978.99999999999,2.75,0.43,2.32,croissance qui accelere,81.0,-2.0,7.0,34.7,13.8,2.0,77.1,0.8,-0.5,160
59592,Thumeries,59,4029,False,4102.0,0.78,-0.14,0.92,croissance qui accelere,68.0,8.0,7.4,40.5,4.9,1.6,86.5,-2.1,-12.4,64
59594,Thun-Saint-Amand,59,1110,False,1102.0,-0.43,-0.33,-0.1,declin qui s'aggrave,57.0,12.0,8.7,40.1,4.2,1.2,88.0,0.6,,17
59598,Toufflers,59,3910,True,3964.0,0.17,-0.33,0.5,stable,78.0,2.0,5.6,30.2,4.5,1.7,88.4,0.1,-2.7,96
59599,Tourcoing,59,99011,True,99160.0,0.29,1.16,-0.87,stable,46.0,6.0,5.3,26.5,17.9,2.1,70.3,1.4,1.3,1725
59602,Tressin,59,1395,True,1390.0,-0.2,1.77,-1.97,stable,56.0,9.0,8.1,39.6,6.0,4.1,82.7,2.1,,33
59603,Trith-Saint-Léger,59,6124,False,6062.0,-0.54,-0.59,0.05,declin qui se tasse,81.0,22.0,5.7,27.4,5.1,2.4,82.6,-2.0,14.4,59
59588,Téteghem-Coudekerque-Village,59,8384,False,8271.99999999999,0.32,-0.13,0.45,croissance qui accelere,102.0,30.0,5.6,26.6,5.7,1.7,86.7,1.6,7.3,170
59606,Valenciennes,59,42991,False,42979.0,-0.27,0.1,-0.37,stable,78.0,13.0,9.2,36.6,13.4,2.9,66.3,0.5,5.7,585
59609,Vendeville,59,1546,True,1615.0,-0.12,-0.32,0.2,stable,87.0,22.0,6.0,35.8,4.3,3.3,84.3,-1.0,,44
59610,Verchain-Maugré,59,1102,False,1103.0,2.16,1.44,0.72,croissance qui accelere,62.0,-5.0,6.4,35.1,2.1,1.0,91.5,-1.1,,22
59611,Verlinghem,59,2673,True,2678.0,1.53,0.73,0.8,croissance qui accelere,73.0,7.0,5.0,28.0,6.7,3.6,81.2,0.4,24.5,58
59615,Vieux-Berquin,59,2649,False,2641.0,0.84,0.08,0.76,croissance qui accelere,72.0,4.0,6.6,31.9,6.2,0.7,85.9,1.1,,53
59616,Vieux-Condé,59,10446,False,10455.0,0.1,0.43,-0.33,stable,71.0,4.0,4.1,20.2,3.9,2.9,85.7,-1.7,1.0,129
59009,Villeneuve-d'Ascq,59,62067,True,62342.0,-0.0,-0.1,0.1,stable,56.0,14.0,7.6,31.5,23.7,4.6,62.3,2.3,2.3,772
59622,Villers-en-Cauchies,59,1161,False,1148.0,-1.77,0.38,-2.15,declin qui s'aggrave,92.0,20.0,5.2,22.7,0.6,0.8,89.7,-1.3,,15
59629,Vred,59,1311,False,1311.0,-0.86,0.59,-1.45,declin qui s'aggrave,87.0,23.0,5.2,30.3,3.9,0.7,88.6,-1.2,,23
59630,Wahagnies,59,2605,False,2596.0,-0.06,0.16,-0.22,stable,78.0,9.0,6.0,34.3,7.4,0.9,85.4,-2.6,-7.9,53
59632,Wallers,59,5598,False,5618.0,0.37,-0.24,0.61,croissance qui accelere,79.0,2.0,5.9,28.8,5.5,0.8,87.5,-0.5,14.1,59
59636,Wambrechies,59,10798,True,10984.0,0.69,1.66,-0.97,croissance qui ralentit,80.0,9.0,7.4,44.7,8.2,4.1,78.0,1.0,0.7,204
59637,Wandignies-Hamage,59,1318,False,1310.0,0.28,0.54,-0.26,stable,67.0,5.0,5.0,27.6,3.3,0.8,91.1,-1.1,,26
59638,Wannehain,59,1331,False,1332.0,1.93,1.48,0.45,croissance qui accelere,39.0,3.0,5.3,29.3,3.4,0.8,89.8,-0.6,,25
59639,Wargnies-le-Grand,59,1101,False,1113.0,0.33,0.5,-0.17,croissance qui ralentit,66.0,14.0,8.7,53.5,3.6,0.2,89.3,0.5,,12
59641,Warhem,59,2022,False,2035.0,-0.13,-0.1,-0.03,stable,92.0,33.0,7.3,33.4,2.4,1.2,87.6,1.0,,32
59646,Wasquehal,59,20836,True,20674.0,-0.04,0.71,-0.75,stable,83.0,16.0,8.8,44.8,17.9,3.3,71.0,1.9,-6.5,366
59647,Watten,59,2577,False,2567.0,0.04,-0.05,0.09,stable,95.0,13.0,6.5,31.6,4.8,1.0,81.9,-0.1,-5.8,56
59648,Wattignies,59,15531,True,15756.0,1.41,1.73,-0.32,croissance qui ralentit,67.0,1.0,6.3,29.3,18.2,3.0,71.6,3.5,14.1,238
59650,Wattrelos,59,40836,True,40881.0,-0.19,-0.1,-0.09,stable,60.0,6.0,3.6,17.1,9.0,2.1,81.3,0.0,7.4,700
59651,Wavrechain-sous-Denain,59,1616,False,1606.0,-0.49,0.31,-0.8,declin qui s'aggrave,62.0,-0.0,6.2,27.8,4.6,2.5,84.2,-0.8,,25
59653,Wavrin,59,7773,True,7777.0,0.32,0.05,0.27,croissance qui accelere,66.0,11.0,5.8,34.4,12.1,1.6,79.1,0.1,-2.0,166
59654,Waziers,59,7354,False,7312.0,-0.37,-0.61,0.24,declin qui se tasse,52.0,5.0,5.5,25.2,7.8,3.7,80.2,-1.3,8.7,105
59656,Wervicq-Sud,59,5299,True,5445.99999999999,0.1,2.13,-2.03,stable,64.0,13.0,5.5,29.0,3.6,2.0,88.3,-0.7,-13.6,64
59660,Willems,59,2996,True,2969.0,-0.25,-0.11,-0.14,stable,75.0,20.0,5.5,29.6,5.1,2.5,83.7,0.8,-1.5,70
59662,Winnezeele,59,1300,False,1280.0,0.01,1.03,-1.02,stable,61.0,13.0,7.2,38.4,3.5,0.5,84.5,-1.3,,28
59663,Wormhout,59,5705,False,5645.0,0.14,1.07,-0.93,stable,96.0,11.0,5.6,23.5,2.5,1.7,85.7,-0.5,-3.9,99
59185,Écaillon,59,1910,False,1883.0,-0.51,-0.34,-0.17,declin qui s'aggrave,89.0,18.0,6.5,28.1,3.5,1.6,88.2,-0.2,,11
62004,Achicourt,62,7938,False,7898.99999999999,0.47,-0.93,1.4,croissance qui accelere,93.0,6.0,8.1,38.3,11.9,2.7,77.6,1.8,5.1,129
62013,Agny,62,1879,False,1863.0,-0.6,-0.18,-0.42,declin qui s'aggrave,92.0,32.0,6.7,37.0,6.6,1.4,88.8,-1.2,,27
62014,Aire-sur-la-Lys,62,9585,False,9568.00000000001,-0.5,-0.03,-0.47,declin qui s'aggrave,93.0,14.0,6.2,24.3,2.2,2.4,83.7,-0.5,-2.3,152
62019,Aix-Noulette,62,3913,False,3915.0,0.06,0.31,-0.25,stable,85.0,14.0,8.1,38.5,2.0,0.2,90.7,-0.5,-4.9,84
62032,Angres,62,4842,False,4718.99999999999,1.02,1.94,-0.92,croissance qui ralentit,72.0,2.0,4.1,20.2,3.3,1.0,88.8,0.3,16.5,57
62033,Annay,62,4517,False,4544.0,0.93,0.24,0.69,croissance qui accelere,75.0,8.0,3.6,17.8,2.8,1.4,88.2,-0.3,-9.0,73
62034,Annequin,62,2145,False,2147.0,-0.7,-1.29,0.59,declin qui se tasse,65.0,17.0,5.6,23.8,2.7,1.1,88.0,-0.8,,22
62035,Annezin,62,5813,False,5819.0,-0.21,0.47,-0.68,stable,83.0,11.0,6.9,34.6,4.5,2.0,87.1,-0.5,-3.1,142
62037,Anzin-Saint-Aubin,62,2806,False,2833.0,0.47,0.77,-0.3,croissance qui ralentit,117.0,26.0,5.9,29.3,5.7,1.6,87.5,-2.1,19.4,56
62040,Arques,62,9655,False,9526.0,-0.56,-0.26,-0.3,declin qui s'aggrave,85.0,14.0,5.0,24.9,3.5,4.1,81.2,0.6,-3.3,148
62041,Arras,62,42600,False,42621.0,0.7,-0.21,0.91,croissance qui accelere,70.0,4.0,7.7,33.5,16.5,3.2,61.5,1.9,3.6,420
62042,Athies,62,1059,False,1049.0,0.92,-0.24,1.16,croissance qui accelere,76.0,12.0,3.4,22.2,7.4,2.0,83.5,0.1,,15
62048,Auchel,62,10062,False,10124.0,-0.52,-1.02,0.5,declin qui se tasse,72.0,2.0,6.4,25.4,5.0,1.0,84.7,0.6,-6.1,126
62051,Auchy-les-Mines,62,4623,False,4642.0,-0.09,0.29,-0.38,stable,60.0,10.0,5.0,25.5,6.0,1.5,84.1,0.2,1.5,78
62065,Avion,62,17672,False,17571.0,-0.31,-0.05,-0.26,declin qui s'aggrave,58.0,6.0,4.1,22.3,5.1,1.7,84.8,-1.3,9.1,162
62073,Bailleul-Sir-Berthoult,62,1430,False,1432.0,0.35,2.34,-1.99,croissance qui ralentit,67.0,2.0,5.9,28.9,3.4,0.9,90.2,-1.6,,29
62083,Barlin,62,7366,False,7329.99999999999,-0.86,0.54,-1.4,declin qui s'aggrave,76.0,15.0,5.2,20.5,4.2,0.9,87.4,0.4,9.9,74
62099,Beaurains,62,5515,False,5530.0,-0.49,2.43,-2.92,declin qui s'aggrave,84.0,13.0,7.8,38.6,8.4,1.2,83.9,1.1,7.9,108
62471,Bellinghem,62,1087,False,1075.0,0.03,3.83,-3.8,stable,54.0,16.0,4.3,25.8,1.1,0.4,93.4,-0.4,,16
62126,Beuvry,62,9111,False,9077.99999999999,-0.91,1.5,-2.41,declin qui s'aggrave,85.0,19.0,6.1,29.8,5.9,1.7,85.0,0.5,-4.2,132
62128,Biache-Saint-Vaast,62,4481,False,4519.0,1.81,0.49,1.32,croissance qui accelere,62.0,-7.0,7.2,37.6,3.3,1.7,87.4,-0.4,7.5,57
62132,Billy-Berclau,62,5059,False,5076.0,1.8,0.58,1.22,croissance qui accelere,67.0,7.0,5.7,29.9,4.2,2.0,88.3,-0.1,6.4,117
62133,Billy-Montigny,62,8117,False,8027.0,-0.29,-0.14,-0.15,stable,49.0,-1.0,6.0,28.4,8.3,2.0,82.3,0.6,2.3,77
62160,Boulogne-sur-Mer,62,40910,False,41039.0,-0.25,-0.48,0.23,stable,82.0,16.0,7.4,30.7,8.4,2.2,67.4,0.3,10.8,410
62164,Bourlon,62,1140,False,1148.0,-0.39,-0.73,0.34,declin qui se tasse,84.0,22.0,6.3,26.8,2.3,1.7,85.6,-0.1,,11
62170,Bouvigny-Boyeffles,62,2371,False,2385.0,-0.3,-0.2,-0.1,declin qui s'aggrave,100.0,13.0,6.2,21.1,2.2,0.4,92.2,0.9,,34
62173,Brebières,62,5169,False,5210.0,1.0,0.06,0.94,croissance qui accelere,71.0,10.0,6.3,30.7,4.0,2.1,87.4,-1.6,9.1,108
62178,Bruay-la-Buissière,62,21827,False,21997.0,-0.18,-1.06,0.88,stable,69.0,-3.0,5.3,24.6,5.7,0.9,83.7,1.2,-4.3,211
62181,Bucquoy,62,1480,False,1506.0,0.44,-0.63,1.07,croissance qui accelere,62.0,6.0,8.5,41.2,3.2,0.5,87.4,-1.6,,16
62186,Bully-les-Mines,62,12221,False,12172.0,-0.17,-0.68,0.51,stable,78.0,14.0,4.9,19.5,3.7,2.0,86.3,0.1,7.8,138
62188,Burbure,62,2819,False,2827.0,-0.57,-0.57,0.0,declin qui se tasse,82.0,5.0,5.9,29.6,3.7,0.8,88.9,0.9,-6.0,48
62190,Busnes,62,1245,False,1242.0,-0.64,0.54,-1.18,declin qui s'aggrave,100.0,26.0,5.4,32.1,2.9,0.2,91.1,0.5,,19
62119,Béthune,62,24992,False,25342.0,0.1,-0.19,0.29,stable,80.0,11.0,8.0,33.0,11.3,3.0,71.8,0.3,-4.9,414
62193,Calais,62,67380,False,67585.0,-1.72,0.56,-2.28,declin qui s'aggrave,75.0,21.0,3.8,15.8,8.9,3.1,75.6,1.6,1.5,1131
62194,Calonne-Ricouart,62,5463,False,5416.0,-0.15,-0.64,0.49,stable,79.0,5.0,5.0,21.2,3.3,1.3,88.1,-1.3,22.4,53
62195,Calonne-sur-la-Lys,62,1560,False,1578.0,0.14,-0.64,0.78,stable,81.0,16.0,6.5,32.5,1.1,1.2,90.2,0.6,,24
62200,Cambrin,62,1228,False,1250.0,0.84,4.33,-3.49,croissance qui ralentit,62.0,13.0,5.5,23.9,5.1,1.7,85.8,-1.4,,16
62215,Carvin,62,17852,False,17966.0,0.76,0.08,0.68,croissance qui accelere,69.0,7.0,5.1,24.3,4.8,2.0,84.9,0.5,1.3,278
62224,Chocques,62,2824,False,2808.0,-0.65,-0.48,-0.17,declin qui s'aggrave,86.0,11.0,5.0,22.4,5.2,0.9,85.8,0.6,,30
62240,Corbehem,62,2266,False,2268.0,-0.64,0.68,-1.32,declin qui s'aggrave,72.0,5.0,6.1,30.1,3.9,2.4,88.3,-1.5,18.1,42
62249,Courcelles-lès-Lens,62,8213,False,8015.00000000001,0.82,3.99,-3.17,croissance qui ralentit,42.0,2.0,3.1,16.6,4.4,1.6,86.9,-0.9,2.1,114
62250,Courrières,62,10199,False,10160.0,-0.67,-0.07,-0.6,declin qui s'aggrave,82.0,12.0,4.6,23.9,6.0,2.0,84.0,0.2,12.5,189
62262,Cuinchy,62,1754,False,1784.0,0.37,-0.11,0.48,croissance qui accelere,86.0,9.0,8.1,37.4,6.9,0.7,87.7,-1.1,,20
62263,Dainville,62,5703,False,5718.0,0.43,-0.22,0.65,croissance qui accelere,149.0,12.0,5.5,25.7,8.2,3.3,80.2,-0.5,12.5,83
62274,Dourges,62,5997,False,6068.0,0.67,0.62,0.05,croissance qui accelere,55.0,5.0,6.0,32.2,7.8,1.7,84.0,-0.1,5.1,103
62276,Douvrin,62,5795,False,5799.0,1.56,1.12,0.44,croissance qui accelere,56.0,-3.0,8.9,46.9,7.3,2.1,83.3,2.7,9.6,115
62277,Drocourt,62,2943,False,2952.0,0.09,-0.35,0.44,stable,84.0,29.0,6.8,30.1,3.8,1.4,88.8,-0.7,7.2,52
62279,Duisans,62,1383,False,1393.0,1.35,1.74,-0.39,croissance qui ralentit,96.0,20.0,7.7,43.1,5.1,1.3,88.2,1.0,,12
62310,Essars,62,1755,False,1765.0,0.55,0.91,-0.36,croissance qui ralentit,82.0,7.0,7.2,33.0,4.7,1.2,87.5,0.9,,27
62311,Estevelles,62,2024,False,2002.0,-0.38,1.58,-1.96,declin qui s'aggrave,54.0,12.0,3.6,18.8,3.1,0.8,91.7,-1.1,,31
62323,Fampoux,62,1219,False,1243.0,1.09,0.61,0.48,croissance qui accelere,58.0,-9.0,8.0,37.5,4.7,1.2,89.1,1.5,,25
62330,Festubert,62,1266,False,1253.0,-0.8,0.08,-0.88,declin qui s'aggrave,66.0,19.0,7.8,39.2,2.9,0.5,90.4,-1.5,,28
62331,Feuchy,62,1015,False,1003.0,-0.55,-0.27,-0.28,declin qui s'aggrave,109.0,5.0,4.9,35.2,5.8,2.4,84.0,-0.3,,16
62338,Fleurbaix,62,2862,False,2944.0,1.55,0.38,1.17,croissance qui accelere,102.0,17.0,5.9,25.1,5.2,0.4,87.4,-0.7,-5.3,58
62349,Fouquereuil,62,1632,False,1630.0,0.87,4.62,-3.75,croissance qui ralentit,60.0,10.0,6.2,30.1,4.1,1.1,89.9,-1.4,,22
62350,Fouquières-lès-Béthune,62,1115,False,1111.0,0.57,-0.22,0.79,croissance qui accelere,161.0,26.0,10.9,61.1,3.5,4.4,87.0,-0.6,,13
62351,Fouquières-lès-Lens,62,6233,False,6134.0,-0.58,-0.56,-0.02,declin qui s'aggrave,72.0,12.0,4.8,20.2,4.7,1.3,86.6,-2.1,-0.4,67
62371,Givenchy-en-Gohelle,62,2026,False,2049.0,0.73,-0.79,1.52,croissance qui accelere,92.0,8.0,7.8,41.1,3.1,1.2,90.4,-0.1,,28
62373,Givenchy-lès-la-Bassée,62,1006,False,989.0,-0.37,1.53,-1.9,declin qui s'aggrave,78.0,30.0,5.1,28.3,7.6,1.0,85.1,1.0,,15
62376,Gonnehem,62,2507,False,2532.0,-0.11,0.41,-0.52,stable,83.0,11.0,5.6,29.5,3.6,0.3,92.0,-0.0,-10.0,47
62383,Gouy-sous-Bellonne,62,1396,False,1394.0,0.38,1.55,-1.17,croissance qui ralentit,97.0,10.0,6.4,35.2,3.8,1.0,90.0,-1.3,,25
62386,Grenay,62,6704,False,6674.0,-0.53,0.56,-1.09,declin qui s'aggrave,48.0,6.0,5.1,23.2,4.9,1.7,84.4,1.6,,42
62391,Guarbecque,62,1369,False,1375.0,-0.7,0.32,-1.02,declin qui s'aggrave,102.0,17.0,6.0,28.8,3.6,2.6,89.3,1.5,,19
62400,Haillicourt,62,4884,False,4974.0,0.11,-0.02,0.13,stable,67.0,6.0,5.8,29.4,4.0,1.2,88.2,-0.2,7.4,55
62401,Haisnes,62,4427,False,4411.0,0.29,-0.79,1.08,stable,64.0,14.0,5.2,25.3,7.3,1.9,84.0,-0.6,6.7,80
62412,Hardinghen,62,1219,False,1245.0,0.53,1.08,-0.55,croissance qui ralentit,102.0,6.0,8.4,33.9,2.4,0.4,88.2,0.7,,26
62413,Harnes,62,12317,False,12264.0,-0.35,0.52,-0.87,declin qui s'aggrave,79.0,8.0,5.0,24.9,4.0,1.7,87.1,-0.5,9.6,145
62443,Hersin-Coupigny,62,6147,False,6098.0,-0.37,0.24,-0.61,declin qui s'aggrave,62.0,8.0,5.1,25.1,1.8,0.8,91.0,-1.3,33.5,77
62452,Heuringhem,62,1379,False,1389.0,0.74,0.14,0.6,croissance qui accelere,98.0,35.0,7.2,37.5,2.4,0.2,91.8,0.9,,25
62454,Hinges,62,2417,False,2450.0,-0.19,2.11,-2.3,stable,77.0,24.0,5.9,30.3,3.6,0.5,91.8,-1.1,6.7,40
62457,Houdain,62,7030,False,6989.99999999999,-0.8,-0.76,-0.04,declin qui s'aggrave,87.0,16.0,5.5,26.8,2.7,0.4,89.7,-0.2,-6.0,74
62464,Hulluch,62,3367,False,3377.0,-0.25,2.22,-2.47,stable,68.0,17.0,4.6,21.5,4.0,1.0,89.3,0.2,-14.8,52
62427,Hénin-Beaumont,62,26035,False,25764.0,-0.09,-0.73,0.64,stable,68.0,9.0,4.7,24.3,8.9,1.8,80.4,1.0,18.2,421
62476,Izel-lès-Équerchin,62,1058,False,1049.0,1.04,1.2,-0.16,croissance qui ralentit,81.0,10.0,4.8,25.9,1.9,0.9,90.5,-0.6,,9
62252,La Couture,62,2616,False,2608.0,-1.22,0.86,-2.08,declin qui s'aggrave,77.0,27.0,5.8,27.9,1.8,0.7,91.4,-0.9,,34
62479,Labeuvrière,62,1654,False,1651.0,-0.14,-0.37,0.23,stable,75.0,12.0,5.8,28.3,4.3,0.9,89.0,0.2,,32
62480,Labourse,62,2894,False,2876.0,0.63,3.18,-2.55,croissance qui ralentit,47.0,7.0,5.7,25.2,3.9,2.6,87.5,-0.1,-10.7,57
62489,Lapugnoy,62,3518,False,3500.00000000001,0.23,0.7,-0.47,stable,86.0,8.0,6.4,31.3,4.6,1.4,89.4,-0.3,1.2,71
62491,Laventie,62,4969,False,5007.0,0.06,0.43,-0.37,stable,85.0,17.0,5.6,25.5,3.2,1.4,86.2,-0.3,8.8,119
62497,Leforest,62,7179,False,7120.0,0.02,0.12,-0.1,stable,70.0,13.0,3.9,17.9,7.6,2.6,83.7,-0.9,10.0,95
62498,Lens,62,32618,False,32697.0,1.06,-2.14,3.2,croissance qui accelere,83.0,6.0,6.8,28.2,8.9,1.9,76.6,0.0,-1.4,281
62502,Lestrem,62,5073,False,5040.99999999999,1.96,0.93,1.03,croissance qui accelere,64.0,9.0,5.1,26.0,1.8,1.9,90.4,-0.1,0.8,74
62907,Libercourt,62,8138,False,8047.0,-0.71,-0.08,-0.63,declin qui s'aggrave,68.0,7.0,3.7,19.9,10.6,1.8,81.4,-2.0,7.3,84
62516,Lillers,62,9988,False,10200.0,0.23,0.01,0.22,stable,72.0,12.0,6.3,25.9,5.1,2.1,81.6,1.0,31.2,207
62510,Liévin,62,30149,False,30113.0,-0.45,-0.54,0.09,declin qui se tasse,68.0,11.0,4.2,19.7,4.3,1.2,85.7,-0.3,-2.0,341
62520,Locon,62,2342,False,2332.0,-0.47,0.91,-1.38,declin qui s'aggrave,118.0,43.0,5.5,25.4,4.0,1.2,89.6,1.3,,34
62523,Loison-sous-Lens,62,5255,False,5202.0,-0.67,0.71,-1.38,declin qui s'aggrave,79.0,18.0,5.4,25.6,3.7,1.6,87.3,-0.5,12.3,88
62525,Longuenesse,62,10568,False,10559.0,-0.72,-0.09,-0.63,declin qui s'aggrave,93.0,11.0,7.4,31.3,4.3,2.8,79.5,0.6,-6.9,175
62528,Loos-en-Gohelle,62,6896,False,6850.0,0.5,-0.2,0.7,croissance qui accelere,72.0,3.0,4.0,19.1,4.2,1.6,86.4,1.1,0.8,107
62529,Lorgies,62,1609,False,1630.0,0.47,-0.06,0.53,croissance qui accelere,64.0,19.0,5.3,27.7,4.9,1.5,87.2,-1.2,,26
62540,Maisnil-lès-Ruitz,62,1691,False,1685.0,0.3,1.57,-1.27,croissance qui ralentit,55.0,2.0,6.0,27.9,2.9,1.0,90.8,0.4,,19
62543,Mametz,62,1998,False,1985.0,-0.05,-0.15,0.1,stable,106.0,31.0,5.7,30.1,1.8,1.1,91.2,0.2,,26
62557,Marœuil,62,2441,False,2430.0,-0.32,0.0,-0.32,declin qui s'aggrave,107.0,31.0,9.7,50.2,5.6,0.4,88.0,0.1,,38
62563,Mazingarbe,62,8068,False,8164.0,0.32,1.19,-0.87,croissance qui ralentit,48.0,1.0,6.6,31.4,2.6,1.3,90.3,0.2,3.8,100
62573,Meurchin,62,3717,False,3714.99999999999,-0.4,0.37,-0.77,declin qui s'aggrave,64.0,9.0,5.7,27.7,6.2,1.0,85.3,-0.3,-4.1,73
62584,Mont-Bernanchon,62,1316,False,1319.0,-0.55,-0.26,-0.29,declin qui s'aggrave,66.0,10.0,6.4,35.5,2.7,0.3,91.5,-0.6,,19
62587,Montigny-en-Gohelle,62,9870,False,9667.0,-0.87,-0.29,-0.58,declin qui s'aggrave,73.0,15.0,5.7,25.6,6.1,1.5,85.3,1.6,2.7,118
62570,Méricourt,62,11431,False,11651.0,-0.05,-0.21,0.16,stable,78.0,6.0,3.9,16.8,5.3,1.3,85.2,-0.6,-3.6,109
62606,Neuve-Chapelle,62,1419,False,1404.0,-0.41,1.71,-2.12,declin qui s'aggrave,58.0,19.0,5.2,25.6,3.2,0.6,91.8,0.2,,25
62609,Neuville-Saint-Vaast,62,1603,False,1626.0,1.22,-0.08,1.3,croissance qui accelere,92.0,1.0,6.5,31.4,3.0,0.4,89.6,1.5,,21
62620,Norrent-Fontes,62,1362,False,1372.0,-0.45,-0.78,0.33,declin qui se tasse,116.0,32.0,4.3,21.6,1.4,1.6,90.7,-1.8,,15
62624,Noyelles-Godault,62,5906,False,5949.0,0.08,2.92,-2.84,stable,66.0,9.0,5.6,25.9,6.2,2.3,83.4,0.3,10.0,57
62626,Noyelles-lès-Vermelles,62,2294,False,2278.0,-0.91,1.1,-2.01,declin qui s'aggrave,55.0,18.0,5.2,22.3,2.9,0.7,89.0,-0.2,,17
62628,Noyelles-sous-Lens,62,6659,False,6757.0,0.25,-0.57,0.82,stable,82.0,-8.0,5.8,24.2,4.0,1.4,87.9,-1.1,-5.8,59
62617,Nœux-les-Mines,62,11520,False,11384.0,-0.89,-0.38,-0.51,declin qui s'aggrave,105.0,28.0,5.3,25.1,4.5,2.2,84.9,-0.2,-11.0,140
62637,Oignies,62,10210,False,10260.0,0.95,-0.35,1.3,croissance qui accelere,72.0,-0.0,6.4,28.3,6.6,2.7,83.4,0.2,9.5,119
62638,Oisy-le-Verger,62,1188,False,1200.0,-0.42,-0.45,0.03,declin qui se tasse,118.0,8.0,8.6,38.7,2.2,1.0,90.1,-1.3,,12
62666,Pont-à-Vendin,62,3136,False,3099.0,-0.41,0.35,-0.76,declin qui s'aggrave,44.0,6.0,5.2,21.9,4.3,0.8,87.8,0.3,2.7,70
62684,Racquinghem,62,2214,False,2197.0,-0.73,-0.29,-0.44,declin qui s'aggrave,74.0,27.0,6.6,32.4,2.5,0.6,90.0,0.4,,44
62693,Rebreuve-Ranchicourt,62,1071,False,1071.0,-0.12,-0.35,0.23,stable,104.0,27.0,3.8,14.0,1.2,0.8,89.1,-0.4,,23
62706,Richebourg,62,2618,False,2653.0,0.3,1.12,-0.82,croissance qui ralentit,95.0,19.0,5.3,23.7,2.0,0.6,90.4,-2.1,,45
62712,Rivière,62,1124,False,1124.0,0.0,-0.05,0.05,stable,91.0,-7.0,6.2,32.3,6.6,1.6,84.5,1.8,,10
62713,Robecq,62,1329,False,1320.0,-0.59,0.93,-1.52,declin qui s'aggrave,79.0,20.0,6.2,29.6,2.8,0.9,88.9,1.1,,13
62724,Rouvroy,62,8797,False,8674.99999999999,-0.04,0.0,-0.04,stable,64.0,11.0,4.0,19.6,5.2,2.0,85.8,0.2,-10.6,87
62727,Ruitz,62,1509,False,1493.0,-1.16,0.91,-2.07,declin qui s'aggrave,118.0,37.0,6.4,29.2,1.9,0.3,90.3,-0.4,,30
62718,Rœux,62,1390,False,1393.0,-0.81,0.9,-1.71,declin qui s'aggrave,75.0,22.0,4.5,26.3,5.7,0.7,87.1,0.5,,15
62735,Sailly-Labourse,62,2577,False,2535.0,1.67,1.41,0.26,croissance qui accelere,53.0,1.0,5.0,25.5,4.3,1.4,88.9,-0.1,,36
62736,Sailly-sur-la-Lys,62,3883,False,3932.0,-0.36,-0.13,-0.23,declin qui s'aggrave,94.0,33.0,5.5,26.7,5.4,0.9,87.8,0.0,-14.8,76
62737,Sains-en-Gohelle,62,5995,False,5972.0,-0.66,-0.65,-0.01,declin qui s'aggrave,74.0,13.0,4.7,20.9,5.3,0.8,87.6,1.5,6.1,92
62753,Saint-Laurent-Blangy,62,6507,False,6492.0,-0.42,1.3,-1.72,declin qui s'aggrave,89.0,18.0,6.6,32.0,10.2,3.0,79.8,-0.1,6.7,124
62764,Saint-Nicolas,62,4603,False,4547.99999999999,-0.92,0.23,-1.15,declin qui s'aggrave,102.0,22.0,5.8,30.4,9.7,4.1,74.4,0.1,15.1,73
62765,Saint-Omer,62,14661,False,14358.0,-0.1,0.53,-0.63,stable,68.0,10.0,9.7,37.6,8.4,3.9,67.4,1.3,-12.2,213
62770,Saint-Venant,62,3022,False,3002.0,0.16,-0.41,0.57,stable,115.0,10.0,6.8,24.3,2.3,2.1,86.9,-3.8,,46
62744,Sainte-Catherine,62,3594,False,3533.0,0.16,0.54,-0.38,stable,100.0,24.0,6.8,38.4,8.4,3.6,80.0,-1.0,3.4,59
62771,Sallaumines,62,9650,False,9632.99999999999,-0.28,0.31,-0.59,stable,64.0,9.0,5.0,21.6,8.4,1.3,80.8,1.1,15.9,85
62793,Servins,62,1134,False,1146.0,0.92,0.49,0.43,croissance qui accelere,56.0,17.0,6.3,29.2,3.4,1.3,86.5,1.8,,12
62801,Souchez,62,2658,False,2664.0,1.0,-0.1,1.1,croissance qui accelere,91.0,12.0,7.7,39.4,3.3,0.3,90.4,0.7,18.3,50
62810,Thélus,62,1271,False,1303.0,1.26,-0.41,1.67,croissance qui accelere,77.0,-2.0,7.8,44.5,2.8,0.3,92.1,-0.0,,23
62817,Tilloy-lès-Mofflaines,62,1519,False,1564.0,1.41,0.27,1.14,croissance qui accelere,55.0,6.0,7.9,38.4,9.0,1.2,82.1,2.2,,16
62836,Vaudricourt,62,1104,False,1129.0,3.03,1.41,1.62,croissance qui accelere,101.0,-8.0,8.4,44.3,4.3,2.1,88.0,-0.5,,27
62842,Vendin-le-Vieil,62,8381,False,8595.99999999999,-0.17,2.49,-2.66,stable,52.0,7.0,4.9,20.5,3.9,1.4,87.7,0.3,0.5,122
62841,Vendin-lès-Béthune,62,2393,False,2384.00000000001,-0.34,0.39,-0.73,declin qui s'aggrave,105.0,13.0,5.2,23.7,6.2,2.2,84.3,0.2,,43
62846,Vermelles,62,4748,False,4729.0,0.04,0.83,-0.79,stable,62.0,4.0,5.0,22.4,3.1,0.7,89.9,-1.0,-9.5,73
62847,Verquigneul,62,2016,False,2013.0,1.09,-1.36,2.45,croissance qui accelere,49.0,8.0,10.0,26.8,6.9,1.0,84.1,1.9,,25
62848,Verquin,62,3459,False,3452.0,0.13,0.16,-0.03,stable,87.0,19.0,7.6,36.9,5.3,1.5,88.0,-0.2,5.4,46
62861,Vimy,62,4307,False,4281.0,-0.0,-0.11,0.11,stable,117.0,20.0,4.6,22.7,3.8,0.6,87.7,0.2,-4.8,91
62863,Violaines,62,3831,False,3844.0,1.05,-0.43,1.48,croissance qui accelere,66.0,4.0,8.7,44.3,8.0,1.5,84.1,0.2,,55
62865,Vitry-en-Artois,62,4787,False,4842.0,0.73,0.69,0.04,croissance qui accelere,85.0,3.0,6.0,27.5,3.3,2.6,86.0,-1.6,5.2,60
62869,Wailly,62,1081,False,1076.0,-0.47,1.16,-1.63,declin qui s'aggrave,96.0,23.0,7.1,36.9,5.9,0.2,88.4,0.5,,16
62875,Wardrecques,62,1346,False,1338.0,0.09,2.35,-2.26,stable,103.0,36.0,6.7,33.6,1.6,1.6,89.7,0.6,,12
62895,Wingles,62,8742,False,8734.0,-0.08,1.27,-1.35,stable,59.0,5.0,5.4,26.0,3.5,2.1,86.9,0.1,1.4,119
62905,Zudausques,62,1040,False,1061.0,2.97,1.11,1.86,croissance qui accelere,50.0,12.0,3.9,17.2,1.5,2.1,91.0,-0.0,,12
62284,Écourt-Saint-Quentin,62,1691,False,1692.0,0.24,-1.06,1.3,stable,101.0,16.0,6.7,38.6,2.7,0.4,88.4,0.1,,29
62291,Éleu-dit-Leauwette,62,2829,False,2815.0,-0.83,0.61,-1.44,declin qui s'aggrave,83.0,8.0,6.3,32.2,4.9,1.0,89.1,-0.6,-5.4,54
62321,Évin-Malmaison,62,4674,False,4657.0,0.28,-0.01,0.29,stable,63.0,11.0,5.4,27.5,6.1,1.2,84.7,-0.7,3.8,80
