code_insee,commune,dep,PMUN,dans_MEL,acces_creche_moy_min,acces_creche_min_min,acces_maternelle_moy_min,acces_maternelle_min_min,acces_elementaire_moy_min,acces_elementaire_min_min,acces_college_moy_min,acces_college_min_min,acces_lycee_moy_min,acces_lycee_min_min,ecole_sur_place,college_sur_place,creche_sur_place,places_creche,part_0_14ans,places_creche_col_pour_100_moins3,couverture_petite_enfance_epci,couverture_creche_epci,couverture_assmat_epci
59002,Abscon,59,4203,False,3.0,1.0,1.7,1.0,1.6,1.0,3.0,1.0,4.4,2.4,1,0,1,12,19.4,7.0,52.9,9.2,32.1
59004,Aix-en-Pévèle,59,1358,False,9.5,6.3,2.6,1.0,2.6,1.0,9.2,6.1,8.8,5.6,1,0,0,0,20.7,0.0,76.0,19.9,46.5
59005,Allennes-les-Marais,59,3567,True,3.7,1.5,1.7,1.0,1.7,1.0,3.6,1.5,5.0,3.3,1,0,0,0,17.2,0.0,62.4,26.0,27.1
59008,Aniche,59,9997,False,2.3,1.0,1.5,1.0,1.7,1.0,2.5,1.0,5.0,1.0,1,1,1,19,22.2,4.0,56.0,7.2,35.6
59011,Annœullin,59,10780,True,2.1,1.0,1.7,1.0,1.7,1.0,2.6,1.0,8.1,5.7,1,1,1,54,17.7,14.0,62.4,26.0,27.1
59013,Anstaing,59,1601,True,6.4,4.4,1.7,1.0,1.7,1.0,6.6,4.6,9.4,6.3,1,0,0,0,19.9,0.0,62.4,26.0,27.1
59014,Anzin,59,13422,False,2.2,1.0,1.4,1.0,1.6,1.0,2.5,1.0,3.0,1.0,1,1,1,25,21.0,4.0,50.4,16.1,24.0
59015,Arleux,59,3151,False,2.8,1.0,1.8,1.0,1.8,1.0,3.1,1.0,13.4,11.0,1,1,1,10,17.3,9.0,55.6,15.4,29.7
59017,Armentières,59,25581,True,2.3,1.0,1.5,1.0,1.4,1.0,2.1,1.0,1.9,1.0,1,1,1,86,20.4,8.0,62.4,26.0,27.1
59018,Arnèke,59,1561,False,7.4,4.3,1.5,1.0,1.5,1.0,8.1,4.8,10.7,7.1,1,0,0,0,14.7,0.0,74.6,11.3,49.7
59019,Artres,59,1064,False,6.3,5.3,2.1,1.0,2.1,1.0,9.3,8.1,7.6,6.4,1,0,0,0,20.1,0.0,50.4,16.1,24.0
59022,Attiches,59,2238,False,6.9,5.3,1.8,1.0,1.6,1.0,8.9,4.8,8.3,6.4,1,0,0,0,19.1,0.0,76.0,19.9,46.5
59024,Auberchicourt,59,4626,False,3.5,1.8,1.5,1.0,2.1,1.0,3.5,1.8,6.8,5.2,1,0,0,0,18.9,0.0,56.0,7.2,35.6
59025,Aubers,59,1722,True,10.8,8.2,1.6,1.0,1.6,1.0,1.9,1.0,11.2,8.9,1,0,0,0,19.4,0.0,62.4,26.0,27.1
59026,Aubigny-au-Bac,59,1159,False,7.9,5.9,1.3,1.0,1.2,1.0,10.7,8.7,14.0,12.4,1,0,0,0,17.0,0.0,55.6,15.4,29.7
59027,Aubry-du-Hainaut,59,1726,False,1.7,1.0,1.6,1.0,1.7,1.0,3.5,1.5,6.0,4.0,1,0,1,12,17.4,20.0,50.4,16.1,24.0
59028,Auby,59,7188,False,2.8,1.0,1.9,1.0,1.9,1.0,3.0,1.0,3.6,1.0,1,1,1,26,21.4,8.0,55.6,15.4,29.7
59029,Auchy-lez-Orchies,59,1486,False,7.3,4.9,2.1,1.0,2.1,1.0,6.3,4.3,6.0,3.7,1,0,0,0,19.2,0.0,76.0,19.9,46.5
59032,Aulnoy-lez-Valenciennes,59,7183,False,3.5,1.0,1.3,1.0,1.6,1.0,2.6,1.0,5.2,3.2,1,1,0,0,14.2,0.0,50.4,16.1,24.0
59034,Avelin,59,2600,False,2.4,1.0,2.2,1.0,2.2,1.0,5.9,3.2,9.1,6.2,1,0,1,44,17.6,49.0,76.0,19.9,46.5
59038,Avesnes-le-Sec,59,1447,False,9.9,8.1,1.2,1.0,1.2,1.0,8.5,6.9,14.6,13.1,1,0,0,0,20.0,0.0,52.9,9.2,32.1
59042,Bachy,59,1883,False,8.0,5.9,2.0,1.0,2.0,1.0,7.8,6.1,9.0,6.5,1,0,0,0,20.6,0.0,76.0,19.9,46.5
59043,Bailleul,59,14869,False,3.6,1.0,1.8,1.0,1.8,1.0,3.3,1.0,3.3,1.0,1,1,1,50,15.6,11.0,74.6,11.3,49.7
59044,Baisieux,59,5177,True,2.7,1.0,1.5,1.0,1.5,1.0,8.0,5.4,7.5,4.3,1,0,1,47,19.4,23.0,62.4,26.0,27.1
59052,Bauvin,59,4999,True,4.1,1.2,1.4,1.0,1.6,1.0,2.4,1.0,8.8,5.8,1,0,0,0,17.4,0.0,62.4,26.0,27.1
59054,Bavinchove,59,1046,False,8.3,5.2,1.6,1.0,1.6,1.0,5.2,3.5,11.7,8.7,1,0,0,0,21.8,0.0,74.6,11.3,49.7
59064,Bellaing,59,1329,False,4.0,2.6,2.1,1.0,2.1,1.0,5.3,3.4,8.1,6.6,1,0,0,0,19.6,0.0,52.9,9.2,32.1
59071,Bersée,59,2296,False,11.2,8.5,1.8,1.0,1.8,1.0,7.2,4.2,10.4,7.9,1,0,0,0,16.9,0.0,76.0,19.9,46.5
59079,Beuvrages,59,6784,False,2.2,1.0,1.3,1.0,1.5,1.0,2.2,1.0,5.7,3.5,1,1,1,18,22.2,6.0,50.4,16.1,24.0
59080,Beuvry-la-Forêt,59,2834,False,5.5,1.8,2.5,1.0,2.6,1.0,8.6,5.1,8.8,4.6,1,0,0,0,17.6,0.0,76.0,19.9,46.5
59082,Bierne,59,1772,False,3.8,1.5,1.5,1.0,1.5,1.0,4.8,2.6,9.2,6.4,1,0,0,0,18.1,0.0,79.5,9.0,56.8
59084,Blaringhem,59,2043,False,10.1,5.5,2.4,1.0,2.4,1.0,10.3,5.7,12.7,8.4,1,0,0,0,20.4,0.0,74.6,11.3,49.7
59086,Boeschepe,59,2179,False,11.8,8.2,2.7,1.0,2.7,1.0,10.7,6.7,14.8,8.7,1,0,0,0,18.0,0.0,74.6,11.3,49.7
59088,Bois-Grenier,59,1793,True,6.5,3.7,1.3,1.0,1.3,1.0,4.9,1.9,6.7,3.9,1,0,0,0,20.1,0.0,62.4,26.0,27.1
59089,Bollezeele,59,1423,False,11.5,7.1,1.5,1.0,1.5,1.0,11.8,7.2,13.4,9.3,1,0,0,0,18.0,0.0,79.5,9.0,56.8
59090,Bondues,59,9713,True,4.0,1.0,2.2,1.0,2.2,1.0,5.2,1.0,5.9,1.0,1,1,1,60,18.2,17.0,62.4,26.0,27.1
59094,Bourbourg,59,7023,False,1.8,1.0,1.5,1.0,1.5,1.0,1.6,1.0,12.0,7.3,1,1,1,20,18.3,8.0,58.6,17.3,30.7
59096,Bourghelles,59,1673,False,5.3,2.2,2.1,1.0,2.1,1.0,5.5,3.7,8.4,5.6,1,0,0,0,16.7,0.0,76.0,19.9,46.5
59098,Bousbecque,59,4847,True,2.1,1.0,2.1,1.0,2.0,1.0,5.8,2.2,6.0,3.7,1,0,1,28,19.1,15.0,62.4,26.0,27.1
59105,Bouvignies,59,1548,False,8.7,5.4,2.4,1.0,2.4,1.0,7.9,5.0,11.6,8.3,1,0,0,0,19.8,0.0,76.0,19.9,46.5
59112,Bruay-sur-l'Escaut,59,11309,False,3.7,1.0,1.9,1.0,1.9,1.0,3.3,1.0,7.8,3.5,1,1,1,15,22.6,3.0,50.4,16.1,24.0
59114,Bruille-Saint-Amand,59,1682,False,3.3,1.0,2.5,1.0,2.5,1.0,7.0,4.8,7.7,4.7,1,0,1,12,17.3,20.0,52.9,9.2,32.1
59113,Bruille-lez-Marchiennes,59,1350,False,4.6,3.2,1.2,1.0,1.2,1.0,5.8,3.8,6.9,5.8,1,0,0,0,20.4,0.0,56.0,7.2,35.6
59117,Bugnicourt,59,1074,False,4.8,3.4,1.5,1.0,1.5,1.0,7.6,6.2,10.8,9.9,1,0,0,0,18.5,0.0,55.6,15.4,29.7
59122,Cambrai,59,31425,False,2.2,1.0,1.5,1.0,1.5,1.0,2.4,1.0,2.2,1.0,1,1,1,102,15.2,11.0,66.9,10.8,41.3
59123,Camphin-en-Carembault,59,1714,False,4.9,2.3,1.8,1.0,1.8,1.0,5.8,4.2,8.0,6.0,1,0,0,0,17.3,0.0,76.0,19.9,46.5
59124,Camphin-en-Pévèle,59,2501,False,2.0,1.0,1.7,1.0,1.7,1.0,11.5,8.5,3.2,1.0,1,0,1,22,23.1,19.0,76.0,19.9,46.5
59126,Cantin,59,1770,False,5.3,3.2,1.4,1.0,1.4,1.0,8.2,4.2,8.4,5.6,1,0,0,0,20.4,0.0,55.6,15.4,29.7
59128,Capinghem,59,2474,True,5.4,3.5,2.8,1.0,2.8,1.0,4.4,2.4,6.2,4.2,1,0,0,0,14.6,0.0,62.4,26.0,27.1
59129,Cappelle-en-Pévèle,59,2262,False,6.0,3.7,2.1,1.0,2.1,1.0,2.8,1.0,9.4,6.2,1,1,0,0,20.5,0.0,76.0,19.9,46.5
59133,Carnin,59,1076,True,3.1,1.7,1.2,1.0,1.2,1.0,5.2,3.9,6.7,5.3,1,0,0,0,19.5,0.0,62.4,26.0,27.1
59135,Cassel,59,2227,False,5.2,2.5,2.0,1.0,2.0,1.0,2.4,1.0,11.9,6.6,1,1,0,0,16.9,0.0,74.6,11.3,49.7
59120,Caëstre,59,2006,False,7.9,5.1,1.3,1.0,1.3,1.0,7.8,5.3,9.1,6.5,1,0,0,0,20.4,0.0,74.6,11.3,49.7
59146,Chéreng,59,3001,True,6.4,3.7,1.6,1.0,1.6,1.0,7.8,5.9,9.9,5.6,1,0,0,0,17.8,0.0,62.4,26.0,27.1
59152,Comines,59,12671,True,2.6,1.0,1.8,1.0,1.8,1.0,2.4,1.0,13.0,8.7,1,1,1,42,19.8,8.0,62.4,26.0,27.1
59153,Condé-sur-l'Escaut,59,9396,False,2.7,1.0,1.7,1.0,1.8,1.0,3.1,1.0,4.3,1.0,1,1,1,55,20.0,15.0,50.4,16.1,24.0
59155,Coudekerque-Branche,59,20765,False,1.6,1.0,1.2,1.0,1.2,1.0,1.4,1.0,2.1,1.0,1,1,1,62,17.8,8.0,58.6,17.3,30.7
59156,Courchelettes,59,2881,False,1.7,1.0,1.4,1.0,2.2,1.0,4.6,2.4,5.7,3.7,1,0,1,15,15.5,17.0,55.6,15.4,29.7
59158,Coutiches,59,3246,False,7.3,3.8,2.9,1.0,2.9,1.0,7.1,3.5,8.3,4.4,1,0,0,0,20.2,0.0,76.0,19.9,46.5
59163,Croix,59,20778,True,1.7,1.0,1.3,1.0,1.3,1.0,2.1,1.0,3.5,1.0,1,1,1,55,18.7,7.0,62.4,26.0,27.1
59165,Cuincy,59,6472,False,2.5,1.0,1.7,1.0,2.0,1.0,2.9,1.0,4.1,2.6,1,0,1,22,18.3,9.0,55.6,15.4,29.7
59166,Curgies,59,1347,False,2.9,1.7,1.2,1.0,1.2,1.0,5.7,4.6,4.6,3.5,1,0,0,0,20.4,0.0,50.4,16.1,24.0
59168,Cysoing,59,4722,False,3.2,1.0,1.7,1.0,1.8,1.0,2.6,1.0,8.1,3.6,1,1,1,30,15.8,20.0,76.0,19.9,46.5
59170,Dechy,59,5351,False,4.1,2.0,1.5,1.0,2.1,1.0,2.4,1.0,4.0,1.7,1,1,0,0,20.6,0.0,55.6,15.4,29.7
59172,Denain,59,20640,False,2.3,1.0,1.5,1.0,1.6,1.0,1.9,1.0,2.1,1.0,1,1,1,55,24.5,5.0,52.9,9.2,32.1
59173,Deûlémont,59,1819,True,6.3,2.1,1.9,1.0,1.9,1.0,7.3,5.3,10.8,8.7,1,0,0,0,19.4,0.0,62.4,26.0,27.1
59670,Don,59,1412,True,4.7,2.9,1.9,1.0,1.9,1.0,4.5,2.8,10.4,8.9,1,0,0,0,17.7,0.0,62.4,26.0,27.1
59178,Douai,59,39648,False,2.7,1.0,1.6,1.0,1.6,1.0,2.4,1.0,2.5,1.0,1,1,1,216,17.3,16.0,55.6,15.4,29.7
59179,Douchy-les-Mines,59,10207,False,1.8,1.0,1.4,1.0,1.4,1.0,2.9,1.0,4.7,1.7,1,1,1,20,21.2,5.0,52.9,9.2,32.1
59183,Dunkerque,59,86788,False,1.7,1.0,1.4,1.0,1.3,1.0,1.8,1.0,2.4,1.0,1,1,1,402,16.5,14.0,58.6,17.3,30.7
59189,Eecke,59,1221,False,6.1,3.7,1.3,1.0,1.3,1.0,5.4,2.5,11.0,8.5,1,0,0,0,20.5,0.0,74.6,11.3,49.7
59193,Emmerin,59,3053,True,3.8,1.6,2.5,1.0,2.5,1.0,5.8,3.7,3.1,1.0,1,0,0,0,18.9,0.0,62.4,26.0,27.1
59196,Ennetières-en-Weppes,59,1293,True,7.7,3.4,2.4,1.0,2.4,1.0,6.5,2.9,8.3,5.4,1,0,0,0,15.4,0.0,62.4,26.0,27.1
59197,Ennevelin,59,2356,False,6.1,2.3,1.8,1.0,1.8,1.0,7.2,2.5,12.6,8.4,1,0,0,0,19.6,0.0,76.0,19.9,46.5
59202,Erquinghem-Lys,59,5356,True,2.0,1.0,1.7,1.0,1.6,1.0,3.5,1.3,3.8,1.2,1,0,1,13,19.8,6.0,62.4,26.0,27.1
59203,Erre,59,1574,False,5.6,2.7,1.3,1.0,1.3,1.0,6.3,3.3,5.7,3.3,1,0,0,0,21.2,0.0,56.0,7.2,35.6
59205,Escaudain,59,9253,False,4.8,1.0,1.5,1.0,1.5,1.0,2.8,1.0,5.0,2.2,1,1,0,0,22.6,0.0,52.9,9.2,32.1
59207,Escautpont,59,4152,False,3.0,1.0,1.8,1.0,2.0,1.0,2.8,1.0,11.7,9.5,1,1,1,12,20.7,7.0,52.9,9.2,32.1
59210,Esquelbecq,59,2134,False,4.8,2.5,1.8,1.0,1.8,1.0,4.3,1.8,3.8,1.0,1,0,0,0,16.4,0.0,79.5,9.0,56.8
59212,Estaires,59,6496,False,2.8,1.0,2.0,1.0,1.9,1.0,1.9,1.0,2.8,1.0,1,1,1,29,19.0,12.0,73.5,14.7,46.8
59214,Estrées,59,1116,False,7.7,6.5,1.3,1.0,1.3,1.0,4.9,3.6,10.0,7.3,1,0,0,0,19.4,0.0,55.6,15.4,29.7
59220,Faches-Thumesnil,59,18110,True,1.7,1.0,1.2,1.0,1.2,1.0,2.3,1.0,4.4,2.4,1,1,1,130,21.2,17.0,62.4,26.0,27.1
59221,Famars,59,2475,False,3.0,1.0,1.6,1.0,1.6,1.0,4.2,2.4,3.5,1.9,1,0,1,15,13.3,23.0,50.4,16.1,24.0
59222,Faumont,59,2251,False,9.5,6.0,2.8,1.0,2.8,1.0,9.6,6.5,12.6,9.3,1,0,0,0,20.3,0.0,55.6,15.4,29.7
59227,Fenain,59,5529,False,4.9,2.6,1.9,1.0,1.7,1.0,5.7,2.1,4.7,2.4,1,0,0,0,20.7,0.0,56.0,7.2,35.6
59234,Flers-en-Escrebieux,59,5642,False,3.0,1.0,1.9,1.0,1.9,1.0,3.7,1.9,4.8,1.6,1,0,1,23,19.9,10.0,55.6,15.4,29.7
59239,Flines-lez-Raches,59,5610,False,3.1,1.0,2.2,1.0,2.1,1.0,3.2,1.0,11.4,7.3,1,1,1,24,19.0,11.0,55.6,15.4,29.7
59238,Flines-lès-Mortagne,59,1649,False,12.8,6.0,2.9,1.0,2.9,1.0,6.3,2.6,15.3,12.3,1,0,0,0,19.1,0.0,52.9,9.2,32.1
59244,Fontaine-Notre-Dame,59,1763,False,4.6,1.0,1.9,1.0,1.9,1.0,6.4,4.0,7.8,3.9,1,0,1,28,19.7,40.0,66.9,10.8,41.3
59247,Forest-sur-Marque,59,1659,True,5.7,4.6,1.7,1.0,1.7,1.0,6.6,5.3,7.6,6.5,1,0,0,0,19.5,0.0,62.4,26.0,27.1
59250,Fournes-en-Weppes,59,2190,True,8.9,6.5,1.6,1.0,1.6,1.0,2.3,1.0,5.8,2.7,1,1,0,0,18.0,0.0,62.4,26.0,27.1
59252,Frelinghien,59,2581,True,6.8,2.9,2.2,1.0,2.2,1.0,4.5,2.3,8.0,5.7,1,0,0,0,17.7,0.0,62.4,26.0,27.1
59253,Fresnes-sur-Escaut,59,7486,False,2.8,1.0,1.7,1.0,1.7,1.0,2.6,1.0,9.3,5.1,1,1,1,18,20.9,6.0,50.4,16.1,24.0
59256,Fretin,59,3227,True,7.0,3.2,2.2,1.0,2.2,1.0,8.3,1.7,13.3,7.4,1,0,0,0,18.7,0.0,62.4,26.0,27.1
59257,Fromelles,59,1076,True,11.5,7.0,1.7,1.0,1.7,1.0,4.4,2.5,9.9,7.5,1,0,0,0,20.6,0.0,62.4,26.0,27.1
59224,Féchain,59,1658,False,12.6,9.9,1.5,1.0,1.5,1.0,13.2,11.3,17.7,15.1,1,0,0,0,14.0,0.0,55.6,15.4,29.7
59228,Férin,59,1447,False,4.8,3.6,1.8,1.0,1.8,1.0,6.7,5.4,5.6,3.0,1,0,0,0,16.7,0.0,55.6,15.4,29.7
59258,Genech,59,2825,False,2.5,1.0,2.1,1.0,2.1,1.0,9.1,5.3,1.6,1.0,1,0,1,13,14.7,16.0,76.0,19.9,46.5
59260,Ghyvelde,59,4119,False,7.2,2.6,1.6,1.0,1.8,1.0,4.9,2.3,10.7,6.4,1,0,0,0,17.6,0.0,58.6,17.3,30.7
59262,Godewaersvelde,59,2053,False,8.2,4.9,1.8,1.0,1.8,1.0,6.7,3.3,15.2,12.0,1,0,0,0,19.8,0.0,74.6,11.3,49.7
59265,Gommegnies,59,2300,False,11.0,4.2,3.8,1.0,3.8,1.0,9.7,4.4,10.0,4.1,1,0,0,0,18.3,0.0,55.6,6.8,41.9
59266,Gondecourt,59,4050,False,4.3,1.0,2.2,1.0,2.2,1.0,2.6,1.0,2.4,1.0,1,1,0,0,18.2,0.0,76.0,19.9,46.5
59271,Grande-Synthe,59,20331,False,1.6,1.0,1.2,1.0,1.2,1.0,1.7,1.0,2.0,1.0,1,1,1,95,23.6,10.0,58.6,17.3,30.7
59275,Gruson,59,1237,True,7.7,4.1,1.4,1.0,1.4,1.0,7.1,3.5,12.6,9.3,1,0,0,0,15.6,0.0,62.4,26.0,27.1
59276,Guesnain,59,4656,False,5.8,3.8,2.0,1.0,2.1,1.0,3.5,1.0,5.7,3.7,1,0,0,0,18.7,0.0,55.6,15.4,29.7
59263,Gœulzin,59,1042,False,7.0,4.8,1.5,1.0,1.5,1.0,7.4,5.2,6.5,4.2,1,0,0,0,14.7,0.0,55.6,15.4,29.7
59278,Hallennes-lez-Haubourdin,59,4718,True,4.3,1.4,2.1,1.0,2.2,1.0,3.2,1.0,6.4,4.0,1,0,0,0,18.5,0.0,62.4,26.0,27.1
59279,Halluin,59,20829,True,1.9,1.0,1.6,1.0,1.6,1.0,2.0,1.0,3.2,1.0,1,1,1,69,20.4,8.0,62.4,26.0,27.1
59281,Hantay,59,1259,True,6.5,4.6,1.6,1.0,1.6,1.0,7.6,5.7,11.0,8.9,1,0,0,0,21.9,0.0,62.4,26.0,27.1
59284,Hasnon,59,3874,False,7.9,3.1,2.8,1.0,2.8,1.0,7.4,5.4,10.6,6.5,1,0,0,0,19.0,0.0,52.9,9.2,32.1
59286,Haubourdin,59,14757,True,2.6,1.0,1.8,1.0,1.8,1.0,2.2,1.0,3.7,1.0,1,1,1,61,18.7,11.0,62.4,26.0,27.1
59292,Haveluy,59,3250,False,4.7,2.9,1.3,1.0,1.6,1.0,3.9,2.7,3.4,2.0,1,0,0,0,22.2,0.0,52.9,9.2,32.1
59293,Haverskerque,59,1401,False,6.3,2.8,2.0,1.0,2.0,1.0,6.0,2.4,12.7,9.7,1,0,0,0,16.2,0.0,73.5,14.7,46.8
59295,Hazebrouck,59,21498,False,2.8,1.0,1.5,1.0,1.5,1.0,2.2,1.0,2.1,1.0,1,1,1,87,16.8,12.0,74.6,11.3,49.7
59299,Hem,59,18713,True,1.9,1.0,1.4,1.0,1.4,1.0,3.0,1.0,5.1,2.9,1,1,1,100,19.9,14.0,62.4,26.0,27.1
59301,Hergnies,59,4463,False,3.3,1.0,1.7,1.0,1.9,1.0,7.6,3.9,10.5,6.7,1,0,1,20,19.4,12.0,50.4,16.1,24.0
59303,Herlies,59,2323,True,11.7,8.8,2.1,1.0,2.1,1.0,4.8,2.6,8.3,6.1,1,0,0,0,18.3,0.0,62.4,26.0,27.1
59305,Herzeele,59,1634,False,6.8,4.0,1.9,1.0,1.9,1.0,6.6,3.8,8.8,6.2,1,0,0,0,22.1,0.0,79.5,9.0,56.8
59309,Hondschoote,59,4026,False,2.0,1.0,1.6,1.0,1.7,1.0,1.6,1.0,16.8,14.0,1,1,1,15,20.6,9.0,79.5,9.0,56.8
59314,Hornaing,59,3535,False,7.0,3.8,1.3,1.0,1.3,1.0,7.3,3.6,7.5,4.3,1,0,0,0,20.5,0.0,56.0,7.2,35.6
59316,Houplin-Ancoisne,59,3275,True,6.8,3.9,2.6,1.0,2.5,1.0,7.4,3.6,8.3,4.7,1,0,0,0,17.4,0.0,62.4,26.0,27.1
59317,Houplines,59,7897,True,4.1,1.4,1.9,1.0,1.8,1.0,2.8,1.0,4.8,2.3,1,1,0,0,19.9,0.0,62.4,26.0,27.1
59297,Hélesmes,59,1921,False,5.8,1.5,1.7,1.0,1.7,1.0,5.7,2.0,9.1,5.3,1,0,0,0,20.7,0.0,52.9,9.2,32.1
59302,Hérin,59,4129,False,1.7,1.0,1.4,1.0,1.7,1.0,5.2,2.6,6.6,4.1,1,0,1,11,19.9,7.0,52.9,9.2,32.1
59320,Illies,59,1664,True,9.6,6.5,1.8,1.0,1.8,1.0,5.5,3.1,6.3,3.6,1,0,0,0,23.4,0.0,62.4,26.0,27.1
59051,La Bassée,59,6622,True,5.0,3.0,1.4,1.0,1.5,1.0,1.7,1.0,2.3,1.0,1,1,0,0,18.2,0.0,62.4,26.0,27.1
59143,La Chapelle-d'Armentières,59,8719,True,2.4,1.0,1.5,1.0,1.5,1.0,3.3,1.0,5.0,1.8,1,1,1,20,18.5,6.0,62.4,26.0,27.1
59268,La Gorgue,59,5599,False,2.4,1.0,2.0,1.0,2.0,1.0,3.0,1.0,4.6,2.7,1,0,1,20,17.8,10.0,73.5,14.7,46.8
59368,La Madeleine,59,22488,True,1.6,1.0,1.4,1.0,1.6,1.0,2.3,1.0,2.6,1.0,1,1,1,191,16.4,26.0,62.4,26.0,27.1
59564,La Sentinelle,59,3143,False,2.6,1.0,1.8,1.0,1.6,1.0,2.6,1.5,2.9,1.4,1,0,0,0,18.6,0.0,52.9,9.2,32.1
59327,Lallaing,59,6250,False,4.2,1.0,1.5,1.0,1.4,1.0,4.0,1.0,7.1,2.7,1,1,1,24,18.0,11.0,55.6,15.4,29.7
59328,Lambersart,59,27121,True,1.8,1.0,1.5,1.0,1.4,1.0,2.2,1.0,2.2,1.0,1,1,1,210,18.3,21.0,62.4,26.0,27.1
59329,Lambres-lez-Douai,59,4926,False,2.5,1.0,1.8,1.0,1.8,1.0,3.1,1.0,3.6,1.4,1,1,1,43,17.3,25.0,55.6,15.4,29.7
59330,Landas,59,2447,False,7.5,2.1,2.7,1.0,2.7,1.0,8.7,2.9,8.4,2.5,1,0,0,0,17.4,0.0,76.0,19.9,46.5
59332,Lannoy,59,1800,True,2.2,1.6,1.6,1.0,1.5,1.0,4.2,3.4,4.2,3.4,0,0,0,0,16.6,0.0,62.4,26.0,27.1
59334,Lauwin-Planque,59,1582,False,4.1,2.0,1.7,1.0,1.7,1.0,3.8,1.8,5.7,3.2,1,0,0,0,18.0,0.0,55.6,15.4,29.7
59180,Le Doulieu,59,1454,False,9.3,5.8,2.0,1.0,2.0,1.0,7.6,3.9,9.3,5.2,1,0,0,0,19.6,0.0,74.6,11.3,49.7
59335,Lecelles,59,3004,False,6.9,3.0,2.4,1.0,2.4,1.0,6.7,2.4,7.4,3.1,1,0,0,0,18.6,0.0,52.9,9.2,32.1
59339,Leers,59,9588,True,2.5,1.0,1.8,1.0,1.9,1.0,2.9,1.0,6.2,2.8,1,1,1,112,17.6,33.0,62.4,26.0,27.1
59340,Leffrinckoucke,59,4124,False,3.3,1.5,2.2,1.0,2.3,1.0,3.9,2.1,5.3,3.5,1,0,0,0,13.3,0.0,58.6,17.3,30.7
59343,Lesquin,59,9241,True,2.6,1.0,1.8,1.0,1.9,1.0,2.3,1.0,7.7,4.9,1,1,1,63,20.9,16.0,62.4,26.0,27.1
59345,Lewarde,59,2403,False,7.3,5.9,1.8,1.0,1.7,1.0,4.6,3.2,7.2,5.8,1,0,0,0,18.6,0.0,56.0,7.2,35.6
59346,Lezennes,59,3019,True,1.5,1.0,1.5,1.0,1.4,1.0,3.9,2.1,5.3,3.3,1,0,1,21,17.9,20.0,62.4,26.0,27.1
59348,Lieu-Saint-Amand,59,1461,False,4.0,1.5,1.5,1.0,1.5,1.0,6.4,3.8,10.8,6.3,1,0,0,0,21.0,0.0,52.9,9.2,32.1
59350,Lille,59,236710,True,1.6,1.0,1.5,1.0,1.5,1.0,2.2,1.0,2.6,1.0,1,1,1,2102,14.4,31.0,62.4,26.0,27.1
59352,Linselles,59,8192,True,2.6,1.0,2.0,1.0,2.0,1.0,2.3,1.0,6.5,2.9,1,1,1,24,17.0,9.0,62.4,26.0,27.1
59356,Lompret,59,2182,True,3.1,1.0,2.0,1.0,2.0,1.0,3.6,1.0,5.1,1.8,1,0,0,0,17.3,0.0,62.4,26.0,27.1
59360,Loos,59,23013,True,1.8,1.0,1.4,1.0,1.3,1.0,2.2,1.0,2.4,1.0,1,1,1,115,19.0,13.0,62.4,26.0,27.1
59361,Lourches,59,3814,False,1.7,1.0,1.4,1.0,1.5,1.0,1.5,1.0,4.2,2.5,1,1,1,12,23.4,7.0,52.9,9.2,32.1
59367,Lys-lez-Lannoy,59,13793,True,2.5,1.0,1.5,1.0,1.7,1.0,3.4,1.2,3.9,1.2,1,1,1,44,19.3,8.0,62.4,26.0,27.1
59369,Maing,59,4004,False,3.5,1.0,2.0,1.0,2.0,1.0,4.0,1.0,6.1,2.3,1,0,0,0,17.9,0.0,50.4,16.1,24.0
59375,Marchiennes,59,4539,False,8.7,3.7,1.8,1.0,1.7,1.0,2.9,1.0,7.4,3.8,1,1,0,0,18.2,0.0,56.0,7.2,35.6
59378,Marcq-en-Barœul,59,39356,True,2.1,1.0,1.5,1.0,1.5,1.0,2.5,1.0,2.7,1.0,1,1,1,323,18.3,22.0,62.4,26.0,27.1
59382,Maretz,59,1417,False,12.3,9.4,1.5,1.0,1.5,1.0,12.1,9.8,13.1,10.2,1,0,0,0,19.4,0.0,57.2,4.4,40.2
59383,Marly,59,12024,False,2.3,1.0,1.7,1.0,1.8,1.0,3.1,1.0,3.2,1.0,1,1,1,95,19.2,21.0,50.4,16.1,24.0
59387,Marquette-en-Ostrevant,59,1931,False,8.0,6.0,1.3,1.0,1.3,1.0,6.3,4.3,11.4,8.5,1,0,0,0,22.8,0.0,52.9,9.2,32.1
59386,Marquette-lez-Lille,59,11213,True,1.8,1.0,1.6,1.0,1.6,1.0,3.1,1.0,3.7,1.0,1,1,1,115,19.8,25.0,62.4,26.0,27.1
59388,Marquillies,59,1982,True,9.4,6.9,1.6,1.0,1.6,1.0,7.6,5.5,9.0,7.0,1,0,0,0,19.3,0.0,62.4,26.0,27.1
59390,Masny,59,4056,False,6.7,4.8,1.6,1.0,1.6,1.0,2.4,1.0,7.7,4.4,1,1,0,0,19.0,0.0,56.0,7.2,35.6
59392,Maubeuge,59,29066,False,3.1,1.0,1.6,1.0,1.6,1.0,2.4,1.0,3.1,1.0,1,1,1,94,19.4,8.0,41.4,7.4,23.3
59399,Merris,59,1049,False,9.1,4.5,1.6,1.0,1.6,1.0,10.2,5.8,9.8,6.1,1,0,0,0,18.3,0.0,74.6,11.3,49.7
59400,Merville,59,9652,False,3.1,1.0,2.5,1.0,2.4,1.0,2.6,1.0,8.6,2.5,1,1,1,20,20.7,5.0,73.5,14.7,46.8
59408,Moncheaux,59,1703,False,7.8,6.1,1.8,1.0,1.8,1.0,4.7,2.8,10.9,9.2,1,0,0,0,19.0,0.0,76.0,19.9,46.5
59409,Monchecourt,59,2501,False,8.6,6.8,1.6,1.0,1.2,1.0,6.9,4.1,12.2,10.2,1,0,0,0,21.2,0.0,56.0,7.2,35.6
59410,Mons-en-Barœul,59,21467,True,1.6,1.0,1.2,1.0,1.2,1.0,1.8,1.0,3.9,2.1,1,1,1,140,20.7,16.0,62.4,26.0,27.1
59411,Mons-en-Pévèle,59,2089,False,9.1,5.6,2.4,1.0,2.4,1.0,5.9,1.2,12.1,8.8,1,0,0,0,15.0,0.0,76.0,19.9,46.5
59414,Montigny-en-Ostrevent,59,4681,False,4.7,3.0,1.6,1.0,2.1,1.0,3.3,1.3,2.5,1.0,1,0,0,0,16.1,0.0,56.0,7.2,35.6
59416,Morbecque,59,2509,False,6.3,2.0,2.5,1.0,2.5,1.0,7.0,2.5,6.9,2.2,1,0,0,0,15.9,0.0,74.6,11.3,49.7
59418,Mortagne-du-Nord,59,1584,False,11.5,8.6,1.6,1.0,1.6,1.0,2.3,1.0,11.7,8.9,1,1,0,0,21.0,0.0,52.9,9.2,32.1
59419,Mouchin,59,1441,False,9.6,6.3,1.6,1.0,1.6,1.0,9.4,6.1,8.6,4.7,1,0,0,0,19.4,0.0,76.0,19.9,46.5
59421,Mouvaux,59,13173,True,2.3,1.0,1.6,1.0,1.6,1.0,3.1,1.0,3.7,1.0,1,1,1,28,18.7,6.0,62.4,26.0,27.1
59398,Mérignies,59,3360,False,8.2,4.6,2.7,1.0,2.7,1.0,3.7,1.3,14.2,10.2,1,0,0,0,20.4,0.0,76.0,19.9,46.5
59401,Méteren,59,2256,False,2.7,1.0,2.0,1.0,2.0,1.0,5.4,2.4,5.9,2.7,1,0,1,40,18.8,48.0,74.6,11.3,49.7
59423,Neuf-Berquin,59,1403,False,5.4,3.0,1.5,1.0,1.5,1.0,4.8,3.1,4.5,2.3,1,0,0,0,20.4,0.0,74.6,11.3,49.7
59426,Neuville-en-Ferrain,59,10160,True,2.5,1.0,1.8,1.0,1.8,1.0,2.7,1.0,5.2,3.1,1,1,1,44,18.8,12.0,62.4,26.0,27.1
59431,Nieppe,59,7606,False,2.6,1.0,1.6,1.0,1.6,1.0,2.6,1.0,5.1,2.4,1,1,1,13,18.5,5.0,74.6,11.3,49.7
59434,Nivelle,59,1379,False,5.5,2.9,2.4,1.0,2.4,1.0,6.1,3.4,5.8,3.1,1,0,0,0,16.7,0.0,52.9,9.2,32.1
59435,Nomain,59,2585,False,7.5,2.9,2.4,1.0,2.4,1.0,7.3,2.7,6.5,2.3,1,0,0,0,18.0,0.0,76.0,19.9,46.5
59447,Onnaing,59,8719,False,2.4,1.0,1.8,1.0,1.6,1.0,3.7,1.0,8.0,5.1,1,1,1,41,20.6,12.0,50.4,16.1,24.0
59449,Orchies,59,8455,False,2.8,1.0,3.1,1.0,2.8,1.0,3.2,1.0,3.3,1.0,1,1,1,42,16.4,15.0,76.0,19.9,46.5
59452,Ostricourt,59,5829,False,1.9,1.0,1.8,1.0,1.6,1.0,2.3,1.0,5.2,2.5,1,1,1,15,23.2,5.0,76.0,19.9,46.5
59456,Pecquencourt,59,6232,False,2.5,1.0,1.5,1.0,1.7,1.0,2.5,1.0,4.7,1.0,1,1,1,20,20.5,8.0,56.0,7.2,35.6
59459,Petite-Forêt,59,5058,False,2.4,1.0,1.7,1.0,1.9,1.0,2.9,1.0,4.6,1.0,1,1,1,20,18.2,11.0,50.4,16.1,24.0
59462,Phalempin,59,4849,False,1.9,1.0,2.7,1.0,2.7,1.0,8.0,3.7,6.9,4.9,1,0,1,14,16.0,9.0,76.0,19.9,46.5
59466,Pont-à-Marcq,59,2883,False,5.1,3.2,2.8,1.0,2.8,1.0,1.6,1.0,11.3,9.5,1,1,0,0,16.8,0.0,76.0,19.9,46.5
59475,Prouvy,59,2173,False,6.6,1.7,1.4,1.0,1.4,1.0,2.6,1.0,4.8,3.0,1,0,1,20,18.3,25.0,50.4,16.1,24.0
59477,Provin,59,4469,True,4.6,3.0,1.4,1.0,1.4,1.0,3.0,1.0,9.3,7.2,1,1,0,0,21.1,0.0,62.4,26.0,27.1
59470,Prémesques,59,2060,True,4.6,2.8,2.1,1.0,2.1,1.0,5.3,3.3,8.3,6.5,1,0,0,0,17.7,0.0,62.4,26.0,27.1
59471,Préseau,59,2065,False,1.6,1.0,1.2,1.0,1.2,1.0,7.1,5.9,7.0,5.4,1,0,1,16,20.7,19.0,50.4,16.1,24.0
59457,Pérenchies,59,8519,True,2.7,1.0,2.3,1.0,2.4,1.0,3.1,1.0,6.7,4.0,1,1,1,39,19.0,12.0,62.4,26.0,27.1
59458,Péronne-en-Mélantois,59,1004,True,10.9,8.3,2.4,1.0,2.3,1.0,9.3,7.4,13.0,7.4,1,0,0,0,16.9,0.0,62.4,26.0,27.1
59479,Quarouble,59,3131,False,2.0,1.0,1.6,1.0,1.7,1.0,5.6,2.1,8.3,5.1,1,0,0,0,17.7,0.0,50.4,16.1,24.0
59482,Quesnoy-sur-Deûle,59,6920,True,2.0,1.0,1.9,1.0,1.9,1.0,10.2,5.4,13.3,9.1,1,0,1,15,19.1,6.0,62.4,26.0,27.1
59485,Quiévy,59,1801,False,9.6,7.4,1.3,1.0,1.3,1.0,8.3,6.0,9.3,7.0,1,0,0,0,19.7,0.0,57.2,4.4,40.2
59487,Radinghem-en-Weppes,59,1393,True,9.3,7.1,1.9,1.0,1.9,1.0,5.1,3.0,5.2,3.0,1,0,0,0,18.6,0.0,62.4,26.0,27.1
59489,Raimbeaucourt,59,4015,False,5.4,2.3,1.7,1.0,1.7,1.0,5.6,2.8,8.5,5.6,1,0,0,0,15.0,0.0,55.6,15.4,29.7
59491,Raismes,59,12055,False,3.8,1.0,1.8,1.0,1.7,1.0,3.3,1.0,7.0,2.2,1,1,1,13,20.4,3.0,52.9,9.2,32.1
59497,Renescure,59,2128,False,8.9,5.6,1.9,1.0,1.9,1.0,7.1,3.6,11.0,7.6,1,0,0,0,17.2,0.0,74.6,11.3,49.7
59499,Rexpoëde,59,1992,False,7.6,4.9,1.3,1.0,1.3,1.0,7.8,5.2,9.7,7.0,1,0,0,0,19.7,0.0,79.5,9.0,56.8
59501,Rieulay,59,1243,False,5.5,3.6,1.4,1.0,1.4,1.0,5.3,2.1,4.6,2.8,1,0,0,0,13.6,0.0,56.0,7.2,35.6
59502,Rieux-en-Cambrésis,59,1438,False,3.8,2.4,1.3,1.0,1.3,1.0,5.7,4.5,12.7,10.9,1,0,0,0,17.4,0.0,66.9,10.8,41.3
59507,Ronchin,59,19437,True,1.8,1.0,1.5,1.0,1.7,1.0,2.1,1.0,4.1,1.3,1,1,1,102,20.2,13.0,62.4,26.0,27.1
59508,Roncq,59,13784,True,2.7,1.0,2.0,1.0,1.9,1.0,3.2,1.0,5.0,1.0,1,1,1,49,18.4,10.0,62.4,26.0,27.1
59509,Roost-Warendin,59,5976,False,2.4,1.0,1.6,1.0,1.6,1.0,2.7,1.0,5.1,1.6,1,1,1,15,18.0,7.0,55.6,15.4,29.7
59511,Rosult,59,1973,False,4.5,2.0,2.5,1.0,2.5,1.0,6.5,2.7,9.2,5.9,1,0,0,0,19.2,0.0,52.9,9.2,32.1
59512,Roubaix,59,98892,True,1.4,1.0,1.2,1.0,1.2,1.0,1.8,1.0,1.9,1.0,1,1,1,853,24.9,17.0,62.4,26.0,27.1
59519,Rumegies,59,1740,False,12.7,9.4,1.6,1.0,1.6,1.0,12.5,9.6,12.9,10.3,1,0,0,0,18.3,0.0,52.9,9.2,32.1
59486,Râches,59,2660,False,5.2,3.3,2.2,1.0,3.0,1.0,3.9,2.1,6.6,4.7,1,0,0,0,19.4,0.0,55.6,15.4,29.7
59504,Rœulx,59,3779,False,3.3,1.5,1.2,1.0,1.3,1.0,3.0,1.1,6.5,4.7,1,0,0,0,20.6,0.0,52.9,9.2,32.1
59522,Sailly-lez-Lannoy,59,1949,True,5.7,3.1,1.7,1.0,1.8,1.0,9.3,6.6,8.4,6.0,1,0,0,0,19.2,0.0,62.4,26.0,27.1
59523,Sainghin-en-Mélantois,59,2848,True,5.7,3.5,2.0,1.0,2.0,1.0,7.0,2.3,9.2,4.4,1,0,1,40,19.5,36.0,62.4,26.0,27.1
59524,Sainghin-en-Weppes,59,5641,True,7.5,5.0,2.0,1.0,2.3,1.0,6.3,3.8,8.8,6.2,1,0,0,0,19.3,0.0,62.4,26.0,27.1
59526,Saint-Amand-les-Eaux,59,15980,False,2.6,1.0,1.8,1.0,2.0,1.0,3.3,1.0,3.4,1.0,1,1,1,85,18.1,15.0,52.9,9.2,32.1
59527,Saint-André-lez-Lille,59,12942,True,1.9,1.0,1.9,1.0,1.9,1.0,2.2,1.0,2.9,1.0,1,1,1,103,17.9,22.0,62.4,26.0,27.1
59535,Saint-Jans-Cappel,59,1642,False,7.1,4.3,1.6,1.0,1.6,1.0,5.3,2.9,7.2,4.9,1,0,0,0,17.2,0.0,74.6,11.3,49.7
59544,Saint-Saulve,59,11117,False,2.5,1.0,1.7,1.0,1.7,1.0,2.5,1.0,4.4,1.7,1,1,1,44,18.7,11.0,50.4,16.1,24.0
59546,Saint-Sylvestre-Cappel,59,1154,False,6.2,4.4,1.2,1.0,1.2,1.0,6.7,5.0,8.6,6.5,1,0,0,0,19.0,0.0,74.6,11.3,49.7
59550,Salomé,59,3051,True,7.6,5.6,1.9,1.0,1.9,1.0,5.4,2.1,5.4,2.1,1,0,0,0,21.3,0.0,62.4,26.0,27.1
59551,Saméon,59,1738,False,8.7,4.9,2.1,1.0,2.1,1.0,11.2,7.7,12.5,10.4,1,0,0,0,18.7,0.0,76.0,19.9,46.5
59553,Santes,59,5660,True,2.0,1.0,1.9,1.0,1.9,1.0,5.0,2.3,6.6,4.0,1,0,1,20,18.1,10.0,62.4,26.0,27.1
59557,Saultain,59,2553,False,1.6,1.0,1.6,1.0,1.5,1.0,3.9,1.9,2.7,1.0,1,0,1,12,19.4,12.0,50.4,16.1,24.0
59559,Sebourg,59,1977,False,2.9,1.0,2.4,1.0,2.4,1.0,2.6,1.0,9.9,5.9,1,1,1,12,20.9,15.0,50.4,16.1,24.0
59560,Seclin,59,12834,True,3.1,1.0,2.0,1.0,2.3,1.0,2.8,1.0,3.2,1.0,1,1,1,117,18.8,24.0,62.4,26.0,27.1
59566,Sequedin,59,4762,True,2.0,1.0,1.8,1.0,1.8,1.0,4.5,1.1,5.5,2.1,1,0,1,15,13.4,12.0,62.4,26.0,27.1
59569,Sin-le-Noble,59,15603,False,3.5,1.0,1.7,1.0,1.7,1.0,3.5,1.0,3.6,1.0,1,1,1,60,20.0,9.0,55.6,15.4,29.7
59574,Somain,59,11790,False,3.1,1.0,1.6,1.0,1.5,1.0,2.7,1.0,2.4,1.0,1,1,1,37,19.1,8.0,56.0,7.2,35.6
59578,Steenbecque,59,1650,False,8.1,5.9,1.8,1.0,1.8,1.0,8.6,6.4,8.4,6.2,1,0,0,0,15.9,0.0,74.6,11.3,49.7
59580,Steenvoorde,59,4324,False,2.5,1.0,1.9,1.0,2.0,1.0,2.3,1.0,13.2,11.0,1,1,1,40,17.3,27.0,74.6,11.3,49.7
59581,Steenwerck,59,3540,False,8.2,3.1,2.4,1.0,2.4,1.0,9.6,4.5,9.8,5.9,1,0,0,0,17.0,0.0,74.6,11.3,49.7
59585,Templemars,59,3635,True,4.4,2.4,1.6,1.0,1.6,1.0,3.4,1.0,7.8,6.1,1,0,0,0,16.2,0.0,62.4,26.0,27.1
59586,Templeuve-en-Pévèle,59,6705,False,2.8,1.0,2.2,1.0,2.2,1.0,4.8,1.5,8.3,3.7,1,0,1,20,17.3,8.0,76.0,19.9,46.5
59592,Thumeries,59,4029,False,5.0,2.7,1.4,1.0,1.6,1.0,2.7,1.0,8.1,5.9,1,1,0,0,19.2,0.0,76.0,19.9,46.5
59594,Thun-Saint-Amand,59,1110,False,8.9,5.4,3.5,1.0,3.5,1.0,5.1,2.6,9.1,5.6,1,0,0,0,18.2,0.0,52.9,9.2,32.1
59598,Toufflers,59,3910,True,5.3,2.0,1.9,1.0,1.9,1.0,5.5,3.7,6.7,4.9,1,0,0,0,18.9,0.0,62.4,26.0,27.1
59599,Tourcoing,59,99011,True,1.8,1.0,1.3,1.0,1.4,1.0,2.0,1.0,2.6,1.0,1,1,1,563,22.0,13.0,62.4,26.0,27.1
59602,Tressin,59,1395,True,6.0,3.7,2.2,1.0,2.2,1.0,6.3,3.9,8.9,6.8,1,0,0,0,22.4,0.0,62.4,26.0,27.1
59603,Trith-Saint-Léger,59,6124,False,5.9,3.0,2.2,1.0,1.9,1.0,2.8,1.0,3.2,1.0,1,1,0,0,17.4,0.0,52.9,9.2,32.1
59588,Téteghem-Coudekerque-Village,59,8384,False,5.7,1.6,1.8,1.0,1.8,1.0,5.4,1.4,6.6,2.7,1,0,0,0,16.1,0.0,58.6,17.3,30.7
59606,Valenciennes,59,42991,False,2.1,1.0,1.6,1.0,1.6,1.0,2.5,1.0,2.4,1.0,1,1,1,262,15.0,20.0,50.4,16.1,24.0
59609,Vendeville,59,1546,True,4.0,2.7,1.5,1.0,1.5,1.0,5.7,4.5,8.4,7.1,1,0,0,0,16.1,0.0,62.4,26.0,27.1
59610,Verchain-Maugré,59,1102,False,12.0,9.7,1.5,1.0,1.5,1.0,9.0,6.6,12.3,9.9,1,0,0,0,21.9,0.0,50.4,16.1,24.0
59611,Verlinghem,59,2673,True,4.4,1.0,2.1,1.0,2.1,1.0,5.0,1.0,7.1,3.4,1,0,0,0,19.7,0.0,62.4,26.0,27.1
59615,Vieux-Berquin,59,2649,False,9.2,4.7,1.8,1.0,1.8,1.0,8.9,4.1,8.7,5.5,1,0,0,0,19.7,0.0,74.6,11.3,49.7
59616,Vieux-Condé,59,10446,False,2.0,1.0,1.7,1.0,1.7,1.0,3.3,1.0,5.4,1.5,1,1,1,25,19.2,6.0,50.4,16.1,24.0
59009,Villeneuve-d'Ascq,59,62067,True,1.8,1.0,1.5,1.0,1.5,1.0,2.1,1.0,3.1,1.0,1,1,1,600,17.6,27.0,62.4,26.0,27.1
59622,Villers-en-Cauchies,59,1161,False,6.1,4.8,1.2,1.0,1.2,1.0,7.9,6.7,15.2,14.4,1,0,0,0,18.2,0.0,66.9,10.8,41.3
59629,Vred,59,1311,False,4.9,2.5,1.4,1.0,1.4,1.0,5.2,2.9,4.6,2.7,1,0,0,0,16.0,0.0,56.0,7.2,35.6
59630,Wahagnies,59,2605,False,3.7,1.0,1.6,1.0,1.6,1.0,3.9,1.1,6.0,2.3,1,0,0,0,18.7,0.0,76.0,19.9,46.5
59632,Wallers,59,5598,False,3.4,1.0,1.7,1.0,1.6,1.0,4.0,1.0,7.6,4.4,1,1,1,24,19.7,11.0,52.9,9.2,32.1
59636,Wambrechies,59,10798,True,3.2,1.0,2.1,1.0,2.2,1.0,5.7,2.2,7.6,4.2,1,0,1,30,19.0,7.0,62.4,26.0,27.1
59637,Wandignies-Hamage,59,1318,False,9.8,7.4,1.7,1.0,1.7,1.0,6.3,3.9,7.5,5.0,1,0,0,0,21.3,0.0,56.0,7.2,35.6
59638,Wannehain,59,1331,False,1.3,1.0,1.3,1.0,1.3,1.0,8.7,6.8,4.8,2.4,1,0,1,15,25.3,22.0,76.0,19.9,46.5
59639,Wargnies-le-Grand,59,1101,False,9.8,6.0,1.4,1.0,1.4,1.0,10.0,8.4,10.1,7.8,1,0,0,0,17.4,0.0,55.6,6.8,41.9
59641,Warhem,59,2022,False,7.4,3.8,1.8,1.0,1.8,1.0,6.9,4.1,12.0,7.4,1,0,0,0,16.1,0.0,79.5,9.0,56.8
59646,Wasquehal,59,20836,True,1.8,1.0,1.8,1.0,1.7,1.0,2.9,1.0,4.2,1.0,1,1,1,201,17.9,27.0,62.4,26.0,27.1
59647,Watten,59,2577,False,6.6,4.7,1.8,1.0,1.8,1.0,2.0,1.0,13.7,9.1,1,1,0,0,18.3,0.0,79.5,9.0,56.8
59648,Wattignies,59,15531,True,2.2,1.0,1.5,1.0,1.4,1.0,2.3,1.0,6.3,3.2,1,1,1,60,20.8,9.0,62.4,26.0,27.1
59650,Wattrelos,59,40836,True,2.1,1.0,1.4,1.0,1.4,1.0,2.3,1.0,2.4,1.0,1,1,1,125,20.5,7.0,62.4,26.0,27.1
59651,Wavrechain-sous-Denain,59,1616,False,3.1,2.5,1.6,1.0,1.6,1.0,2.4,1.8,1.2,1.0,1,0,0,0,21.4,0.0,52.9,9.2,32.1
59653,Wavrin,59,7773,True,4.5,1.0,1.9,1.0,1.9,1.0,2.9,1.0,7.9,3.0,1,1,1,18,18.7,6.0,62.4,26.0,27.1
59654,Waziers,59,7354,False,4.5,1.2,1.5,1.0,1.4,1.0,2.8,1.0,3.1,1.0,1,1,0,0,22.7,0.0,55.6,15.4,29.7
59656,Wervicq-Sud,59,5299,True,1.6,1.0,1.6,1.0,1.6,1.0,6.2,2.4,8.1,6.2,1,0,1,53,20.4,24.0,62.4,26.0,27.1
59660,Willems,59,2996,True,2.3,1.0,1.6,1.0,2.1,1.0,11.7,8.1,10.2,8.2,1,0,1,10,19.5,9.0,62.4,26.0,27.1
59662,Winnezeele,59,1300,False,6.0,3.7,1.8,1.0,1.8,1.0,5.8,3.5,13.9,10.2,1,0,0,0,20.2,0.0,74.6,11.3,49.7
59663,Wormhout,59,5705,False,2.0,1.0,1.7,1.0,1.7,1.0,2.0,1.0,5.3,1.0,1,1,1,12,18.1,6.0,79.5,9.0,56.8
59185,Écaillon,59,1910,False,5.7,3.8,1.2,1.0,1.2,1.0,3.0,1.0,7.3,5.6,1,0,0,0,18.1,0.0,56.0,7.2,35.6
62004,Achicourt,62,7938,False,2.3,1.0,1.8,1.0,1.7,1.0,2.5,1.0,5.4,2.5,1,1,1,20,16.8,8.0,65.9,25.0,30.4
62013,Agny,62,1879,False,4.6,2.9,1.4,1.0,1.4,1.0,4.4,2.7,8.3,6.3,1,0,0,0,17.4,0.0,65.9,25.0,30.4
62014,Aire-sur-la-Lys,62,9585,False,3.4,1.0,2.3,1.0,2.4,1.0,2.9,1.0,4.7,1.0,1,1,1,36,17.6,11.0,67.9,8.8,44.3
62019,Aix-Noulette,62,3913,False,5.9,3.6,2.5,1.0,2.7,1.0,4.9,2.1,4.7,1.8,1,0,0,0,17.6,0.0,48.5,13.7,24.6
62032,Angres,62,4842,False,2.0,1.0,2.0,1.0,2.0,1.0,2.4,1.0,3.5,1.1,1,1,1,10,19.3,5.0,48.5,13.7,24.6
62033,Annay,62,4517,False,8.3,5.7,1.5,1.0,1.7,1.0,4.3,2.1,7.2,5.0,1,0,0,0,19.2,0.0,48.5,13.7,24.6
62034,Annequin,62,2145,False,2.2,1.0,2.1,1.0,2.2,1.0,6.7,5.1,8.2,6.3,1,0,1,13,19.1,16.0,55.6,12.6,32.2
62035,Annezin,62,5813,False,3.8,2.2,2.5,1.0,1.7,1.0,3.5,1.0,4.7,2.8,1,1,0,0,17.9,0.0,55.6,12.6,32.2
62037,Anzin-Saint-Aubin,62,2806,False,4.4,1.3,2.0,1.0,2.0,1.0,3.4,1.0,6.0,3.1,1,1,0,0,16.4,0.0,65.9,25.0,30.4
62040,Arques,62,9655,False,3.1,1.0,1.8,1.0,1.8,1.0,2.6,1.0,5.2,2.1,1,1,1,20,17.5,6.0,67.9,8.8,44.3
62041,Arras,62,42600,False,2.0,1.0,1.6,1.0,1.7,1.0,2.4,1.0,2.5,1.0,1,1,1,313,17.1,21.0,65.9,25.0,30.4
62042,Athies,62,1059,False,4.8,3.4,1.3,1.0,1.3,1.0,8.2,6.9,10.1,8.4,1,0,0,0,19.9,0.0,65.9,25.0,30.4
62048,Auchel,62,10062,False,2.7,1.0,1.5,1.0,1.5,1.0,2.4,1.0,2.4,1.0,1,1,1,25,21.0,6.0,55.6,12.6,32.2
62051,Auchy-les-Mines,62,4623,False,6.9,4.7,2.2,1.0,1.8,1.0,3.5,1.0,8.3,4.9,1,1,0,0,19.7,0.0,55.6,12.6,32.2
62065,Avion,62,17672,False,4.0,1.0,1.7,1.0,1.7,1.0,3.0,1.0,4.3,1.0,1,1,1,24,20.3,3.0,48.5,13.7,24.6
62073,Bailleul-Sir-Berthoult,62,1430,False,8.0,6.3,1.5,1.0,1.5,1.0,9.0,7.3,11.3,9.7,1,0,0,0,20.3,0.0,65.9,25.0,30.4
62083,Barlin,62,7366,False,2.2,1.0,1.8,1.0,1.5,1.0,2.7,1.0,8.1,5.0,1,1,1,20,18.6,7.0,55.6,12.6,32.2
62099,Beaurains,62,5515,False,3.4,1.4,1.6,1.0,1.6,1.0,3.5,1.0,6.5,4.4,1,0,0,0,17.9,0.0,65.9,25.0,30.4
62471,Bellinghem,62,1087,False,7.8,5.0,2.6,1.0,2.6,1.0,6.2,4.0,15.2,13.5,1,0,0,0,21.8,0.0,67.9,8.8,44.3
62126,Beuvry,62,9111,False,3.6,1.0,2.0,1.0,2.1,1.0,4.1,1.0,5.0,1.0,1,1,1,46,17.7,14.0,55.6,12.6,32.2
62128,Biache-Saint-Vaast,62,4481,False,2.1,1.0,2.6,1.0,1.8,1.0,2.6,1.0,13.6,9.9,1,1,1,25,21.5,13.0,65.1,19.6,38.5
62132,Billy-Berclau,62,5059,False,2.2,1.0,2.1,1.0,1.8,1.0,4.4,1.9,9.0,5.8,1,0,1,10,19.7,5.0,55.6,12.6,32.2
62133,Billy-Montigny,62,8117,False,2.8,1.0,1.3,1.0,1.4,1.0,2.8,1.0,6.4,3.9,1,1,1,25,21.9,7.0,48.5,13.7,24.6
62160,Boulogne-sur-Mer,62,40910,False,1.6,1.0,1.3,1.0,1.4,1.0,2.2,1.0,2.0,1.0,1,1,1,276,17.1,20.0,56.6,19.0,22.7
62164,Bourlon,62,1140,False,6.9,5.5,1.2,1.0,1.2,1.0,1.3,1.0,12.9,9.2,1,1,0,0,18.0,0.0,65.1,19.6,38.5
62170,Bouvigny-Boyeffles,62,2371,False,6.9,3.1,2.1,1.0,2.1,1.0,2.4,1.0,7.8,6.2,1,1,0,0,17.0,0.0,48.5,13.7,24.6
62173,Brebières,62,5169,False,2.8,1.0,2.7,1.0,2.3,1.0,6.6,3.4,7.9,4.7,1,0,1,30,19.1,15.0,65.1,19.6,38.5
62178,Bruay-la-Buissière,62,21827,False,2.7,1.0,1.6,1.0,1.5,1.0,2.1,1.0,2.5,1.0,1,1,1,60,18.9,7.0,55.6,12.6,32.2
62181,Bucquoy,62,1480,False,18.7,17.1,1.7,1.0,1.6,1.0,18.2,16.7,17.9,16.2,1,0,0,0,19.8,0.0,65.8,8.8,49.0
62186,Bully-les-Mines,62,12221,False,2.9,1.0,1.9,1.0,2.0,1.0,2.9,1.0,3.8,1.0,1,1,1,30,18.8,7.0,48.5,13.7,24.6
62188,Burbure,62,2819,False,6.4,3.1,1.8,1.0,1.8,1.0,5.7,2.4,4.6,2.3,1,0,0,0,18.2,0.0,55.6,12.6,32.2
62190,Busnes,62,1245,False,6.5,4.3,2.2,1.0,2.2,1.0,6.9,4.2,8.4,5.4,1,0,0,0,15.9,0.0,55.6,12.6,32.2
62119,Béthune,62,24992,False,2.5,1.0,1.4,1.0,1.4,1.0,1.9,1.0,2.9,1.0,1,1,1,72,16.2,9.0,55.6,12.6,32.2
62193,Calais,62,67380,False,2.4,1.0,1.3,1.0,1.4,1.0,2.3,1.0,2.6,1.0,1,1,1,362,17.8,15.0,55.7,20.6,23.1
62194,Calonne-Ricouart,62,5463,False,2.6,1.0,1.4,1.0,1.3,1.0,3.1,1.0,5.0,2.6,1,1,1,12,18.6,6.0,55.6,12.6,32.2
62195,Calonne-sur-la-Lys,62,1560,False,9.0,6.7,2.5,1.0,2.5,1.0,8.4,5.9,12.4,10.2,1,0,0,0,18.4,0.0,55.6,12.6,32.2
62200,Cambrin,62,1228,False,2.5,1.0,1.4,1.0,1.4,1.0,6.5,5.1,9.3,7.6,1,0,0,0,20.3,0.0,55.6,12.6,32.2
62215,Carvin,62,17852,False,5.1,1.0,1.6,1.0,1.9,1.0,2.7,1.0,4.3,1.0,1,1,1,60,19.6,9.0,50.5,14.2,29.1
62224,Chocques,62,2824,False,5.2,2.6,2.4,1.0,1.8,1.0,7.0,5.3,7.3,5.6,1,0,0,0,17.7,0.0,55.6,12.6,32.2
62240,Corbehem,62,2266,False,3.5,2.1,1.8,1.0,1.8,1.0,7.2,5.1,7.4,5.3,1,0,0,0,20.9,0.0,65.1,19.6,38.5
62249,Courcelles-lès-Lens,62,8213,False,2.5,1.0,1.9,1.0,1.9,1.0,2.8,1.0,6.6,4.1,1,1,1,20,24.5,5.0,50.5,14.2,29.1
62250,Courrières,62,10199,False,2.7,1.0,1.4,1.0,1.4,1.0,2.4,1.0,5.9,3.8,1,1,1,70,19.2,18.0,50.5,14.2,29.1
62262,Cuinchy,62,1754,False,4.9,2.7,1.7,1.0,1.7,1.0,6.8,3.8,10.4,8.1,1,0,0,0,18.0,0.0,55.6,12.6,32.2
62263,Dainville,62,5703,False,4.2,1.5,1.7,1.0,1.6,1.0,4.6,1.0,4.5,1.8,1,1,0,0,15.4,0.0,65.9,25.0,30.4
62274,Dourges,62,5997,False,2.0,1.0,2.0,1.0,2.1,1.0,2.7,1.0,6.7,1.0,1,1,1,17,21.3,7.0,50.5,14.2,29.1
62276,Douvrin,62,5795,False,3.0,1.0,1.6,1.0,1.6,1.0,3.1,1.0,5.9,3.3,1,1,1,30,21.5,12.0,55.6,12.6,32.2
62277,Drocourt,62,2943,False,5.8,4.7,1.5,1.0,1.4,1.0,5.0,3.2,6.1,4.8,1,0,0,0,19.2,0.0,50.5,14.2,29.1
62279,Duisans,62,1383,False,6.0,3.3,2.4,1.0,2.4,1.0,7.2,4.4,8.3,5.6,1,0,0,0,18.7,0.0,61.7,11.3,41.5
62310,Essars,62,1755,False,4.5,2.7,1.8,1.0,1.8,1.0,3.7,2.0,4.0,2.3,1,0,0,0,18.6,0.0,55.6,12.6,32.2
62311,Estevelles,62,2024,False,9.6,8.0,1.5,1.0,1.5,1.0,6.5,4.3,5.2,4.1,1,0,0,0,20.9,0.0,48.5,13.7,24.6
62323,Fampoux,62,1219,False,8.4,6.2,1.3,1.0,1.3,1.0,8.6,6.6,13.1,11.0,1,0,0,0,20.8,0.0,65.9,25.0,30.4
62330,Festubert,62,1266,False,3.5,1.0,1.7,1.0,1.7,1.0,10.7,8.4,12.4,8.5,1,0,0,0,17.7,0.0,55.6,12.6,32.2
62331,Feuchy,62,1015,False,6.9,4.8,1.4,1.0,1.5,1.0,9.6,6.6,9.1,5.3,1,0,0,0,15.4,0.0,65.9,25.0,30.4
62338,Fleurbaix,62,2862,False,2.6,1.0,1.9,1.0,1.9,1.0,8.2,3.8,9.0,6.8,1,0,1,23,17.7,22.0,73.5,14.7,46.8
62349,Fouquereuil,62,1632,False,6.1,4.6,2.0,1.0,2.0,1.0,6.5,4.9,7.8,5.5,1,0,0,0,20.7,0.0,55.6,12.6,32.2
62350,Fouquières-lès-Béthune,62,1115,False,3.5,1.6,1.9,1.0,1.9,1.0,3.8,1.9,6.7,4.9,1,0,0,0,12.1,0.0,55.6,12.6,32.2
62351,Fouquières-lès-Lens,62,6233,False,4.0,2.2,1.6,1.0,1.5,1.0,2.6,1.0,6.1,4.0,1,1,0,0,20.7,0.0,48.5,13.7,24.6
62371,Givenchy-en-Gohelle,62,2026,False,4.0,2.3,1.9,1.0,2.1,1.0,5.2,3.2,4.3,2.4,1,0,0,0,17.9,0.0,48.5,13.7,24.6
62373,Givenchy-lès-la-Bassée,62,1006,False,5.9,3.7,1.7,1.0,1.7,1.0,7.1,4.6,9.4,6.9,1,0,0,0,18.3,0.0,55.6,12.6,32.2
62376,Gonnehem,62,2507,False,4.5,1.0,3.4,1.0,3.3,1.0,8.1,3.6,10.0,6.5,1,0,1,20,18.4,21.0,55.6,12.6,32.2
62383,Gouy-sous-Bellonne,62,1396,False,7.1,5.2,1.8,1.0,1.8,1.0,8.5,6.7,8.9,7.3,1,0,0,0,17.4,0.0,65.1,19.6,38.5
62386,Grenay,62,6704,False,2.6,1.0,1.7,1.0,1.6,1.0,3.1,1.0,6.4,3.9,1,1,1,12,22.3,4.0,48.5,13.7,24.6
62391,Guarbecque,62,1369,False,3.0,1.7,1.4,1.0,1.4,1.0,5.0,3.7,10.5,8.1,1,0,0,0,15.2,0.0,55.6,12.6,32.2
62400,Haillicourt,62,4884,False,4.7,2.6,1.5,1.0,1.5,1.0,3.0,1.0,5.7,3.8,1,0,0,0,19.2,0.0,55.6,12.6,32.2
62401,Haisnes,62,4427,False,6.3,4.7,1.6,1.0,1.5,1.0,5.6,2.0,7.5,3.3,1,0,0,0,20.6,0.0,55.6,12.6,32.2
62412,Hardinghen,62,1219,False,2.0,1.0,1.8,1.0,1.8,1.0,10.0,7.7,10.9,8.9,1,0,1,15,19.2,31.0,64.7,8.5,46.4
62413,Harnes,62,12317,False,5.8,2.9,1.3,1.0,1.5,1.0,2.9,1.0,7.4,4.6,1,1,0,0,18.8,0.0,48.5,13.7,24.6
62443,Hersin-Coupigny,62,6147,False,2.4,1.0,1.8,1.0,1.7,1.0,2.7,1.0,6.2,2.3,1,1,1,28,20.5,11.0,55.6,12.6,32.2
62452,Heuringhem,62,1379,False,5.6,2.9,2.1,1.0,2.1,1.0,9.1,6.6,9.9,7.2,1,0,0,0,16.1,0.0,67.9,8.8,44.3
62454,Hinges,62,2417,False,7.6,4.8,2.7,1.0,2.7,1.0,6.2,3.0,8.5,5.4,1,0,0,0,17.2,0.0,55.6,12.6,32.2
62457,Houdain,62,7030,False,4.8,2.5,1.8,1.0,1.8,1.0,2.6,1.0,6.3,3.7,1,1,0,0,18.5,0.0,55.6,12.6,32.2
62464,Hulluch,62,3367,False,5.9,2.6,1.3,1.0,1.7,1.0,6.1,2.4,6.7,2.7,1,0,0,0,19.1,0.0,48.5,13.7,24.6
62427,Hénin-Beaumont,62,26035,False,3.2,1.0,1.8,1.0,1.7,1.0,2.5,1.0,3.1,1.0,1,1,1,70,19.0,7.0,50.5,14.2,29.1
62476,Izel-lès-Équerchin,62,1058,False,4.2,2.9,1.4,1.0,1.4,1.0,8.7,7.5,10.0,8.7,1,0,0,0,16.8,0.0,65.1,19.6,38.5
62252,La Couture,62,2616,False,10.5,6.4,2.8,1.0,2.8,1.0,10.9,6.6,11.1,7.0,1,0,0,0,18.0,0.0,55.6,12.6,32.2
62479,Labeuvrière,62,1654,False,4.4,1.6,1.8,1.0,1.8,1.0,9.4,5.6,7.9,4.8,1,0,0,0,18.3,0.0,55.6,12.6,32.2
62480,Labourse,62,2894,False,2.5,1.0,2.0,1.0,1.9,1.0,5.9,3.0,6.2,4.0,1,0,1,28,22.9,21.0,55.6,12.6,32.2
62489,Lapugnoy,62,3518,False,2.4,1.0,1.7,1.0,1.7,1.0,4.8,2.0,4.9,1.0,1,0,1,25,18.6,19.0,55.6,12.6,32.2
62491,Laventie,62,4969,False,3.0,1.0,1.7,1.0,1.7,1.0,2.5,1.0,10.3,6.7,1,1,1,12,19.2,6.0,73.5,14.7,46.8
62497,Leforest,62,7179,False,5.6,2.4,1.6,1.0,1.7,1.0,2.5,1.0,7.9,4.9,1,1,0,0,19.9,0.0,50.5,14.2,29.1
62498,Lens,62,32618,False,3.4,1.0,1.8,1.0,1.8,1.0,2.6,1.0,2.5,1.0,1,1,1,115,17.9,10.0,48.5,13.7,24.6
62502,Lestrem,62,5073,False,7.0,2.0,4.0,1.0,3.5,1.0,7.9,3.2,9.2,4.4,1,0,0,0,21.0,0.0,73.5,14.7,46.8
62907,Libercourt,62,8138,False,2.7,1.0,1.8,1.0,1.6,1.0,2.4,1.0,4.1,1.4,1,1,1,30,21.0,9.0,50.5,14.2,29.1
62516,Lillers,62,9988,False,3.6,1.0,1.7,1.0,1.6,1.0,2.7,1.0,2.7,1.0,1,1,1,27,18.8,7.0,55.6,12.6,32.2
62510,Liévin,62,30149,False,2.7,1.0,1.5,1.0,1.6,1.0,2.8,1.0,3.1,1.0,1,1,1,165,19.5,14.0,48.5,13.7,24.6
62520,Locon,62,2342,False,7.4,4.5,2.4,1.0,2.4,1.0,6.6,3.7,6.9,4.0,1,0,0,0,15.6,0.0,55.6,12.6,32.2
62523,Loison-sous-Lens,62,5255,False,4.2,2.1,1.7,1.0,1.5,1.0,4.1,2.1,4.9,2.6,1,0,0,0,18.6,0.0,48.5,13.7,24.6
62525,Longuenesse,62,10568,False,3.0,1.0,1.5,1.0,1.6,1.0,3.0,1.0,2.9,1.0,1,1,1,45,17.0,13.0,67.9,8.8,44.3
62528,Loos-en-Gohelle,62,6896,False,3.6,1.0,1.9,1.0,1.7,1.0,3.0,1.0,5.6,1.2,1,1,1,14,19.1,5.0,48.5,13.7,24.6
62529,Lorgies,62,1609,False,6.2,2.8,1.6,1.0,1.7,1.0,6.2,3.1,6.8,3.1,1,0,0,0,19.3,0.0,55.6,12.6,32.2
62540,Maisnil-lès-Ruitz,62,1691,False,5.7,4.5,1.6,1.0,1.5,1.0,5.6,4.1,9.2,7.6,1,0,0,0,20.2,0.0,55.6,12.6,32.2
62543,Mametz,62,1998,False,8.3,6.7,1.9,1.0,1.9,1.0,7.2,3.9,10.7,8.8,1,0,0,0,16.3,0.0,67.9,8.8,44.3
62557,Marœuil,62,2441,False,7.0,4.5,1.4,1.0,1.4,1.0,7.7,5.6,9.4,6.8,1,0,0,0,15.4,0.0,65.9,25.0,30.4
62563,Mazingarbe,62,8068,False,4.0,1.0,1.9,1.0,2.0,1.0,3.9,1.0,8.2,5.0,1,1,1,20,22.6,5.0,48.5,13.7,24.6
62573,Meurchin,62,3717,False,1.8,1.0,2.7,1.0,2.0,1.0,4.4,2.8,5.2,2.7,1,0,1,20,20.3,13.0,48.5,13.7,24.6
62584,Mont-Bernanchon,62,1316,False,8.8,5.3,2.7,1.0,2.7,1.0,8.1,5.0,11.5,8.3,1,0,0,0,17.2,0.0,55.6,12.6,32.2
62587,Montigny-en-Gohelle,62,9870,False,2.7,1.0,1.5,1.0,1.4,1.0,1.7,1.0,3.7,1.4,1,1,1,30,20.9,7.0,50.5,14.2,29.1
62570,Méricourt,62,11431,False,2.8,1.0,1.6,1.0,1.5,1.0,2.9,1.0,3.5,1.3,1,1,1,10,19.4,2.0,48.5,13.7,24.6
62606,Neuve-Chapelle,62,1419,False,7.8,6.6,1.3,1.0,1.3,1.0,7.2,5.4,9.0,7.5,1,0,0,0,19.2,0.0,55.6,12.6,32.2
62609,Neuville-Saint-Vaast,62,1603,False,7.3,5.3,1.3,1.0,1.3,1.0,7.4,5.3,11.0,9.5,1,0,0,0,19.1,0.0,65.9,25.0,30.4
62620,Norrent-Fontes,62,1362,False,8.4,6.0,1.5,1.0,1.5,1.0,1.8,1.0,8.5,6.5,1,1,0,0,16.1,0.0,55.6,12.6,32.2
62624,Noyelles-Godault,62,5906,False,2.4,1.0,1.9,1.0,1.6,1.0,3.4,1.1,6.2,3.0,1,0,1,45,20.9,18.0,50.5,14.2,29.1
62626,Noyelles-lès-Vermelles,62,2294,False,2.1,1.0,1.6,1.0,1.6,1.0,5.3,3.1,10.4,8.7,1,0,1,40,21.9,40.0,55.6,12.6,32.2
62628,Noyelles-sous-Lens,62,6659,False,2.3,1.0,1.4,1.0,1.6,1.0,2.2,1.0,4.4,2.5,1,1,1,20,18.8,8.0,48.5,13.7,24.6
62617,Nœux-les-Mines,62,11520,False,2.2,1.0,1.5,1.0,1.8,1.0,3.2,1.0,3.2,1.0,1,1,1,60,16.6,16.0,55.6,12.6,32.2
62637,Oignies,62,10210,False,2.6,1.0,1.7,1.0,1.6,1.0,4.1,2.0,2.6,1.0,1,1,1,32,20.5,8.0,50.5,14.2,29.1
62638,Oisy-le-Verger,62,1188,False,9.4,7.6,1.4,1.0,1.4,1.0,8.3,7.0,16.8,14.3,1,0,0,0,15.9,0.0,65.1,19.6,38.5
62666,Pont-à-Vendin,62,3136,False,7.7,3.3,1.9,1.0,2.0,1.0,6.0,2.8,7.0,4.0,1,0,0,0,22.1,0.0,48.5,13.7,24.6
62684,Racquinghem,62,2214,False,8.5,6.0,2.2,1.0,2.2,1.0,9.6,7.3,11.4,8.9,1,0,0,0,18.1,0.0,67.9,8.8,44.3
62693,Rebreuve-Ranchicourt,62,1071,False,2.0,1.0,2.1,1.0,2.1,1.0,6.3,2.8,10.4,6.2,1,0,1,10,15.1,31.0,55.6,12.6,32.2
62706,Richebourg,62,2618,False,8.7,3.7,2.5,1.0,2.5,1.0,9.5,4.9,10.8,6.3,1,0,0,0,16.8,0.0,55.6,12.6,32.2
62712,Rivière,62,1124,False,12.6,9.2,2.2,1.0,2.2,1.0,12.4,9.0,14.6,11.8,1,0,0,0,17.8,0.0,65.9,25.0,30.4
62713,Robecq,62,1329,False,6.8,3.9,2.3,1.0,2.3,1.0,6.5,3.5,12.1,8.7,1,0,0,0,18.2,0.0,55.6,12.6,32.2
62724,Rouvroy,62,8797,False,3.0,1.0,1.9,1.0,1.5,1.0,3.1,1.0,6.3,2.8,1,1,1,22,20.2,6.0,50.5,14.2,29.1
62727,Ruitz,62,1509,False,5.6,3.3,1.4,1.0,1.4,1.0,5.4,3.4,8.9,6.9,1,0,0,0,15.0,0.0,55.6,12.6,32.2
62718,Rœux,62,1390,False,7.0,5.1,1.5,1.0,1.5,1.0,6.4,4.6,14.7,12.7,1,0,0,0,17.3,0.0,65.9,25.0,30.4
62735,Sailly-Labourse,62,2577,False,3.3,1.8,1.8,1.0,1.6,1.0,5.7,3.4,6.9,4.6,1,0,0,0,21.2,0.0,55.6,12.6,32.2
62736,Sailly-sur-la-Lys,62,3883,False,5.9,2.3,2.2,1.0,2.2,1.0,7.2,3.3,8.5,6.0,1,0,0,0,16.9,0.0,73.5,14.7,46.8
62737,Sains-en-Gohelle,62,5995,False,3.3,1.0,1.6,1.0,1.5,1.0,2.0,1.0,6.8,4.7,1,1,1,10,18.5,5.0,48.5,13.7,24.6
62753,Saint-Laurent-Blangy,62,6507,False,2.8,1.0,2.0,1.0,2.3,1.0,4.2,1.0,6.4,2.8,1,0,1,35,17.2,16.0,65.9,25.0,30.4
62764,Saint-Nicolas,62,4603,False,2.6,1.0,1.5,1.0,1.6,1.0,2.7,1.0,4.3,1.8,1,1,1,12,16.5,8.0,65.9,25.0,30.4
62765,Saint-Omer,62,14661,False,3.0,1.0,1.3,1.0,1.3,1.0,2.0,1.0,2.1,1.0,1,1,1,25,17.7,5.0,67.9,8.8,44.3
62770,Saint-Venant,62,3022,False,3.1,1.0,2.6,1.0,2.6,1.0,3.0,1.0,12.7,8.7,1,1,1,30,16.2,31.0,55.6,12.6,32.2
62744,Sainte-Catherine,62,3594,False,4.7,1.1,2.3,1.0,2.3,1.0,3.6,1.0,4.5,1.0,1,0,0,0,17.9,0.0,65.9,25.0,30.4
62771,Sallaumines,62,9650,False,3.2,1.0,1.5,1.0,1.7,1.0,2.8,1.0,3.1,1.0,1,1,1,30,21.3,7.0,48.5,13.7,24.6
62793,Servins,62,1134,False,7.7,6.2,2.0,1.0,2.0,1.0,5.5,3.6,6.7,4.6,1,0,0,0,19.1,0.0,48.5,13.7,24.6
62801,Souchez,62,2658,False,5.1,2.9,1.5,1.0,1.6,1.0,5.8,3.6,7.1,4.9,1,0,0,0,17.8,0.0,48.5,13.7,24.6
62810,Thélus,62,1271,False,5.1,2.4,1.4,1.0,1.5,1.0,9.0,6.7,9.6,7.2,1,0,0,0,18.9,0.0,65.9,25.0,30.4
62817,Tilloy-lès-Mofflaines,62,1519,False,4.1,2.6,1.5,1.0,1.5,1.0,6.0,4.5,4.7,3.2,1,0,0,0,20.9,0.0,65.9,25.0,30.4
62836,Vaudricourt,62,1104,False,1.5,1.0,1.5,1.0,1.5,1.0,4.4,2.5,6.9,5.3,1,0,1,22,17.8,55.0,55.6,12.6,32.2
62842,Vendin-le-Vieil,62,8381,False,5.4,2.5,1.9,1.0,2.1,1.0,3.2,1.0,4.7,1.6,1,1,1,12,21.1,3.0,48.5,13.7,24.6
62841,Vendin-lès-Béthune,62,2393,False,4.8,3.2,1.4,1.0,1.4,1.0,3.7,1.4,5.9,4.2,1,0,0,0,16.0,0.0,55.6,12.6,32.2
62846,Vermelles,62,4748,False,1.8,1.0,1.9,1.0,1.7,1.0,2.8,1.0,10.8,8.2,1,1,1,20,21.1,10.0,55.6,12.6,32.2
62847,Verquigneul,62,2016,False,2.9,1.0,2.3,1.0,2.4,1.0,4.7,2.3,5.2,2.8,1,0,1,30,15.8,47.0,55.6,12.6,32.2
62848,Verquin,62,3459,False,3.2,1.0,1.9,1.0,1.9,1.0,3.6,1.3,5.5,3.5,1,0,0,0,18.2,0.0,55.6,12.6,32.2
62861,Vimy,62,4307,False,1.7,1.0,1.7,1.0,1.7,1.0,6.4,4.0,7.0,4.5,1,0,1,54,16.4,38.0,48.5,13.7,24.6
62863,Violaines,62,3831,False,2.4,1.0,1.9,1.0,1.7,1.0,4.1,1.0,5.0,2.9,1,0,1,19,19.0,13.0,55.6,12.6,32.2
62865,Vitry-en-Artois,62,4787,False,1.8,1.0,1.8,1.0,1.6,1.0,3.9,1.0,11.0,8.8,1,1,1,75,19.3,40.0,65.1,19.6,38.5
62869,Wailly,62,1081,False,8.6,6.3,1.4,1.0,1.4,1.0,8.4,6.1,11.2,8.9,1,0,0,0,17.6,0.0,65.9,25.0,30.4
62875,Wardrecques,62,1346,False,6.8,4.5,2.0,1.0,2.0,1.0,8.2,5.8,9.8,7.4,1,0,0,0,17.4,0.0,67.9,8.8,44.3
62895,Wingles,62,8742,False,2.8,1.0,1.8,1.0,2.2,1.0,3.8,1.0,2.8,1.0,1,1,1,40,21.7,11.0,48.5,13.7,24.6
62905,Zudausques,62,1040,False,8.5,6.1,2.3,1.0,2.3,1.0,10.6,6.8,11.8,8.9,1,0,0,0,22.0,0.0,66.1,1.5,50.9
62284,Écourt-Saint-Quentin,62,1691,False,9.4,6.3,1.5,1.0,1.9,1.0,8.3,5.4,17.2,15.5,1,0,0,0,16.6,0.0,65.1,19.6,38.5
62291,Éleu-dit-Leauwette,62,2829,False,3.4,1.8,1.4,1.0,1.4,1.0,4.2,3.0,5.2,3.7,1,0,0,0,17.6,0.0,48.5,13.7,24.6
62321,Évin-Malmaison,62,4674,False,4.8,3.6,1.6,1.0,1.6,1.0,3.6,1.6,6.9,4.5,1,0,0,0,20.8,0.0,50.5,14.2,29.1
