code_insee,tc_trajets_jour,tc_arr_lille_matin,tc_trajet_median_min,tc_trajet_min_min,tc_trajet_realiste_min,tc_premier_arr_lille,tc_dernier_dep,tc_part_direct,tc_metro_sur_place
59350,19077,3511,7.7,1.3,20.7,05:06,24:54,0.6,True
59410,3536,661,8.2,2.8,21.2,05:15,24:26,0.39,True
59368,2126,341,9.0,1.7,22.0,05:12,24:26,0.7,False
59360,1055,150,13.8,10.0,26.8,05:18,24:14,0.0,False
59009,7107,1343,14.1,7.0,27.1,05:14,24:22,0.45,True
59527,865,137,15.0,8.0,28.0,05:23,24:25,0.9,False
59646,3305,635,15.8,10.1,28.8,05:33,24:18,0.42,True
59507,1044,141,17.0,9.0,30.0,05:25,24:25,0.34,False
59378,3733,611,17.0,5.8,30.0,05:12,24:22,0.58,False
59163,2535,505,18.2,13.0,31.2,05:33,24:16,0.37,True
59648,921,137,18.3,14.0,31.3,05:18,24:17,0.15,False
59328,1877,305,18.7,7.0,31.7,05:20,24:42,0.62,True
59386,848,136,20.0,13.0,33.0,05:23,24:19,0.96,False
59346,520,76,21.6,15.0,34.6,05:59,24:14,0.21,False
59512,6789,1198,22.2,15.7,35.2,05:33,24:13,0.38,True
59220,1004,154,23.0,13.3,36.0,05:25,24:13,0.05,False
59437,121,31,25.5,21.5,38.5,06:06,22:27,0.0,False
59636,728,127,26.0,17.0,39.0,05:23,24:16,1.0,False
59090,549,95,26.0,17.0,39.0,06:15,22:05,0.96,False
59286,934,138,26.8,16.2,39.8,05:24,24:07,0.01,False
59128,421,77,27.5,23.7,40.5,06:20,22:16,0.0,False
59585,246,56,27.6,20.2,40.6,07:05,21:04,0.0,False
59193,72,12,27.8,22.6,40.8,06:14,21:20,0.0,False
59599,7589,1170,30.6,23.0,43.6,05:33,24:06,0.47,True
59457,524,91,31.4,24.7,44.4,05:50,21:38,0.0,False
59343,599,98,31.8,23.0,44.8,05:25,24:12,0.07,False
59196,422,74,32.2,24.2,45.2,06:20,22:14,0.0,False
59650,1039,152,33.4,26.0,46.4,05:39,23:55,0.0,False
59470,108,22,33.7,28.7,46.7,06:20,21:46,0.0,False
59195,166,29,33.7,21.2,46.7,06:25,22:11,0.0,False
59356,252,44,35.2,24.9,48.2,05:50,20:32,0.0,False
59611,224,51,36.0,22.0,49.0,05:48,22:56,0.26,False
59299,900,128,36.6,19.4,49.6,06:15,23:34,0.0,False
59566,513,87,36.7,28.2,49.7,06:20,22:11,0.0,False
59560,626,116,36.8,23.5,49.8,06:06,22:25,0.0,False
59352,172,42,37.0,29.0,50.0,06:54,21:54,1.0,False
59487,67,13,37.5,32.7,50.5,07:43,19:01,0.0,False
59421,764,132,38.5,20.1,51.5,06:03,23:53,0.26,False
59609,79,18,38.9,31.4,51.9,05:56,19:13,0.0,False
59367,635,110,39.0,32.0,52.0,06:03,23:40,0.0,False
59143,355,80,39.7,31.7,52.7,06:20,21:43,0.0,False
59371,21,4,40.0,36.7,53.0,07:43,18:53,0.0,False
59208,50,8,40.1,29.8,53.1,07:30,20:11,0.0,False
59278,301,56,40.5,25.2,53.5,06:14,21:11,0.0,False
59332,104,21,41.7,27.4,54.7,06:15,23:07,0.0,False
59339,526,78,41.7,31.4,54.7,06:15,21:35,0.0,False
59482,373,89,42.0,30.0,55.0,05:48,22:55,0.8,False
59252,155,36,42.4,28.0,55.4,06:14,20:02,0.0,False
59426,513,80,43.5,37.0,56.5,05:51,22:25,0.0,False
59201,25,4,43.9,31.8,56.9,07:30,20:07,0.0,False
59247,54,15,45.0,38.0,58.0,07:13,21:31,0.0,False
59256,123,36,46.0,37.0,59.0,06:14,19:03,0.0,False
59056,32,5,46.8,33.8,59.8,07:30,20:04,0.0,False
59098,168,49,47.0,37.0,60.0,06:54,21:46,1.0,False
59598,339,58,47.2,31.5,60.2,06:15,23:04,0.0,False
59553,178,34,48.8,35.7,61.8,06:14,21:04,0.0,False
59508,841,115,50.0,16.0,63.0,06:22,23:17,0.53,False
59088,52,10,50.1,24.2,63.1,07:48,18:59,0.0,False
59522,15,9,51.0,47.0,64.0,07:13,17:20,0.0,False
59173,30,9,51.4,37.0,64.4,07:22,16:53,0.0,False
59317,129,18,51.7,43.9,64.7,06:31,19:56,0.0,False
59250,110,18,52.4,37.2,65.4,07:30,20:01,0.0,False
59017,556,119,52.6,38.7,65.6,06:20,21:36,0.0,False
59152,463,100,53.0,35.0,66.0,05:48,22:47,0.92,False
59656,72,21,53.0,45.0,66.0,06:54,21:38,1.0,False
59643,30,9,54.4,38.0,67.4,07:22,16:50,0.0,False
59660,20,12,55.2,50.0,68.2,07:13,17:17,0.0,False
59025,56,12,55.3,40.7,68.3,07:43,18:44,0.0,False
59653,143,41,56.7,28.8,69.7,07:06,20:14,0.0,False
59257,43,11,57.7,38.7,70.7,07:43,18:50,0.0,False
59303,90,16,58.2,40.8,71.2,07:30,19:55,0.0,False
59279,791,107,61.0,23.0,74.0,06:22,23:07,0.58,False
59044,15,9,61.0,55.0,74.0,07:13,17:10,0.0,False
59146,15,9,65.4,59.0,78.4,07:13,17:05,0.0,False
59524,94,29,66.7,43.7,79.7,07:06,20:03,0.0,False
59602,10,6,69.2,62.0,82.2,07:13,17:01,0.0,False
59320,99,25,69.2,44.7,82.2,07:43,18:38,0.0,False
59202,75,15,72.7,61.4,85.7,06:31,19:40,0.0,False
59051,154,33,75.0,50.2,88.0,07:06,19:43,0.0,False
59658,54,15,75.4,39.8,88.4,07:06,19:53,0.0,False
59523,5,3,76.4,70.0,89.4,07:13,16:51,0.0,False
59388,49,15,81.2,51.7,94.2,07:06,19:48,0.0,False
59281,48,15,87.4,54.7,100.4,07:06,19:42,0.0,False
59550,87,27,96.9,58.7,109.9,07:06,19:35,0.0,False
