code_insee,commune,dep,PMUN,dans_MEL,prix_maison_m2,n_ventes_maison,evol_prix_maison_24_25_pct,prix_appart_m2,n_ventes_appart,loyers_maison_m2,loyers_appart_m2,prix_maison_faible_echantillon
59002,Abscon,59,4203,False,1346.0,53,32.0,687.0,1,8.37,10.67,False
59004,Aix-en-Pévèle,59,1358,False,1335.0,23,,,0,12.65,14.99,False
59005,Allennes-les-Marais,59,3567,True,2049.0,74,3.8,,0,11.38,12.41,False
59008,Aniche,59,9997,False,1155.0,193,7.1,1000.0,9,8.32,11.0,False
59011,Annœullin,59,10780,True,2200.0,194,0.4,1488.0,6,9.99,12.34,False
59013,Anstaing,59,1601,True,3162.0,31,,,0,12.71,13.62,False
59014,Anzin,59,13422,False,1094.0,203,7.3,1194.0,23,8.53,11.04,False
59015,Arleux,59,3151,False,1590.0,59,-2.2,1238.0,1,9.47,11.46,False
59017,Armentières,59,25581,True,1822.0,539,7.3,1624.0,92,9.5,12.8,False
59018,Arnèke,59,1561,False,1989.0,27,,,0,9.3,11.28,False
59019,Artres,59,1064,False,1637.0,16,,,0,7.95,10.53,False
59022,Attiches,59,2238,False,2629.0,62,5.5,,0,10.29,12.49,False
59024,Auberchicourt,59,4626,False,1282.0,93,20.3,907.0,1,8.62,11.21,False
59025,Aubers,59,1722,True,2275.0,53,,,0,10.72,12.42,False
59026,Aubigny-au-Bac,59,1159,False,1571.0,19,,,0,8.49,11.36,False
59027,Aubry-du-Hainaut,59,1726,False,1923.0,25,,1008.0,1,8.81,10.81,False
59028,Auby,59,7188,False,1421.0,64,23.2,1098.0,1,8.8,11.2,False
59029,Auchy-lez-Orchies,59,1486,False,2247.0,40,,,0,10.15,12.88,False
59032,Aulnoy-lez-Valenciennes,59,7183,False,1543.0,127,-0.4,2758.0,25,9.17,10.81,False
59034,Avelin,59,2600,False,2949.0,55,-2.7,,0,12.87,14.07,False
59038,Avesnes-le-Sec,59,1447,False,1279.0,22,,,0,8.54,11.36,False
59042,Bachy,59,1883,False,3030.0,39,28.4,2000.0,7,12.3,14.99,False
59043,Bailleul,59,14869,False,2174.0,239,5.9,2161.0,4,9.67,12.5,False
59044,Baisieux,59,5177,True,2996.0,120,4.2,2306.0,2,12.16,13.5,False
59052,Bauvin,59,4999,True,2092.0,104,-6.5,628.0,1,10.16,11.57,False
59054,Bavinchove,59,1046,False,1722.0,25,,1385.0,1,8.9,10.85,False
59064,Bellaing,59,1329,False,1689.0,16,,,0,8.79,11.4,False
59071,Bersée,59,2296,False,2136.0,38,,1675.0,1,10.43,12.17,False
59079,Beuvrages,59,6784,False,1434.0,79,4.1,,0,9.12,11.21,False
59080,Beuvry-la-Forêt,59,2834,False,2009.0,54,-8.1,,0,10.8,12.64,False
59082,Bierne,59,1772,False,2245.0,39,,,0,11.59,14.4,False
59084,Blaringhem,59,2043,False,2115.0,34,,,0,7.91,10.7,False
59086,Boeschepe,59,2179,False,1650.0,53,-12.9,,0,9.43,11.23,False
59088,Bois-Grenier,59,1793,True,2742.0,35,,2114.0,1,11.78,13.58,False
59089,Bollezeele,59,1423,False,1132.0,26,,774.0,1,8.92,10.43,False
59090,Bondues,59,9713,True,3672.0,254,14.6,3668.0,2,14.39,14.94,False
59094,Bourbourg,59,7023,False,1568.0,101,26.8,2230.0,5,8.89,10.59,False
59096,Bourghelles,59,1673,False,2597.0,32,,,0,12.65,14.99,False
59098,Bousbecque,59,4847,True,2691.0,92,23.8,2279.0,2,10.28,12.87,False
59105,Bouvignies,59,1548,False,1474.0,23,,,0,10.15,12.64,False
59112,Bruay-sur-l'Escaut,59,11309,False,1262.0,123,2.8,1591.0,2,8.47,10.81,False
59114,Bruille-Saint-Amand,59,1682,False,1205.0,29,,,0,9.38,11.92,False
59113,Bruille-lez-Marchiennes,59,1350,False,1214.0,18,,,0,9.58,10.4,False
59117,Bugnicourt,59,1074,False,1312.0,9,,,0,9.45,11.46,True
59122,Cambrai,59,31425,False,1283.0,501,-1.6,1381.0,53,8.56,11.01,False
59123,Camphin-en-Carembault,59,1714,False,2495.0,33,,2226.0,1,11.38,12.49,False
59124,Camphin-en-Pévèle,59,2501,False,3392.0,35,,,0,12.3,13.85,False
59126,Cantin,59,1770,False,1515.0,41,,543.0,1,9.45,11.46,False
59128,Capinghem,59,2474,True,3108.0,35,,2893.0,1,12.5,14.36,False
59129,Cappelle-en-Pévèle,59,2262,False,2833.0,37,,,0,10.43,12.88,False
59133,Carnin,59,1076,True,2500.0,35,,1712.0,10,11.38,12.49,False
59135,Cassel,59,2227,False,1396.0,57,-28.3,1195.0,3,9.12,11.04,False
59120,Caëstre,59,2006,False,2109.0,38,,,0,9.21,11.16,False
59146,Chéreng,59,3001,True,3517.0,68,-1.0,2394.0,6,12.91,14.63,False
59152,Comines,59,12671,True,2319.0,205,2.9,3026.0,1,10.51,13.01,False
59153,Condé-sur-l'Escaut,59,9396,False,1313.0,82,-10.4,1301.0,6,8.75,10.62,False
59155,Coudekerque-Branche,59,20765,False,1796.0,406,1.0,1622.0,31,11.41,12.49,False
59156,Courchelettes,59,2881,False,1541.0,40,7.2,,0,8.72,12.0,False
59158,Coutiches,59,3246,False,2457.0,71,23.6,1593.0,1,10.33,13.92,False
59163,Croix,59,20778,True,2471.0,489,2.5,2371.0,47,12.26,14.46,False
59165,Cuincy,59,6472,False,1756.0,133,9.9,,0,9.18,14.16,False
59166,Curgies,59,1347,False,1962.0,22,,,0,11.23,11.16,False
59168,Cysoing,59,4722,False,2701.0,115,-9.7,1848.0,9,13.49,14.21,False
59170,Dechy,59,5351,False,1287.0,75,5.0,1843.0,1,8.23,11.46,False
59172,Denain,59,20640,False,894.0,299,19.1,1129.0,13,7.97,10.57,False
59173,Deûlémont,59,1819,True,2904.0,26,,,0,11.29,14.0,False
59670,Don,59,1412,True,2412.0,23,,,0,10.13,12.41,False
59178,Douai,59,39648,False,1489.0,453,-4.9,1456.0,117,9.17,11.53,False
59179,Douchy-les-Mines,59,10207,False,1390.0,127,3.0,,0,9.13,10.57,False
59183,Dunkerque,59,86788,False,2028.0,1051,3.1,1947.0,286,11.13,13.5,False
59189,Eecke,59,1221,False,1327.0,22,,,0,9.21,11.23,False
59193,Emmerin,59,3053,True,2467.0,84,7.2,,0,11.46,13.6,False
59196,Ennetières-en-Weppes,59,1293,True,2611.0,29,,,0,11.78,13.58,False
59197,Ennevelin,59,2356,False,2777.0,50,-4.3,,0,12.87,13.41,False
59202,Erquinghem-Lys,59,5356,True,2283.0,97,-4.8,,0,10.38,13.19,False
59203,Erre,59,1574,False,1860.0,22,,1630.0,1,8.57,10.4,False
59205,Escaudain,59,9253,False,1222.0,101,10.3,,0,8.44,10.21,False
59207,Escautpont,59,4152,False,1243.0,34,,,0,8.66,11.07,False
59210,Esquelbecq,59,2134,False,1609.0,30,,,0,9.3,12.44,False
59212,Estaires,59,6496,False,1899.0,154,1.5,1530.0,4,8.67,11.25,False
59214,Estrées,59,1116,False,1835.0,22,,,0,8.96,11.16,False
59220,Faches-Thumesnil,59,18110,True,2473.0,314,-6.3,2484.0,42,11.86,13.57,False
59221,Famars,59,2475,False,1958.0,28,,2096.0,8,9.54,11.65,False
59222,Faumont,59,2251,False,2143.0,47,,,0,10.43,13.92,False
59227,Fenain,59,5529,False,1570.0,85,-23.4,1796.0,1,8.55,10.4,False
59234,Flers-en-Escrebieux,59,5642,False,1491.0,68,-2.8,1449.0,3,8.45,14.0,False
59239,Flines-lez-Raches,59,5610,False,1734.0,86,-4.1,1977.0,1,9.49,14.66,False
59238,Flines-lès-Mortagne,59,1649,False,1319.0,22,,,0,8.74,11.92,False
59244,Fontaine-Notre-Dame,59,1763,False,1162.0,17,,,0,8.08,9.8,False
59247,Forest-sur-Marque,59,1659,True,3143.0,37,,,0,12.71,13.62,False
59250,Fournes-en-Weppes,59,2190,True,2809.0,62,-16.4,1800.0,1,13.09,12.75,False
59252,Frelinghien,59,2581,True,2598.0,58,-4.8,1547.0,1,11.29,13.35,False
59253,Fresnes-sur-Escaut,59,7486,False,942.0,82,-8.7,992.0,3,8.54,10.41,False
59256,Fretin,59,3227,True,2862.0,82,-0.4,2170.0,1,12.36,13.38,False
59257,Fromelles,59,1076,True,2350.0,27,,,0,13.08,12.42,False
59224,Féchain,59,1658,False,1457.0,42,5.6,,0,8.49,11.36,False
59228,Férin,59,1447,False,1631.0,25,,,0,10.32,11.16,False
59258,Genech,59,2825,False,2600.0,53,-5.4,1875.0,4,12.28,15.02,False
59260,Ghyvelde,59,4119,False,2093.0,57,-9.0,,0,10.75,12.46,False
59262,Godewaersvelde,59,2053,False,2136.0,43,-5.3,,0,9.43,11.23,False
59265,Gommegnies,59,2300,False,1284.0,25,,,0,7.78,11.37,False
59266,Gondecourt,59,4050,False,2634.0,82,10.7,,0,11.25,13.05,False
59271,Grande-Synthe,59,20331,False,1652.0,116,17.2,1101.0,9,10.13,11.57,False
59275,Gruson,59,1237,True,3342.0,31,,,0,12.91,14.63,False
59276,Guesnain,59,4656,False,1475.0,53,-11.3,,0,8.75,11.21,False
59263,Gœulzin,59,1042,False,1565.0,23,,,0,10.32,11.16,False
59278,Hallennes-lez-Haubourdin,59,4718,True,2615.0,117,2.8,1633.0,1,11.53,14.0,False
59279,Halluin,59,20829,True,2073.0,381,8.6,1540.0,12,10.08,13.16,False
59281,Hantay,59,1259,True,2398.0,31,,,0,10.13,12.41,False
59284,Hasnon,59,3874,False,1866.0,59,2.1,,0,9.98,11.85,False
59286,Haubourdin,59,14757,True,2214.0,254,5.5,1875.0,55,10.97,13.67,False
59292,Haveluy,59,3250,False,1512.0,25,,,0,8.79,10.57,False
59293,Haverskerque,59,1401,False,1367.0,25,,,0,8.89,10.08,False
59295,Hazebrouck,59,21498,False,1849.0,496,8.4,1564.0,31,9.17,11.72,False
59299,Hem,59,18713,True,2843.0,320,-8.5,1296.0,4,12.63,14.0,False
59301,Hergnies,59,4463,False,1348.0,56,15.7,,0,8.89,10.89,False
59303,Herlies,59,2323,True,2685.0,52,-6.3,,0,11.37,12.42,False
59305,Herzeele,59,1634,False,1875.0,28,,1338.0,1,9.58,11.23,False
59309,Hondschoote,59,4026,False,1620.0,81,14.2,1157.0,3,9.94,12.46,False
59314,Hornaing,59,3535,False,1689.0,44,23.3,,0,8.57,10.4,False
59316,Houplin-Ancoisne,59,3275,True,2385.0,75,-14.8,2248.0,2,11.38,13.83,False
59317,Houplines,59,7897,True,2221.0,175,2.0,1427.0,2,9.79,12.13,False
59297,Hélesmes,59,1921,False,1339.0,21,,,0,9.08,11.92,False
59302,Hérin,59,4129,False,1555.0,55,-7.3,1800.0,1,9.21,11.24,False
59320,Illies,59,1664,True,2347.0,37,,,0,10.13,12.41,False
59051,La Bassée,59,6622,True,1862.0,123,5.2,1733.0,5,9.69,12.01,False
59143,La Chapelle-d'Armentières,59,8719,True,2304.0,213,1.4,,0,10.37,13.5,False
59268,La Gorgue,59,5599,False,1610.0,121,-12.6,1137.0,1,9.28,11.46,False
59368,La Madeleine,59,22488,True,3500.0,319,2.8,2746.0,114,13.56,15.42,False
59564,La Sentinelle,59,3143,False,1413.0,41,2.9,1324.0,8,9.33,11.4,False
59327,Lallaing,59,6250,False,1721.0,72,-3.3,,0,9.05,11.26,False
59328,Lambersart,59,27121,True,3586.0,560,-3.1,3457.0,43,13.62,15.97,False
59329,Lambres-lez-Douai,59,4926,False,1535.0,89,-2.7,1127.0,3,8.96,12.11,False
59330,Landas,59,2447,False,2367.0,32,,,0,10.76,12.64,False
59332,Lannoy,59,1800,True,1709.0,29,,1516.0,9,11.85,13.33,False
59334,Lauwin-Planque,59,1582,False,1763.0,21,,,0,9.24,14.16,False
59180,Le Doulieu,59,1454,False,1979.0,25,,,0,9.39,11.07,False
59335,Lecelles,59,3004,False,1891.0,38,,,0,10.77,11.06,False
59339,Leers,59,9588,True,2608.0,189,3.2,,0,11.93,13.35,False
59340,Leffrinckoucke,59,4124,False,2490.0,44,-5.2,1374.0,3,10.75,12.44,False
59343,Lesquin,59,9241,True,2929.0,159,-1.2,2083.0,3,12.1,14.31,False
59345,Lewarde,59,2403,False,1478.0,38,,,0,8.93,11.46,False
59346,Lezennes,59,3019,True,2684.0,66,-14.0,3077.0,5,12.59,14.62,False
59348,Lieu-Saint-Amand,59,1461,False,1599.0,18,,1486.0,1,8.54,11.36,False
59350,Lille,59,236710,True,2761.0,1958,-0.6,4030.0,2671,12.74,15.76,False
59352,Linselles,59,8192,True,2858.0,158,-6.3,,0,11.19,14.0,False
59356,Lompret,59,2182,True,3615.0,47,-2.1,,0,12.25,15.25,False
59360,Loos,59,23013,True,2279.0,262,3.6,2657.0,94,11.73,14.29,False
59361,Lourches,59,3814,False,980.0,65,-0.7,1000.0,3,8.4,10.2,False
59367,Lys-lez-Lannoy,59,13793,True,2349.0,272,-8.9,2041.0,13,11.56,13.61,False
59369,Maing,59,4004,False,1574.0,52,11.8,1795.0,1,9.4,11.58,False
59375,Marchiennes,59,4539,False,1875.0,85,-7.8,1063.0,2,9.36,11.58,False
59378,Marcq-en-Barœul,59,39356,True,4099.0,691,2.4,3232.0,63,14.63,15.53,False
59382,Maretz,59,1417,False,807.0,18,,,0,7.38,9.08,False
59383,Marly,59,12024,False,1442.0,229,6.2,1256.0,5,9.51,11.81,False
59387,Marquette-en-Ostrevant,59,1931,False,1437.0,23,,,0,8.28,10.4,False
59386,Marquette-lez-Lille,59,11213,True,3251.0,240,6.1,3127.0,11,13.18,14.0,False
59388,Marquillies,59,1982,True,2533.0,58,12.5,,0,10.72,12.41,False
59390,Masny,59,4056,False,1408.0,36,,,0,8.93,11.46,False
59392,Maubeuge,59,29066,False,1053.0,304,-14.0,1189.0,30,7.95,10.9,False
59399,Merris,59,1049,False,2077.0,24,,,0,9.21,11.16,False
59400,Merville,59,9652,False,1668.0,182,-2.1,1132.0,7,8.64,10.55,False
59408,Moncheaux,59,1703,False,1976.0,27,,,0,10.29,13.92,False
59409,Monchecourt,59,2501,False,1341.0,39,,,0,8.93,11.21,False
59410,Mons-en-Barœul,59,21467,True,2883.0,281,-0.9,1660.0,103,12.29,14.44,False
59411,Mons-en-Pévèle,59,2089,False,2358.0,25,,1337.0,1,10.71,12.88,False
59414,Montigny-en-Ostrevent,59,4681,False,1724.0,51,13.0,,0,9.23,11.21,False
59416,Morbecque,59,2509,False,1542.0,62,2.2,,0,8.89,10.7,False
59418,Mortagne-du-Nord,59,1584,False,1323.0,16,,992.0,1,8.74,11.44,False
59419,Mouchin,59,1441,False,2324.0,31,,2273.0,2,12.65,14.99,False
59421,Mouvaux,59,13173,True,3267.0,333,-0.3,2508.0,8,13.03,15.5,False
59398,Mérignies,59,3360,False,2908.0,84,-13.2,,0,12.87,13.67,False
59401,Méteren,59,2256,False,2046.0,28,,,0,9.21,11.16,False
59423,Neuf-Berquin,59,1403,False,2265.0,24,,,0,9.39,10.7,False
59426,Neuville-en-Ferrain,59,10160,True,2674.0,201,4.4,1684.0,3,10.9,13.49,False
59431,Nieppe,59,7606,False,2312.0,168,4.2,1829.0,3,10.2,12.66,False
59434,Nivelle,59,1379,False,1817.0,25,,,0,9.38,11.06,False
59435,Nomain,59,2585,False,1697.0,41,,1667.0,1,11.23,12.64,False
59447,Onnaing,59,8719,False,1399.0,103,-11.3,885.0,1,8.42,11.13,False
59449,Orchies,59,8455,False,2171.0,166,15.1,1825.0,9,10.17,13.89,False
59452,Ostricourt,59,5829,False,1953.0,101,-1.9,,0,9.68,11.2,False
59456,Pecquencourt,59,6232,False,1534.0,56,-2.5,,0,9.5,11.68,False
59459,Petite-Forêt,59,5058,False,1766.0,77,-0.0,1235.0,10,9.48,11.19,False
59462,Phalempin,59,4849,False,2528.0,83,2.3,2136.0,5,11.49,13.31,False
59466,Pont-à-Marcq,59,2883,False,2733.0,67,-11.5,2758.0,1,12.61,14.06,False
59475,Prouvy,59,2173,False,1667.0,29,,,0,9.33,11.4,False
59477,Provin,59,4469,True,2227.0,107,14.1,,0,9.37,11.89,False
59470,Prémesques,59,2060,True,3077.0,38,,,0,12.25,13.58,False
59471,Préseau,59,2065,False,1990.0,27,,,0,11.94,10.53,False
59457,Pérenchies,59,8519,True,2701.0,143,-4.5,1054.0,37,11.78,13.95,False
59458,Péronne-en-Mélantois,59,1004,True,3406.0,30,,,0,12.65,13.92,False
59479,Quarouble,59,3131,False,1667.0,51,-1.7,1263.0,4,8.89,10.89,False
59482,Quesnoy-sur-Deûle,59,6920,True,2781.0,134,0.2,962.0,1,11.94,13.38,False
59485,Quiévy,59,1801,False,1058.0,24,,,0,8.3,9.45,False
59487,Radinghem-en-Weppes,59,1393,True,3103.0,34,,,0,11.78,13.58,False
59489,Raimbeaucourt,59,4015,False,1522.0,59,-5.3,1107.0,2,9.18,13.92,False
59491,Raismes,59,12055,False,1352.0,156,15.9,1145.0,6,8.48,11.38,False
59497,Renescure,59,2128,False,1348.0,35,-12.6,,0,7.91,11.09,False
59499,Rexpoëde,59,1992,False,1889.0,31,,,0,9.29,12.46,False
59501,Rieulay,59,1243,False,1892.0,25,,,0,9.58,10.4,False
59502,Rieux-en-Cambrésis,59,1438,False,1124.0,8,,623.0,1,7.79,9.45,True
59507,Ronchin,59,19437,True,2334.0,335,2.4,2550.0,35,11.93,14.22,False
59508,Roncq,59,13784,True,2546.0,288,5.4,3058.0,8,11.42,13.65,False
59509,Roost-Warendin,59,5976,False,1767.0,88,8.8,,0,9.16,14.16,False
59511,Rosult,59,1973,False,1668.0,27,,,0,9.87,12.64,False
59512,Roubaix,59,98892,True,1290.0,1329,-1.1,1571.0,260,9.48,13.28,False
59519,Rumegies,59,1740,False,1875.0,27,,,0,10.77,11.06,False
59486,Râches,59,2660,False,1472.0,60,17.1,,0,9.11,14.16,False
59504,Rœulx,59,3779,False,1351.0,55,4.0,,0,8.22,10.4,False
59522,Sailly-lez-Lannoy,59,1949,True,3241.0,59,-12.0,,0,12.3,13.85,False
59523,Sainghin-en-Mélantois,59,2848,True,3345.0,54,0.6,2349.0,1,14.03,14.18,False
59524,Sainghin-en-Weppes,59,5641,True,2509.0,124,13.6,1525.0,1,10.25,13.0,False
59526,Saint-Amand-les-Eaux,59,15980,False,1593.0,222,8.9,1590.0,17,9.3,11.4,False
59527,Saint-André-lez-Lille,59,12942,True,3468.0,168,2.4,2830.0,14,13.13,15.39,False
59535,Saint-Jans-Cappel,59,1642,False,1898.0,22,,,0,9.21,11.16,False
59544,Saint-Saulve,59,11117,False,1839.0,161,17.6,1424.0,9,9.67,12.17,False
59546,Saint-Sylvestre-Cappel,59,1154,False,1714.0,25,,,0,9.43,11.23,False
59550,Salomé,59,3051,True,2031.0,79,14.3,,0,10.13,11.84,False
59551,Saméon,59,1738,False,2086.0,15,,,0,10.77,14.99,False
59553,Santes,59,5660,True,2673.0,112,-0.0,1794.0,1,11.9,14.21,False
59557,Saultain,59,2553,False,2152.0,37,,,0,11.76,12.28,False
59559,Sebourg,59,1977,False,1607.0,38,,,0,9.05,12.8,False
59560,Seclin,59,12834,True,2278.0,247,15.2,2327.0,9,11.24,13.64,False
59566,Sequedin,59,4762,True,2826.0,89,-0.8,1811.0,2,11.96,13.95,False
59569,Sin-le-Noble,59,15603,False,1412.0,251,-1.2,632.0,12,8.74,11.27,False
59574,Somain,59,11790,False,1341.0,195,-3.2,1095.0,7,9.15,10.89,False
59578,Steenbecque,59,1650,False,1429.0,27,,,0,7.91,10.7,False
59580,Steenvoorde,59,4324,False,1823.0,79,6.2,2101.0,3,9.75,11.36,False
59581,Steenwerck,59,3540,False,1815.0,43,19.3,2047.0,4,9.68,11.36,False
59585,Templemars,59,3635,True,2697.0,71,-1.6,2413.0,4,11.89,13.63,False
59586,Templeuve-en-Pévèle,59,6705,False,2656.0,160,-0.5,2182.0,11,11.97,13.85,False
59592,Thumeries,59,4029,False,2315.0,64,-12.4,,0,10.29,11.59,False
59594,Thun-Saint-Amand,59,1110,False,1510.0,17,,,0,9.38,11.92,False
59598,Toufflers,59,3910,True,2639.0,96,-2.7,2622.0,1,11.07,13.63,False
59599,Tourcoing,59,99011,True,1773.0,1725,1.3,1707.0,163,10.12,13.17,False
59602,Tressin,59,1395,True,3240.0,33,,1568.0,1,12.3,13.85,False
59603,Trith-Saint-Léger,59,6124,False,1393.0,59,14.4,1040.0,4,9.04,10.52,False
59588,Téteghem-Coudekerque-Village,59,8384,False,2466.0,170,7.3,2542.0,3,12.22,14.4,False
59606,Valenciennes,59,42991,False,1598.0,585,5.7,1895.0,304,9.64,12.11,False
59609,Vendeville,59,1546,True,2964.0,44,,2246.0,1,12.87,13.69,False
59610,Verchain-Maugré,59,1102,False,1107.0,22,,,0,7.95,11.48,False
59611,Verlinghem,59,2673,True,3375.0,58,24.5,1171.0,1,12.45,14.97,False
59615,Vieux-Berquin,59,2649,False,1648.0,53,,,0,9.53,10.7,False
59616,Vieux-Condé,59,10446,False,1154.0,129,1.0,1026.0,1,8.35,10.54,False
59009,Villeneuve-d'Ascq,59,62067,True,3002.0,772,2.3,2461.0,138,13.52,14.33,False
59622,Villers-en-Cauchies,59,1161,False,1608.0,15,,,0,8.54,9.45,False
59629,Vred,59,1311,False,1807.0,23,,,0,9.87,11.21,False
59630,Wahagnies,59,2605,False,2069.0,53,-7.9,,0,10.29,11.59,False
59632,Wallers,59,5598,False,1733.0,59,14.1,1000.0,2,8.78,10.71,False
59636,Wambrechies,59,10798,True,3444.0,204,0.7,2802.0,7,12.7,14.87,False
59637,Wandignies-Hamage,59,1318,False,1525.0,26,,,0,9.58,11.06,False
59638,Wannehain,59,1331,False,3315.0,25,,,0,12.3,13.85,False
59639,Wargnies-le-Grand,59,1101,False,1822.0,12,,,0,9.05,11.16,True
59641,Warhem,59,2022,False,2042.0,32,,,0,9.29,12.46,False
59646,Wasquehal,59,20836,True,3223.0,366,-6.5,3143.0,19,13.66,15.07,False
59647,Watten,59,2577,False,1463.0,56,-5.8,,0,8.52,10.13,False
59648,Wattignies,59,15531,True,2439.0,238,14.1,1777.0,18,11.72,13.91,False
59650,Wattrelos,59,40836,True,1881.0,700,7.4,1468.0,46,10.25,14.01,False
59651,Wavrechain-sous-Denain,59,1616,False,1167.0,25,,,0,8.33,10.57,False
59653,Wavrin,59,7773,True,2526.0,166,-2.0,,0,13.14,12.7,False
59654,Waziers,59,7354,False,1111.0,105,8.7,727.0,1,8.43,10.53,False
59656,Wervicq-Sud,59,5299,True,2649.0,64,-13.6,1457.0,1,11.29,13.55,False
59660,Willems,59,2996,True,2501.0,70,-1.5,2344.0,4,12.3,13.35,False
59662,Winnezeele,59,1300,False,1764.0,28,,,0,9.29,11.23,False
59663,Wormhout,59,5705,False,1970.0,99,-3.9,1392.0,3,9.92,12.58,False
59185,Écaillon,59,1910,False,1343.0,11,,,0,8.93,11.21,True
62004,Achicourt,62,7938,False,1910.0,129,5.1,1500.0,6,10.82,12.38,False
62013,Agny,62,1879,False,1821.0,27,,,0,9.95,10.5,False
62014,Aire-sur-la-Lys,62,9585,False,1357.0,152,-2.3,957.0,21,7.93,10.05,False
62019,Aix-Noulette,62,3913,False,1688.0,84,-4.9,1527.0,1,8.46,11.6,False
62032,Angres,62,4842,False,1794.0,57,16.5,753.0,1,8.46,11.6,False
62033,Annay,62,4517,False,1604.0,73,-9.0,,0,9.16,11.44,False
62034,Annequin,62,2145,False,1679.0,22,,,0,8.97,11.02,False
62035,Annezin,62,5813,False,1543.0,142,-3.1,,0,8.84,10.89,False
62037,Anzin-Saint-Aubin,62,2806,False,2324.0,56,19.4,,0,10.54,14.63,False
62040,Arques,62,9655,False,1640.0,148,-3.3,1649.0,4,8.57,11.45,False
62041,Arras,62,42600,False,1905.0,420,3.6,2312.0,267,10.29,12.66,False
62042,Athies,62,1059,False,1882.0,15,,,0,10.32,11.99,False
62048,Auchel,62,10062,False,1162.0,126,-6.1,861.0,11,8.02,10.29,False
62051,Auchy-les-Mines,62,4623,False,1908.0,78,1.5,1106.0,1,9.73,11.02,False
62065,Avion,62,17672,False,1547.0,162,9.1,627.0,3,9.21,11.59,False
62073,Bailleul-Sir-Berthoult,62,1430,False,1870.0,29,,,0,9.94,11.99,False
62083,Barlin,62,7366,False,1356.0,74,9.9,,0,8.73,11.6,False
62099,Beaurains,62,5515,False,1984.0,108,7.9,,0,10.19,11.9,False
62471,Bellinghem,62,1087,False,1483.0,16,,1580.0,1,7.91,10.7,False
62126,Beuvry,62,9111,False,1577.0,132,-4.2,1115.0,3,8.64,10.91,False
62128,Biache-Saint-Vaast,62,4481,False,2095.0,57,7.5,,0,9.49,10.95,False
62132,Billy-Berclau,62,5059,False,1829.0,117,6.4,1558.0,1,9.53,11.84,False
62133,Billy-Montigny,62,8117,False,1333.0,77,2.3,1544.0,1,8.79,11.15,False
62160,Boulogne-sur-Mer,62,40910,False,1586.0,410,10.8,1515.0,286,9.54,11.45,False
62164,Bourlon,62,1140,False,1143.0,11,,875.0,2,7.91,9.74,True
62170,Bouvigny-Boyeffles,62,2371,False,1532.0,34,,,0,9.25,11.6,False
62173,Brebières,62,5169,False,1863.0,108,9.1,1400.0,2,10.44,11.19,False
62178,Bruay-la-Buissière,62,21827,False,1306.0,211,-4.3,1451.0,6,8.45,10.57,False
62181,Bucquoy,62,1480,False,1419.0,16,,,0,9.1,10.46,False
62186,Bully-les-Mines,62,12221,False,1601.0,138,7.8,1085.0,3,8.89,10.72,False
62188,Burbure,62,2819,False,1225.0,48,-6.0,,0,7.99,10.42,False
62190,Busnes,62,1245,False,1025.0,19,,,0,8.23,10.08,False
62119,Béthune,62,24992,False,1485.0,414,-4.9,1723.0,118,8.8,11.52,False
62193,Calais,62,67380,False,1521.0,1131,1.5,1672.0,195,8.81,11.57,False
62194,Calonne-Ricouart,62,5463,False,1333.0,53,22.4,787.0,1,7.96,10.31,False
62195,Calonne-sur-la-Lys,62,1560,False,1482.0,24,,,0,8.59,10.08,False
62200,Cambrin,62,1228,False,1820.0,16,,,0,8.97,11.02,False
62215,Carvin,62,17852,False,1814.0,278,1.3,1388.0,16,9.28,11.67,False
62224,Chocques,62,2824,False,1602.0,30,,,0,8.52,10.42,False
62240,Corbehem,62,2266,False,1549.0,42,18.1,,0,8.72,11.26,False
62249,Courcelles-lès-Lens,62,8213,False,1886.0,114,2.1,,0,9.43,11.2,False
62250,Courrières,62,10199,False,1770.0,189,12.5,1203.0,1,9.71,11.25,False
62262,Cuinchy,62,1754,False,1954.0,20,,,0,8.97,11.38,False
62263,Dainville,62,5703,False,1959.0,83,12.5,,0,10.12,13.08,False
62274,Dourges,62,5997,False,1793.0,103,5.1,1420.0,1,9.44,11.24,False
62276,Douvrin,62,5795,False,1955.0,115,9.6,905.0,2,9.73,11.78,False
62277,Drocourt,62,2943,False,1803.0,52,7.2,845.0,2,8.72,11.2,False
62279,Duisans,62,1383,False,1545.0,12,,,0,9.95,10.99,True
62310,Essars,62,1755,False,1717.0,27,,1548.0,1,8.85,10.42,False
62311,Estevelles,62,2024,False,1885.0,31,,,0,9.28,11.84,False
62323,Fampoux,62,1219,False,2321.0,25,,,0,8.61,11.99,False
62330,Festubert,62,1266,False,1929.0,28,,,0,9.68,10.93,False
62331,Feuchy,62,1015,False,1481.0,16,,,0,8.61,11.47,False
62338,Fleurbaix,62,2862,False,2897.0,58,-5.3,,0,12.37,13.32,False
62349,Fouquereuil,62,1632,False,2110.0,22,,,0,8.85,10.64,False
62350,Fouquières-lès-Béthune,62,1115,False,1574.0,13,,,0,9.07,10.8,True
62351,Fouquières-lès-Lens,62,6233,False,1436.0,67,-0.4,,0,8.77,11.04,False
62371,Givenchy-en-Gohelle,62,2026,False,1588.0,28,,,0,9.25,10.38,False
62373,Givenchy-lès-la-Bassée,62,1006,False,1490.0,15,,,0,9.55,11.38,False
62376,Gonnehem,62,2507,False,1795.0,47,-10.0,,0,8.23,10.93,False
62383,Gouy-sous-Bellonne,62,1396,False,1214.0,25,,,0,10.32,11.16,False
62386,Grenay,62,6704,False,1642.0,42,,,0,8.71,10.73,False
62391,Guarbecque,62,1369,False,1161.0,19,,,0,8.59,10.62,False
62400,Haillicourt,62,4884,False,1484.0,55,7.4,,0,8.4,10.64,False
62401,Haisnes,62,4427,False,1856.0,80,6.7,,0,9.6,11.02,False
62412,Hardinghen,62,1219,False,1506.0,26,,,0,9.06,10.91,False
62413,Harnes,62,12317,False,1613.0,145,9.6,901.0,1,9.0,11.15,False
62443,Hersin-Coupigny,62,6147,False,1418.0,77,33.5,,0,8.23,10.44,False
62452,Heuringhem,62,1379,False,1225.0,25,,,0,8.53,10.7,False
62454,Hinges,62,2417,False,1942.0,40,6.7,,0,9.68,10.93,False
62457,Houdain,62,7030,False,1353.0,74,-6.0,1006.0,6,8.61,9.94,False
62464,Hulluch,62,3367,False,1977.0,52,-14.8,,0,9.55,11.34,False
62427,Hénin-Beaumont,62,26035,False,1400.0,421,18.2,1122.0,14,8.5,11.53,False
62476,Izel-lès-Équerchin,62,1058,False,2078.0,9,,,0,10.32,10.95,True
62252,La Couture,62,2616,False,1379.0,34,,,0,9.66,10.93,False
62479,Labeuvrière,62,1654,False,1468.0,32,,,0,8.85,10.64,False
62480,Labourse,62,2894,False,1727.0,57,-10.7,,0,8.85,10.52,False
62489,Lapugnoy,62,3518,False,1681.0,71,1.2,,0,8.57,10.64,False
62491,Laventie,62,4969,False,2177.0,119,8.8,957.0,1,9.88,11.77,False
62497,Leforest,62,7179,False,2037.0,95,10.0,2171.0,1,9.31,11.59,False
62498,Lens,62,32618,False,1398.0,281,-1.4,1604.0,60,9.2,11.93,False
62502,Lestrem,62,5073,False,1531.0,74,0.8,,0,9.42,11.08,False
62907,Libercourt,62,8138,False,1702.0,84,7.3,,0,10.29,11.29,False
62516,Lillers,62,9988,False,1004.0,207,31.2,806.0,2,7.82,10.21,False
62510,Liévin,62,30149,False,1585.0,341,-2.0,1651.0,4,9.29,11.26,False
62520,Locon,62,2342,False,1781.0,34,,,0,9.68,10.93,False
62523,Loison-sous-Lens,62,5255,False,1353.0,88,12.3,1546.0,3,9.57,11.29,False
62525,Longuenesse,62,10568,False,1629.0,175,-6.9,2158.0,5,8.89,12.53,False
62528,Loos-en-Gohelle,62,6896,False,1605.0,107,0.8,1476.0,5,9.52,11.25,False
62529,Lorgies,62,1609,False,1866.0,26,,,0,10.72,12.42,False
62540,Maisnil-lès-Ruitz,62,1691,False,1818.0,19,,,0,8.07,11.6,False
62543,Mametz,62,1998,False,1191.0,26,,,0,7.94,10.62,False
62557,Marœuil,62,2441,False,2271.0,38,,,0,10.1,11.29,False
62563,Mazingarbe,62,8068,False,1593.0,100,3.8,896.0,5,8.71,10.85,False
62573,Meurchin,62,3717,False,1815.0,73,-4.1,1250.0,1,9.28,11.84,False
62584,Mont-Bernanchon,62,1316,False,1500.0,19,,,0,8.23,10.08,False
62587,Montigny-en-Gohelle,62,9870,False,1576.0,118,2.7,1771.0,3,9.06,10.89,False
62570,Méricourt,62,11431,False,1673.0,109,-3.6,1039.0,2,9.43,11.38,False
62606,Neuve-Chapelle,62,1419,False,2391.0,25,,,0,10.72,12.42,False
62609,Neuville-Saint-Vaast,62,1603,False,2066.0,21,,,0,9.73,10.99,False
62620,Norrent-Fontes,62,1362,False,1239.0,15,,,0,7.94,10.62,False
62624,Noyelles-Godault,62,5906,False,1667.0,57,10.0,1450.0,1,9.97,11.7,False
62626,Noyelles-lès-Vermelles,62,2294,False,1809.0,17,,,0,8.97,10.52,False
62628,Noyelles-sous-Lens,62,6659,False,1311.0,59,-5.8,851.0,1,9.16,10.79,False
62617,Nœux-les-Mines,62,11520,False,1400.0,140,-11.0,1071.0,3,8.53,11.1,False
62637,Oignies,62,10210,False,1875.0,119,9.5,,0,9.55,11.41,False
62638,Oisy-le-Verger,62,1188,False,1147.0,12,,,0,8.49,11.36,True
62666,Pont-à-Vendin,62,3136,False,1239.0,70,2.7,667.0,1,9.16,10.91,False
62684,Racquinghem,62,2214,False,1664.0,44,,,0,7.89,11.09,False
62693,Rebreuve-Ranchicourt,62,1071,False,1297.0,23,,,0,8.07,9.67,False
62706,Richebourg,62,2618,False,1555.0,45,,,0,9.68,10.93,False
62712,Rivière,62,1124,False,1552.0,10,,,0,7.61,10.46,True
62713,Robecq,62,1329,False,1172.0,13,,,0,8.59,10.08,True
62724,Rouvroy,62,8797,False,1708.0,87,-10.6,899.0,2,9.08,10.68,False
62727,Ruitz,62,1509,False,1733.0,30,,,0,9.07,11.6,False
62718,Rœux,62,1390,False,1907.0,15,,,0,8.96,10.95,False
62735,Sailly-Labourse,62,2577,False,2022.0,36,,,0,8.97,11.02,False
62736,Sailly-sur-la-Lys,62,3883,False,2213.0,76,-14.8,1964.0,1,9.76,10.48,False
62737,Sains-en-Gohelle,62,5995,False,1627.0,92,6.1,,0,8.97,11.43,False
62753,Saint-Laurent-Blangy,62,6507,False,1899.0,124,6.7,1539.0,10,10.31,12.79,False
62764,Saint-Nicolas,62,4603,False,1827.0,73,15.1,2795.0,4,9.94,12.42,False
62765,Saint-Omer,62,14661,False,1443.0,213,-12.2,1377.0,86,8.45,10.84,False
62770,Saint-Venant,62,3022,False,1265.0,46,,1500.0,3,8.38,10.16,False
62744,Sainte-Catherine,62,3594,False,2230.0,59,3.4,2713.0,2,11.33,13.46,False
62771,Sallaumines,62,9650,False,1411.0,85,15.9,1297.0,2,8.77,11.07,False
62793,Servins,62,1134,False,1607.0,12,,1258.0,1,9.25,11.6,True
62801,Souchez,62,2658,False,1877.0,50,18.3,2857.0,1,9.25,10.38,False
62810,Thélus,62,1271,False,1625.0,23,,,0,9.73,11.99,False
62817,Tilloy-lès-Mofflaines,62,1519,False,1999.0,16,,1274.0,2,8.61,11.47,False
62836,Vaudricourt,62,1104,False,1780.0,27,,,0,9.07,10.8,False
62842,Vendin-le-Vieil,62,8381,False,2015.0,122,0.5,1405.0,1,9.83,11.16,False
62841,Vendin-lès-Béthune,62,2393,False,1521.0,43,,,0,8.5,10.42,False
62846,Vermelles,62,4748,False,1739.0,73,-9.5,516.0,1,9.6,10.93,False
62847,Verquigneul,62,2016,False,1668.0,25,,1498.0,2,8.85,10.52,False
62848,Verquin,62,3459,False,1574.0,46,5.4,,0,8.57,10.52,False
62861,Vimy,62,4307,False,1868.0,91,-4.8,1500.0,2,10.07,11.82,False
62863,Violaines,62,3831,False,1910.0,55,,988.0,2,9.59,11.38,False
62865,Vitry-en-Artois,62,4787,False,1769.0,60,5.2,1189.0,2,9.28,11.41,False
62869,Wailly,62,1081,False,1629.0,16,,,0,9.5,11.7,False
62875,Wardrecques,62,1346,False,1546.0,12,,,0,7.91,10.7,True
62895,Wingles,62,8742,False,1606.0,119,1.4,1461.0,1,9.58,11.77,False
62905,Zudausques,62,1040,False,1586.0,12,,,0,8.25,10.48,True
62284,Écourt-Saint-Quentin,62,1691,False,1539.0,29,,,0,9.45,11.46,False
62291,Éleu-dit-Leauwette,62,2829,False,1595.0,54,-5.4,,0,9.15,11.31,False
62321,Évin-Malmaison,62,4674,False,1825.0,80,3.8,,0,9.18,11.59,False
