code_insee,commune,dep,PMUN,dans_MEL,actifs_occupes,navetteurs_mel_nb,navetteurs_lille_nb,part_actifs_vers_mel_pct,part_actifs_vers_lille_pct,part_actifs_travail_sur_place_pct,part_actifs_navette_hors_mel_pct
59002,Abscon,59,4203,False,1514.0,153.0,65.0,10.1,4.3,11.1,78.8
59004,Aix-en-Pévèle,59,1358,False,763.0,298.0,75.0,39.1,9.8,15.6,45.3
59005,Allennes-les-Marais,59,3567,True,1638.0,1321.0,378.0,80.7,23.1,10.7,8.6
59008,Aniche,59,9997,False,3536.0,366.0,134.0,10.4,3.8,21.8,67.8
59011,Annœullin,59,10780,True,4414.0,3442.0,878.0,78.0,19.9,19.0,3.0
59013,Anstaing,59,1601,True,807.0,715.0,107.0,88.6,13.2,13.8,-2.4
59014,Anzin,59,13422,False,4261.0,362.0,126.0,8.5,3.0,22.1,69.4
59015,Arleux,59,3151,False,1241.0,80.0,40.0,6.5,3.2,17.6,75.9
59017,Armentières,59,25581,True,9748.0,8104.0,2061.0,83.1,21.1,26.2,-9.3
59018,Arnèke,59,1561,False,606.0,69.0,20.0,11.4,3.3,26.3,62.3
59019,Artres,59,1064,False,445.0,34.0,5.0,7.6,1.1,8.4,84.0
59022,Attiches,59,2238,False,939.0,599.0,179.0,63.8,19.1,12.8,23.4
59024,Auberchicourt,59,4626,False,1697.0,170.0,55.0,10.0,3.2,13.7,76.3
59025,Aubers,59,1722,True,775.0,587.0,164.0,75.7,21.2,17.9,6.4
59026,Aubigny-au-Bac,59,1159,False,468.0,40.0,10.0,8.7,2.2,14.2,77.1
59027,Aubry-du-Hainaut,59,1726,False,643.0,98.0,57.0,15.2,8.8,10.4,74.4
59028,Auby,59,7188,False,2191.0,279.0,94.0,12.7,4.3,22.0,65.3
59029,Auchy-lez-Orchies,59,1486,False,679.0,298.0,73.0,43.8,10.8,12.3,43.9
59032,Aulnoy-lez-Valenciennes,59,7183,False,2507.0,185.0,70.0,7.4,2.8,23.0,69.6
59034,Avelin,59,2600,False,1199.0,704.0,269.0,58.8,22.5,15.8,25.4
59038,Avesnes-le-Sec,59,1447,False,656.0,35.0,25.0,5.4,3.8,14.7,79.9
59042,Bachy,59,1883,False,897.0,586.0,171.0,65.3,19.1,9.3,25.4
59043,Bailleul,59,14869,False,6366.0,2524.0,912.0,39.7,14.3,30.3,30.0
59044,Baisieux,59,5177,True,2472.0,2104.0,442.0,85.1,17.9,13.1,1.8
59052,Bauvin,59,4999,True,2081.0,1530.0,436.0,73.5,20.9,15.3,11.2
59054,Bavinchove,59,1046,False,442.0,48.0,21.0,10.8,4.8,22.9,66.3
59064,Bellaing,59,1329,False,453.0,75.0,43.0,16.6,9.5,16.5,66.9
59071,Bersée,59,2296,False,1076.0,456.0,141.0,42.4,13.1,17.5,40.1
59079,Beuvrages,59,6784,False,2113.0,140.0,60.0,6.6,2.8,11.1,82.3
59080,Beuvry-la-Forêt,59,2834,False,1344.0,549.0,133.0,40.8,9.9,10.3,48.9
59082,Bierne,59,1772,False,810.0,77.0,31.0,9.5,3.8,12.0,78.5
59084,Blaringhem,59,2043,False,898.0,65.0,35.0,7.2,3.9,18.2,74.6
59086,Boeschepe,59,2179,False,976.0,266.0,74.0,27.2,7.6,15.7,57.1
59088,Bois-Grenier,59,1793,True,796.0,665.0,140.0,83.5,17.6,14.6,1.9
59089,Bollezeele,59,1423,False,463.0,25.0,15.0,5.4,3.2,29.5,65.1
59090,Bondues,59,9713,True,3913.0,3549.0,627.0,90.7,16.0,17.8,-8.5
59094,Bourbourg,59,7023,False,2719.0,106.0,56.0,3.9,2.1,25.3,70.8
59096,Bourghelles,59,1673,False,778.0,514.0,114.0,66.1,14.7,14.0,19.9
59098,Bousbecque,59,4847,True,2135.0,1852.0,177.0,86.7,8.3,15.0,-1.7
59105,Bouvignies,59,1548,False,630.0,220.0,93.0,34.9,14.7,14.0,51.1
59112,Bruay-sur-l'Escaut,59,11309,False,3768.0,249.0,97.0,6.6,2.6,16.5,76.9
59114,Bruille-Saint-Amand,59,1682,False,723.0,139.0,79.0,19.3,11.0,11.1,69.6
59113,Bruille-lez-Marchiennes,59,1350,False,547.0,91.0,51.0,16.7,9.4,13.9,69.4
59117,Bugnicourt,59,1074,False,532.0,48.0,19.0,9.1,3.5,12.9,78.0
59122,Cambrai,59,31425,False,11050.0,408.0,236.0,3.7,2.1,53.0,43.3
59123,Camphin-en-Carembault,59,1714,False,866.0,444.0,140.0,51.2,16.2,10.9,37.9
59124,Camphin-en-Pévèle,59,2501,False,1162.0,790.0,204.0,67.9,17.6,12.7,19.4
59126,Cantin,59,1770,False,706.0,78.0,22.0,11.0,3.2,18.9,70.1
59128,Capinghem,59,2474,True,1222.0,1072.0,454.0,87.7,37.1,8.2,4.1
59129,Cappelle-en-Pévèle,59,2262,False,1155.0,542.0,136.0,46.9,11.7,15.6,37.5
59133,Carnin,59,1076,True,511.0,344.0,98.0,67.3,19.2,8.6,24.1
59135,Cassel,59,2227,False,947.0,149.0,69.0,15.7,7.3,27.5,56.8
59120,Caëstre,59,2006,False,915.0,241.0,103.0,26.4,11.2,18.1,55.5
59146,Chéreng,59,3001,True,1340.0,1149.0,236.0,85.8,17.6,14.5,-0.3
59152,Comines,59,12671,True,5341.0,4490.0,532.0,84.1,10.0,24.9,-9.0
59153,Condé-sur-l'Escaut,59,9396,False,2586.0,134.0,75.0,5.2,2.9,20.7,74.1
59155,Coudekerque-Branche,59,20765,False,8081.0,195.0,94.0,2.4,1.2,21.1,76.5
59156,Courchelettes,59,2881,False,995.0,81.0,25.0,8.1,2.5,14.1,77.8
59158,Coutiches,59,3246,False,1549.0,665.0,204.0,42.9,13.2,14.7,42.4
59163,Croix,59,20778,True,8790.0,8093.0,1634.0,92.1,18.6,15.3,-7.4
59165,Cuincy,59,6472,False,2389.0,466.0,261.0,19.5,10.9,16.2,64.3
59166,Curgies,59,1347,False,509.0,45.0,25.0,8.8,4.9,8.8,82.4
59168,Cysoing,59,4722,False,2040.0,1288.0,286.0,63.1,14.0,15.5,21.4
59170,Dechy,59,5351,False,1726.0,186.0,81.0,10.8,4.7,20.3,68.9
59172,Denain,59,20640,False,5597.0,364.0,120.0,6.5,2.1,35.2,58.3
59173,Deûlémont,59,1819,True,878.0,764.0,148.0,87.0,16.9,13.4,-0.4
59670,Don,59,1412,True,649.0,519.0,157.0,80.0,24.1,4.8,15.2
59178,Douai,59,39648,False,13386.0,1850.0,773.0,13.8,5.8,40.3,45.9
59179,Douchy-les-Mines,59,10207,False,3383.0,232.0,94.0,6.9,2.8,15.7,77.4
59183,Dunkerque,59,86788,False,30813.0,1110.0,633.0,3.6,2.1,63.1,33.3
59189,Eecke,59,1221,False,595.0,136.0,65.0,22.9,10.9,16.9,60.2
59193,Emmerin,59,3053,True,1347.0,1193.0,430.0,88.6,31.9,6.6,4.8
59196,Ennetières-en-Weppes,59,1293,True,542.0,477.0,119.0,88.0,22.0,17.4,-5.4
59197,Ennevelin,59,2356,False,1100.0,727.0,216.0,66.1,19.7,13.5,20.4
59202,Erquinghem-Lys,59,5356,True,2329.0,1794.0,468.0,77.0,20.1,12.6,10.4
59203,Erre,59,1574,False,682.0,141.0,46.0,20.7,6.7,10.4,68.9
59205,Escaudain,59,9253,False,3202.0,245.0,138.0,7.7,4.3,15.4,76.9
59207,Escautpont,59,4152,False,1150.0,75.0,40.0,6.6,3.5,15.3,78.1
59210,Esquelbecq,59,2134,False,882.0,75.0,30.0,8.5,3.4,17.1,74.4
59212,Estaires,59,6496,False,2773.0,1064.0,268.0,38.4,9.7,16.3,45.3
59214,Estrées,59,1116,False,426.0,46.0,21.0,10.8,4.8,17.2,72.0
59220,Faches-Thumesnil,59,18110,True,7573.0,6647.0,2579.0,87.8,34.1,12.9,-0.7
59221,Famars,59,2475,False,815.0,58.0,20.0,7.1,2.4,13.2,79.7
59222,Faumont,59,2251,False,1025.0,462.0,206.0,45.1,20.1,8.3,46.6
59227,Fenain,59,5529,False,1986.0,311.0,90.0,15.7,4.6,10.9,73.4
59234,Flers-en-Escrebieux,59,5642,False,2221.0,316.0,128.0,14.2,5.8,19.5,66.3
59239,Flines-lez-Raches,59,5610,False,2458.0,808.0,251.0,32.9,10.2,14.4,52.7
59238,Flines-lès-Mortagne,59,1649,False,763.0,109.0,40.0,14.2,5.2,17.5,68.3
59244,Fontaine-Notre-Dame,59,1763,False,779.0,45.0,30.0,5.7,3.8,14.0,80.3
59247,Forest-sur-Marque,59,1659,True,669.0,613.0,74.0,91.6,11.0,13.6,-5.2
59250,Fournes-en-Weppes,59,2190,True,1032.0,841.0,280.0,81.5,27.1,13.9,4.6
59252,Frelinghien,59,2581,True,1252.0,1126.0,235.0,90.0,18.7,16.7,-6.7
59253,Fresnes-sur-Escaut,59,7486,False,2357.0,159.0,80.0,6.7,3.4,19.3,74.0
59256,Fretin,59,3227,True,1531.0,1180.0,300.0,77.1,19.6,19.9,3.0
59257,Fromelles,59,1076,True,507.0,456.0,122.0,90.0,24.1,11.2,-1.2
59224,Féchain,59,1658,False,556.0,39.0,29.0,7.0,5.2,18.7,74.3
59228,Férin,59,1447,False,529.0,30.0,15.0,5.7,2.8,13.7,80.6
59258,Genech,59,2825,False,1216.0,677.0,179.0,55.7,14.7,15.8,28.5
59260,Ghyvelde,59,4119,False,1761.0,97.0,67.0,5.5,3.8,15.1,79.4
59262,Godewaersvelde,59,2053,False,949.0,221.0,121.0,23.3,12.7,17.9,58.8
59265,Gommegnies,59,2300,False,1078.0,86.0,51.0,8.0,4.8,13.2,78.8
59266,Gondecourt,59,4050,False,1903.0,1271.0,455.0,66.8,23.9,18.3,14.9
59271,Grande-Synthe,59,20331,False,5815.0,218.0,117.0,3.8,2.0,44.7,51.5
59275,Gruson,59,1237,True,582.0,497.0,96.0,85.3,16.5,11.0,3.7
59276,Guesnain,59,4656,False,1624.0,161.0,75.0,9.9,4.6,13.2,76.9
59263,Gœulzin,59,1042,False,465.0,40.0,20.0,8.6,4.2,7.7,83.7
59278,Hallennes-lez-Haubourdin,59,4718,True,2292.0,2112.0,570.0,92.1,24.9,15.1,-7.2
59279,Halluin,59,20829,True,8686.0,7149.0,760.0,82.3,8.8,19.2,-1.5
59281,Hantay,59,1259,True,551.0,461.0,146.0,83.7,26.5,11.8,4.5
59284,Hasnon,59,3874,False,1836.0,388.0,160.0,21.1,8.7,17.2,61.7
59286,Haubourdin,59,14757,True,6382.0,5720.0,1924.0,89.6,30.2,16.5,-6.1
59292,Haveluy,59,3250,False,1040.0,126.0,20.0,12.1,1.9,10.1,77.8
59293,Haverskerque,59,1401,False,537.0,70.0,25.0,13.1,4.7,21.2,65.7
59295,Hazebrouck,59,21498,False,8458.0,1609.0,787.0,19.0,9.3,41.5,39.5
59299,Hem,59,18713,True,7129.0,6440.0,1006.0,90.3,14.1,16.5,-6.8
59301,Hergnies,59,4463,False,1808.0,200.0,54.0,11.1,3.0,14.7,74.2
59303,Herlies,59,2323,True,973.0,761.0,165.0,78.2,16.9,13.2,8.6
59305,Herzeele,59,1634,False,796.0,60.0,30.0,7.6,3.8,26.1,66.3
59309,Hondschoote,59,4026,False,1556.0,84.0,44.0,5.4,2.8,22.2,72.4
59314,Hornaing,59,3535,False,1437.0,216.0,71.0,15.0,4.9,14.9,70.1
59316,Houplin-Ancoisne,59,3275,True,1523.0,1337.0,436.0,87.8,28.7,9.2,3.0
59317,Houplines,59,7897,True,3371.0,2904.0,685.0,86.2,20.3,14.6,-0.8
59297,Hélesmes,59,1921,False,863.0,120.0,15.0,13.9,1.7,7.5,78.6
59302,Hérin,59,4129,False,1622.0,129.0,74.0,7.9,4.6,9.8,82.3
59320,Illies,59,1664,True,855.0,681.0,180.0,79.6,21.1,15.5,4.9
59051,La Bassée,59,6622,True,2809.0,1901.0,553.0,67.7,19.7,16.6,15.7
59143,La Chapelle-d'Armentières,59,8719,True,3720.0,3134.0,723.0,84.3,19.4,16.9,-1.2
59268,La Gorgue,59,5599,False,2460.0,910.0,249.0,37.0,10.1,19.0,44.0
59368,La Madeleine,59,22488,True,10492.0,9254.0,3026.0,88.2,28.8,17.8,-6.0
59564,La Sentinelle,59,3143,False,1038.0,121.0,51.0,11.6,4.9,13.5,74.9
59327,Lallaing,59,6250,False,2047.0,305.0,115.0,14.9,5.6,18.5,66.6
59328,Lambersart,59,27121,True,12069.0,10750.0,4210.0,89.1,34.9,17.4,-6.5
59329,Lambres-lez-Douai,59,4926,False,1871.0,173.0,99.0,9.3,5.3,18.0,72.7
59330,Landas,59,2447,False,1087.0,418.0,104.0,38.5,9.6,19.5,42.0
59332,Lannoy,59,1800,True,776.0,741.0,80.0,95.5,10.4,10.4,-5.9
59334,Lauwin-Planque,59,1582,False,593.0,72.0,43.0,12.2,7.3,13.9,73.9
59180,Le Doulieu,59,1454,False,722.0,253.0,65.0,35.1,9.0,19.2,45.7
59335,Lecelles,59,3004,False,1240.0,247.0,126.0,19.9,10.2,14.4,65.7
59339,Leers,59,9588,True,3881.0,3405.0,390.0,87.7,10.0,17.4,-5.1
59340,Leffrinckoucke,59,4124,False,1582.0,81.0,66.0,5.1,4.2,16.0,78.9
59343,Lesquin,59,9241,True,4363.0,3750.0,982.0,86.0,22.5,19.2,-5.2
59345,Lewarde,59,2403,False,815.0,74.0,44.0,9.1,5.4,16.8,74.1
59346,Lezennes,59,3019,True,1350.0,1251.0,422.0,92.6,31.2,14.6,-7.2
59348,Lieu-Saint-Amand,59,1461,False,621.0,50.0,25.0,8.0,4.0,14.4,77.6
59350,Lille,59,236710,True,100190.0,87689.0,54509.0,87.5,54.4,54.4,-41.9
59352,Linselles,59,8192,True,3550.0,3226.0,476.0,90.9,13.4,16.7,-7.6
59356,Lompret,59,2182,True,945.0,820.0,305.0,86.8,32.3,11.1,2.1
59360,Loos,59,23013,True,9374.0,8571.0,3396.0,91.4,36.2,19.6,-11.0
59361,Lourches,59,3814,False,1127.0,60.0,21.0,5.3,1.8,15.8,78.9
59367,Lys-lez-Lannoy,59,13793,True,5784.0,5162.0,600.0,89.3,10.4,12.6,-1.9
59369,Maing,59,4004,False,1695.0,146.0,55.0,8.6,3.3,8.3,83.1
59375,Marchiennes,59,4539,False,1878.0,665.0,198.0,35.4,10.5,14.5,50.1
59378,Marcq-en-Barœul,59,39356,True,17464.0,15592.0,4301.0,89.3,24.6,23.6,-12.9
59382,Maretz,59,1417,False,548.0,30.0,5.0,5.5,0.9,20.8,73.7
59383,Marly,59,12024,False,4317.0,390.0,178.0,9.0,4.1,16.4,74.6
59387,Marquette-en-Ostrevant,59,1931,False,732.0,66.0,15.0,9.0,2.1,16.6,74.4
59386,Marquette-lez-Lille,59,11213,True,5119.0,4700.0,1218.0,91.8,23.8,12.5,-4.3
59388,Marquillies,59,1982,True,892.0,715.0,232.0,80.1,26.0,9.0,10.9
59390,Masny,59,4056,False,1317.0,123.0,46.0,9.4,3.5,15.0,75.6
59392,Maubeuge,59,29066,False,7885.0,162.0,94.0,2.1,1.2,48.1,49.8
59399,Merris,59,1049,False,473.0,158.0,89.0,33.4,18.9,18.0,48.6
59400,Merville,59,9652,False,3618.0,915.0,281.0,25.3,7.8,26.8,47.9
59408,Moncheaux,59,1703,False,900.0,364.0,95.0,40.4,10.5,10.7,48.9
59409,Monchecourt,59,2501,False,936.0,70.0,30.0,7.4,3.2,12.9,79.7
59410,Mons-en-Barœul,59,21467,True,8340.0,7501.0,2507.0,89.9,30.1,14.9,-4.8
59411,Mons-en-Pévèle,59,2089,False,934.0,326.0,80.0,34.9,8.6,21.0,44.1
59414,Montigny-en-Ostrevent,59,4681,False,1718.0,208.0,83.0,12.1,4.9,17.4,70.5
59416,Morbecque,59,2509,False,1032.0,122.0,58.0,11.8,5.7,18.5,69.7
59418,Mortagne-du-Nord,59,1584,False,625.0,68.0,20.0,10.9,3.1,19.1,70.0
59419,Mouchin,59,1441,False,661.0,311.0,62.0,47.0,9.4,14.5,38.5
59421,Mouvaux,59,13173,True,5449.0,4969.0,902.0,91.2,16.6,17.5,-8.7
59398,Mérignies,59,3360,False,1692.0,955.0,303.0,56.4,17.9,11.6,32.0
59401,Méteren,59,2256,False,1025.0,321.0,125.0,31.3,12.2,14.3,54.4
59423,Neuf-Berquin,59,1403,False,615.0,248.0,76.0,40.4,12.3,8.7,50.9
59426,Neuville-en-Ferrain,59,10160,True,4461.0,3824.0,491.0,85.7,11.0,15.1,-0.8
59431,Nieppe,59,7606,False,3194.0,2078.0,571.0,65.1,17.9,16.7,18.2
59434,Nivelle,59,1379,False,607.0,103.0,31.0,17.0,5.1,16.2,66.8
59435,Nomain,59,2585,False,1199.0,580.0,195.0,48.3,16.3,12.8,38.9
59447,Onnaing,59,8719,False,2838.0,166.0,87.0,5.9,3.1,25.2,68.9
59449,Orchies,59,8455,False,3696.0,1441.0,557.0,39.0,15.1,24.1,36.9
59452,Ostricourt,59,5829,False,2125.0,912.0,272.0,42.9,12.8,10.7,46.4
59456,Pecquencourt,59,6232,False,1973.0,265.0,106.0,13.4,5.4,14.4,72.2
59459,Petite-Forêt,59,5058,False,1956.0,222.0,62.0,11.3,3.2,20.3,68.4
59462,Phalempin,59,4849,False,2231.0,1271.0,417.0,57.0,18.7,15.4,27.6
59466,Pont-à-Marcq,59,2883,False,1439.0,814.0,248.0,56.6,17.2,16.5,26.9
59475,Prouvy,59,2173,False,793.0,60.0,20.0,7.5,2.5,19.4,73.1
59477,Provin,59,4469,True,2173.0,1522.0,410.0,70.0,18.9,8.8,21.2
59470,Prémesques,59,2060,True,908.0,790.0,250.0,87.0,27.5,10.5,2.5
59471,Préseau,59,2065,False,927.0,50.0,15.0,5.4,1.6,18.2,76.4
59457,Pérenchies,59,8519,True,3801.0,3493.0,1105.0,91.9,29.1,15.3,-7.2
59458,Péronne-en-Mélantois,59,1004,True,451.0,374.0,77.0,83.0,17.1,9.8,7.2
59479,Quarouble,59,3131,False,1161.0,70.0,40.0,6.0,3.4,10.3,83.7
59482,Quesnoy-sur-Deûle,59,6920,True,3054.0,2805.0,558.0,91.8,18.3,16.5,-8.3
59485,Quiévy,59,1801,False,778.0,45.0,15.0,5.8,1.9,11.0,83.2
59487,Radinghem-en-Weppes,59,1393,True,601.0,531.0,184.0,88.4,30.5,9.9,1.7
59489,Raimbeaucourt,59,4015,False,1559.0,351.0,105.0,22.5,6.8,13.8,63.7
59491,Raismes,59,12055,False,3855.0,344.0,97.0,8.9,2.5,16.6,74.5
59497,Renescure,59,2128,False,957.0,90.0,50.0,9.4,5.2,20.4,70.2
59499,Rexpoëde,59,1992,False,951.0,68.0,44.0,7.2,4.7,12.4,80.4
59501,Rieulay,59,1243,False,459.0,91.0,29.0,19.9,6.3,15.8,64.3
59502,Rieux-en-Cambrésis,59,1438,False,484.0,35.0,5.0,7.3,1.0,14.6,78.1
59507,Ronchin,59,19437,True,7872.0,6949.0,2464.0,88.3,31.3,14.7,-3.0
59508,Roncq,59,13784,True,6156.0,5572.0,776.0,90.5,12.6,17.8,-8.3
59509,Roost-Warendin,59,5976,False,2264.0,422.0,154.0,18.7,6.8,14.7,66.6
59511,Rosult,59,1973,False,912.0,260.0,118.0,28.5,12.9,15.6,55.9
59512,Roubaix,59,98892,True,27273.0,24551.0,3857.0,90.0,14.1,36.7,-26.7
59519,Rumegies,59,1740,False,861.0,277.0,112.0,32.2,13.0,10.4,57.4
59486,Râches,59,2660,False,1091.0,205.0,110.0,18.8,10.1,18.4,62.8
59504,Rœulx,59,3779,False,1154.0,85.0,40.0,7.3,3.4,10.8,81.9
59522,Sailly-lez-Lannoy,59,1949,True,901.0,851.0,117.0,94.5,13.0,6.2,-0.7
59523,Sainghin-en-Mélantois,59,2848,True,1308.0,1150.0,290.0,87.9,22.2,16.8,-4.7
59524,Sainghin-en-Weppes,59,5641,True,2560.0,2195.0,768.0,85.7,30.0,14.5,-0.2
59526,Saint-Amand-les-Eaux,59,15980,False,6345.0,1147.0,485.0,18.1,7.6,35.3,46.6
59527,Saint-André-lez-Lille,59,12942,True,6299.0,5670.0,1904.0,90.0,30.2,16.4,-6.4
59535,Saint-Jans-Cappel,59,1642,False,692.0,268.0,108.0,38.7,15.6,12.7,48.6
59544,Saint-Saulve,59,11117,False,4350.0,347.0,153.0,8.0,3.5,20.5,71.5
59546,Saint-Sylvestre-Cappel,59,1154,False,441.0,75.0,45.0,17.1,10.2,17.0,65.9
59550,Salomé,59,3051,True,1400.0,972.0,246.0,69.4,17.6,11.7,18.9
59551,Saméon,59,1738,False,722.0,241.0,98.0,33.4,13.5,11.4,55.2
59553,Santes,59,5660,True,2508.0,2163.0,666.0,86.3,26.6,15.0,-1.3
59557,Saultain,59,2553,False,1154.0,94.0,21.0,8.2,1.8,4.8,87.0
59559,Sebourg,59,1977,False,822.0,50.0,15.0,6.1,1.9,12.8,81.1
59560,Seclin,59,12834,True,5456.0,4504.0,1106.0,82.6,20.3,29.4,-12.0
59566,Sequedin,59,4762,True,1833.0,1677.0,682.0,91.5,37.2,12.0,-3.5
59569,Sin-le-Noble,59,15603,False,5312.0,648.0,273.0,12.2,5.1,20.7,67.1
59574,Somain,59,11790,False,4098.0,615.0,238.0,15.0,5.8,26.2,58.8
59578,Steenbecque,59,1650,False,751.0,80.0,40.0,10.6,5.3,19.2,70.2
59580,Steenvoorde,59,4324,False,1853.0,358.0,125.0,19.3,6.8,25.1,55.6
59581,Steenwerck,59,3540,False,1660.0,789.0,259.0,47.5,15.6,22.4,30.1
59585,Templemars,59,3635,True,1682.0,1486.0,547.0,88.4,32.5,14.4,-2.8
59586,Templeuve-en-Pévèle,59,6705,False,2964.0,1744.0,566.0,58.8,19.1,15.8,25.4
59592,Thumeries,59,4029,False,1868.0,922.0,294.0,49.4,15.8,15.0,35.6
59594,Thun-Saint-Amand,59,1110,False,499.0,80.0,25.0,16.1,4.9,13.2,70.7
59598,Toufflers,59,3910,True,1672.0,1517.0,231.0,90.7,13.8,11.1,-1.8
59599,Tourcoing,59,99011,True,37242.0,32793.0,4427.0,88.1,11.9,29.4,-17.5
59602,Tressin,59,1395,True,648.0,608.0,160.0,93.8,24.8,7.8,-1.6
59603,Trith-Saint-Léger,59,6124,False,2401.0,170.0,59.0,7.1,2.5,21.9,71.0
59588,Téteghem-Coudekerque-Village,59,8384,False,3380.0,151.0,65.0,4.5,1.9,13.2,82.3
59606,Valenciennes,59,42991,False,16244.0,1459.0,738.0,9.0,4.5,43.9,47.1
59609,Vendeville,59,1546,True,778.0,677.0,197.0,87.0,25.3,6.1,6.9
59610,Verchain-Maugré,59,1102,False,455.0,36.0,16.0,8.0,3.4,13.9,78.1
59611,Verlinghem,59,2673,True,1195.0,1074.0,283.0,89.9,23.7,13.4,-3.3
59615,Vieux-Berquin,59,2649,False,1199.0,417.0,152.0,34.7,12.7,18.9,46.4
59616,Vieux-Condé,59,10446,False,3514.0,223.0,117.0,6.3,3.3,20.7,73.0
59009,Villeneuve-d'Ascq,59,62067,True,23605.0,21184.0,4545.0,89.7,19.3,37.7,-27.4
59622,Villers-en-Cauchies,59,1161,False,423.0,29.0,4.0,6.8,1.1,11.3,81.9
59629,Vred,59,1311,False,605.0,145.0,35.0,23.9,5.8,12.4,63.7
59630,Wahagnies,59,2605,False,1128.0,555.0,159.0,49.2,14.1,13.3,37.5
59632,Wallers,59,5598,False,1966.0,240.0,100.0,12.2,5.1,18.9,68.9
59636,Wambrechies,59,10798,True,4916.0,4548.0,986.0,92.5,20.1,20.3,-12.8
59637,Wandignies-Hamage,59,1318,False,667.0,168.0,51.0,25.1,7.6,11.5,63.4
59638,Wannehain,59,1331,False,621.0,392.0,100.0,63.0,16.1,11.2,25.8
59639,Wargnies-le-Grand,59,1101,False,516.0,48.0,38.0,9.4,7.5,16.1,74.5
59641,Warhem,59,2022,False,979.0,60.0,35.0,6.2,3.6,12.3,81.5
59646,Wasquehal,59,20836,True,9494.0,8684.0,1777.0,91.5,18.7,19.0,-10.5
59647,Watten,59,2577,False,930.0,50.0,35.0,5.3,3.7,20.9,73.8
59648,Wattignies,59,15531,True,6275.0,5544.0,2157.0,88.3,34.4,14.1,-2.4
59650,Wattrelos,59,40836,True,15837.0,13237.0,1335.0,83.6,8.4,21.8,-5.4
59651,Wavrechain-sous-Denain,59,1616,False,580.0,50.0,15.0,8.6,2.6,13.8,77.6
59653,Wavrin,59,7773,True,3485.0,2994.0,904.0,85.9,25.9,15.0,-0.9
59654,Waziers,59,7354,False,2181.0,278.0,139.0,12.7,6.4,15.8,71.5
59656,Wervicq-Sud,59,5299,True,2218.0,1910.0,184.0,86.1,8.3,13.9,-0.0
59660,Willems,59,2996,True,1229.0,1093.0,131.0,88.9,10.7,19.7,-8.6
59662,Winnezeele,59,1300,False,588.0,85.0,24.0,14.4,4.1,19.9,65.7
59663,Wormhout,59,5705,False,2227.0,131.0,56.0,5.9,2.5,29.8,64.3
59185,Écaillon,59,1910,False,686.0,64.0,44.0,9.3,6.5,8.8,81.9
62004,Achicourt,62,7938,False,3099.0,171.0,96.0,5.5,3.1,13.5,81.0
62013,Agny,62,1879,False,747.0,40.0,20.0,5.3,2.7,5.9,88.8
62014,Aire-sur-la-Lys,62,9585,False,3370.0,165.0,60.0,4.9,1.8,41.5,53.6
62019,Aix-Noulette,62,3913,False,1487.0,94.0,25.0,6.3,1.7,13.6,80.1
62032,Angres,62,4842,False,1793.0,95.0,53.0,5.3,2.9,16.9,77.8
62033,Annay,62,4517,False,1630.0,393.0,78.0,24.1,4.8,11.5,64.4
62034,Annequin,62,2145,False,882.0,175.0,55.0,19.9,6.2,19.3,60.8
62035,Annezin,62,5813,False,2334.0,208.0,79.0,8.9,3.4,13.7,77.4
62037,Anzin-Saint-Aubin,62,2806,False,1201.0,74.0,40.0,6.2,3.3,9.1,84.7
62040,Arques,62,9655,False,3560.0,123.0,55.0,3.5,1.6,39.8,56.7
62041,Arras,62,42600,False,16139.0,1219.0,682.0,7.6,4.2,49.5,42.9
62042,Athies,62,1059,False,555.0,61.0,25.0,10.9,4.6,10.9,78.2
62048,Auchel,62,10062,False,3028.0,183.0,55.0,6.0,1.8,22.6,71.4
62051,Auchy-les-Mines,62,4623,False,1781.0,611.0,189.0,34.3,10.6,15.9,49.8
62065,Avion,62,17672,False,5933.0,617.0,257.0,10.4,4.3,22.3,67.3
62073,Bailleul-Sir-Berthoult,62,1430,False,655.0,65.0,20.0,9.9,3.1,6.9,83.2
62083,Barlin,62,7366,False,2541.0,185.0,78.0,7.3,3.1,17.0,75.7
62099,Beaurains,62,5515,False,2324.0,124.0,80.0,5.4,3.4,14.2,80.4
62471,Bellinghem,62,1087,False,447.0,25.0,10.0,5.7,2.3,8.0,86.3
62126,Beuvry,62,9111,False,3348.0,453.0,173.0,13.5,5.2,17.6,68.9
62128,Biache-Saint-Vaast,62,4481,False,1968.0,147.0,51.0,7.5,2.6,18.3,74.2
62132,Billy-Berclau,62,5059,False,2247.0,870.0,287.0,38.7,12.8,12.2,49.1
62133,Billy-Montigny,62,8117,False,2918.0,459.0,128.0,15.7,4.4,14.0,70.3
62160,Boulogne-sur-Mer,62,40910,False,14183.0,173.0,106.0,1.2,0.7,56.7,42.1
62164,Bourlon,62,1140,False,508.0,29.0,24.0,5.7,4.7,20.2,74.1
62170,Bouvigny-Boyeffles,62,2371,False,1014.0,114.0,40.0,11.2,4.0,14.5,74.3
62173,Brebières,62,5169,False,2316.0,188.0,69.0,8.1,3.0,14.5,77.4
62178,Bruay-la-Buissière,62,21827,False,7163.0,362.0,149.0,5.1,2.1,33.0,61.9
62181,Bucquoy,62,1480,False,658.0,35.0,15.0,5.3,2.3,14.3,80.4
62186,Bully-les-Mines,62,12221,False,4405.0,332.0,120.0,7.5,2.7,19.0,73.5
62188,Burbure,62,2819,False,1162.0,71.0,5.0,6.1,0.4,13.2,80.7
62190,Busnes,62,1245,False,529.0,30.0,20.0,5.7,3.8,12.4,81.9
62119,Béthune,62,24992,False,9131.0,1163.0,552.0,12.7,6.0,37.3,50.0
62193,Calais,62,67380,False,22621.0,530.0,315.0,2.3,1.4,66.6,31.1
62194,Calonne-Ricouart,62,5463,False,1777.0,97.0,51.0,5.4,2.9,18.7,75.9
62195,Calonne-sur-la-Lys,62,1560,False,685.0,113.0,44.0,16.5,6.5,18.5,65.0
62200,Cambrin,62,1228,False,566.0,148.0,61.0,26.1,10.8,16.2,57.7
62215,Carvin,62,17852,False,6965.0,2708.0,732.0,38.9,10.5,22.6,38.5
62224,Chocques,62,2824,False,1152.0,120.0,65.0,10.4,5.6,11.4,78.2
62240,Corbehem,62,2266,False,845.0,89.0,39.0,10.6,4.7,8.2,81.2
62249,Courcelles-lès-Lens,62,8213,False,2806.0,644.0,247.0,23.0,8.8,13.2,63.8
62250,Courrières,62,10199,False,3750.0,919.0,334.0,24.5,8.9,18.1,57.4
62262,Cuinchy,62,1754,False,720.0,224.0,95.0,31.1,13.2,7.5,61.4
62263,Dainville,62,5703,False,2164.0,150.0,75.0,6.9,3.5,15.4,77.7
62274,Dourges,62,5997,False,2500.0,579.0,218.0,23.1,8.7,15.6,61.3
62276,Douvrin,62,5795,False,2543.0,1048.0,373.0,41.2,14.7,18.8,40.0
62277,Drocourt,62,2943,False,1203.0,197.0,91.0,16.4,7.5,8.8,74.8
62279,Duisans,62,1383,False,629.0,51.0,20.0,8.1,3.2,11.3,80.6
62310,Essars,62,1755,False,760.0,108.0,44.0,14.3,5.8,6.6,79.1
62311,Estevelles,62,2024,False,849.0,298.0,79.0,35.1,9.3,9.4,55.5
62323,Fampoux,62,1219,False,559.0,46.0,21.0,8.3,3.7,11.9,79.8
62330,Festubert,62,1266,False,582.0,164.0,38.0,28.2,6.6,17.7,54.1
62331,Feuchy,62,1015,False,485.0,61.0,20.0,12.5,4.2,13.6,73.9
62338,Fleurbaix,62,2862,False,1286.0,781.0,313.0,60.7,24.3,16.8,22.5
62349,Fouquereuil,62,1632,False,738.0,61.0,10.0,8.2,1.4,5.5,86.3
62350,Fouquières-lès-Béthune,62,1115,False,401.0,29.0,15.0,7.3,3.7,6.7,86.0
62351,Fouquières-lès-Lens,62,6233,False,2180.0,334.0,121.0,15.3,5.6,13.1,71.6
62371,Givenchy-en-Gohelle,62,2026,False,887.0,87.0,29.0,9.8,3.3,10.3,79.9
62373,Givenchy-lès-la-Bassée,62,1006,False,418.0,147.0,46.0,35.2,10.9,8.3,56.5
62376,Gonnehem,62,2507,False,1044.0,125.0,45.0,12.0,4.3,8.6,79.4
62383,Gouy-sous-Bellonne,62,1396,False,579.0,92.0,51.0,15.8,8.8,6.3,77.9
62386,Grenay,62,6704,False,2167.0,174.0,55.0,8.0,2.5,16.3,75.7
62391,Guarbecque,62,1369,False,484.0,50.0,26.0,10.3,5.3,5.1,84.6
62400,Haillicourt,62,4884,False,1582.0,117.0,50.0,7.4,3.2,13.5,79.1
62401,Haisnes,62,4427,False,1737.0,707.0,260.0,40.7,15.0,10.7,48.6
62412,Hardinghen,62,1219,False,492.0,40.0,20.0,8.1,4.1,17.9,74.0
62413,Harnes,62,12317,False,4357.0,717.0,242.0,16.5,5.6,18.8,64.7
62443,Hersin-Coupigny,62,6147,False,2319.0,210.0,80.0,9.1,3.4,16.3,74.6
62452,Heuringhem,62,1379,False,605.0,31.0,10.0,5.1,1.7,10.2,84.7
62454,Hinges,62,2417,False,1091.0,136.0,36.0,12.4,3.3,10.4,77.2
62457,Houdain,62,7030,False,2331.0,119.0,55.0,5.1,2.4,18.1,76.8
62464,Hulluch,62,3367,False,1349.0,313.0,104.0,23.2,7.7,11.4,65.4
62427,Hénin-Beaumont,62,26035,False,9710.0,2026.0,723.0,20.9,7.4,27.2,51.9
62476,Izel-lès-Équerchin,62,1058,False,458.0,41.0,21.0,8.9,4.5,7.9,83.2
62252,La Couture,62,2616,False,1140.0,320.0,96.0,28.1,8.4,20.1,51.8
62479,Labeuvrière,62,1654,False,703.0,85.0,45.0,12.1,6.4,9.4,78.5
62480,Labourse,62,2894,False,1270.0,165.0,49.0,13.0,3.9,13.2,73.8
62489,Lapugnoy,62,3518,False,1447.0,91.0,46.0,6.3,3.1,16.5,77.2
62491,Laventie,62,4969,False,1994.0,998.0,289.0,50.0,14.5,17.8,32.2
62497,Leforest,62,7179,False,2706.0,657.0,211.0,24.3,7.8,16.6,59.1
62498,Lens,62,32618,False,10349.0,1145.0,504.0,11.1,4.9,34.6,54.3
62502,Lestrem,62,5073,False,2281.0,624.0,219.0,27.4,9.6,23.6,49.0
62907,Libercourt,62,8138,False,2621.0,1103.0,283.0,42.1,10.8,17.1,40.8
62516,Lillers,62,9988,False,3603.0,183.0,82.0,5.1,2.3,27.4,67.5
62510,Liévin,62,30149,False,9885.0,833.0,285.0,8.4,2.9,30.7,60.9
62520,Locon,62,2342,False,1075.0,234.0,94.0,21.7,8.8,11.5,66.8
62523,Loison-sous-Lens,62,5255,False,1868.0,247.0,111.0,13.2,5.9,14.3,72.5
62525,Longuenesse,62,10568,False,3137.0,138.0,73.0,4.4,2.3,25.6,70.0
62528,Loos-en-Gohelle,62,6896,False,2530.0,327.0,131.0,12.9,5.2,15.1,72.0
62529,Lorgies,62,1609,False,824.0,377.0,119.0,45.8,14.5,14.8,39.4
62540,Maisnil-lès-Ruitz,62,1691,False,776.0,77.0,15.0,9.9,1.9,10.5,79.6
62543,Mametz,62,1998,False,753.0,45.0,20.0,5.9,2.7,10.8,83.3
62557,Marœuil,62,2441,False,1071.0,76.0,40.0,7.1,3.8,10.8,82.1
62563,Mazingarbe,62,8068,False,2873.0,286.0,65.0,9.9,2.3,12.6,77.5
62573,Meurchin,62,3717,False,1557.0,566.0,175.0,36.4,11.3,10.6,53.0
62584,Mont-Bernanchon,62,1316,False,566.0,44.0,15.0,7.8,2.6,10.4,81.8
62587,Montigny-en-Gohelle,62,9870,False,3109.0,660.0,238.0,21.2,7.7,13.4,65.4
62570,Méricourt,62,11431,False,3733.0,399.0,136.0,10.7,3.7,16.3,73.0
62606,Neuve-Chapelle,62,1419,False,727.0,348.0,138.0,47.9,19.0,9.8,42.3
62609,Neuville-Saint-Vaast,62,1603,False,674.0,49.0,20.0,7.3,2.9,13.9,78.8
62620,Norrent-Fontes,62,1362,False,520.0,34.0,10.0,6.6,1.8,12.7,80.7
62624,Noyelles-Godault,62,5906,False,2207.0,400.0,177.0,18.1,8.0,13.0,68.9
62626,Noyelles-lès-Vermelles,62,2294,False,801.0,146.0,50.0,18.3,6.3,11.3,70.4
62628,Noyelles-sous-Lens,62,6659,False,2309.0,244.0,78.0,10.5,3.4,16.2,73.3
62617,Nœux-les-Mines,62,11520,False,3982.0,276.0,84.0,6.9,2.1,22.7,70.4
62637,Oignies,62,10210,False,3466.0,1094.0,351.0,31.6,10.1,16.4,52.0
62638,Oisy-le-Verger,62,1188,False,525.0,30.0,10.0,5.6,1.9,12.1,82.3
62666,Pont-à-Vendin,62,3136,False,1382.0,401.0,113.0,29.0,8.2,12.5,58.5
62684,Racquinghem,62,2214,False,1000.0,93.0,74.0,9.3,7.4,11.1,79.6
62693,Rebreuve-Ranchicourt,62,1071,False,513.0,40.0,20.0,7.8,3.9,15.5,76.7
62706,Richebourg,62,2618,False,1139.0,524.0,144.0,46.0,12.6,13.6,40.4
62712,Rivière,62,1124,False,464.0,31.0,21.0,6.7,4.4,12.2,81.1
62713,Robecq,62,1329,False,549.0,73.0,20.0,13.3,3.6,12.6,74.1
62724,Rouvroy,62,8797,False,3161.0,397.0,108.0,12.6,3.4,18.1,69.3
62727,Ruitz,62,1509,False,660.0,60.0,25.0,9.0,3.8,18.0,73.0
62718,Rœux,62,1390,False,626.0,100.0,15.0,16.0,2.3,12.0,72.0
62735,Sailly-Labourse,62,2577,False,1054.0,132.0,50.0,12.5,4.7,18.2,69.3
62736,Sailly-sur-la-Lys,62,3883,False,1613.0,938.0,245.0,58.2,15.2,13.8,28.0
62737,Sains-en-Gohelle,62,5995,False,2324.0,193.0,44.0,8.3,1.9,13.6,78.1
62753,Saint-Laurent-Blangy,62,6507,False,2821.0,157.0,71.0,5.6,2.5,20.7,73.7
62764,Saint-Nicolas,62,4603,False,1734.0,108.0,46.0,6.2,2.6,11.6,82.2
62765,Saint-Omer,62,14661,False,5416.0,237.0,126.0,4.4,2.3,34.9,60.7
62770,Saint-Venant,62,3022,False,1061.0,111.0,25.0,10.5,2.4,27.9,61.6
62744,Sainte-Catherine,62,3594,False,1404.0,127.0,53.0,9.1,3.7,9.9,81.0
62771,Sallaumines,62,9650,False,2635.0,383.0,161.0,14.5,6.1,17.0,68.5
62793,Servins,62,1134,False,541.0,75.0,20.0,13.9,3.7,15.8,70.3
62801,Souchez,62,2658,False,1154.0,96.0,40.0,8.3,3.5,14.0,77.7
62810,Thélus,62,1271,False,631.0,69.0,20.0,10.9,3.1,11.7,77.4
62817,Tilloy-lès-Mofflaines,62,1519,False,631.0,34.0,19.0,5.4,3.1,15.9,78.7
62836,Vaudricourt,62,1104,False,494.0,34.0,14.0,6.8,2.9,9.6,83.6
62842,Vendin-le-Vieil,62,8381,False,3270.0,647.0,246.0,19.8,7.5,22.6,57.6
62841,Vendin-lès-Béthune,62,2393,False,907.0,78.0,29.0,8.6,3.2,15.0,76.4
62846,Vermelles,62,4748,False,1964.0,355.0,115.0,18.1,5.9,16.5,65.4
62847,Verquigneul,62,2016,False,835.0,109.0,40.0,13.0,4.7,16.6,70.4
62848,Verquin,62,3459,False,1376.0,114.0,50.0,8.3,3.6,11.6,80.1
62861,Vimy,62,4307,False,1828.0,146.0,60.0,8.0,3.3,18.3,73.7
62863,Violaines,62,3831,False,1783.0,802.0,261.0,45.0,14.6,12.3,42.7
62865,Vitry-en-Artois,62,4787,False,2009.0,183.0,74.0,9.1,3.7,22.1,68.8
62869,Wailly,62,1081,False,446.0,35.0,20.0,7.8,4.4,6.6,85.6
62875,Wardrecques,62,1346,False,556.0,30.0,25.0,5.4,4.4,17.4,77.2
62895,Wingles,62,8742,False,3345.0,920.0,235.0,27.5,7.0,19.9,52.6
62905,Zudausques,62,1040,False,514.0,27.0,16.0,5.2,3.1,18.6,76.2
62284,Écourt-Saint-Quentin,62,1691,False,636.0,45.0,20.0,7.0,3.1,14.8,78.2
62291,Éleu-dit-Leauwette,62,2829,False,1033.0,164.0,70.0,15.9,6.8,6.2,77.9
62321,Évin-Malmaison,62,4674,False,1739.0,494.0,170.0,28.4,9.8,12.7,58.9
