code_insee,commune,dep,PMUN,dans_MEL,rga_pct_faible,rga_pct_moyen,rga_pct_fort,rga_pct_moyen_fort,rga_alea_dominant
59002,Abscon,59,4203,False,42.2,0.0,53.9,53.9,fort
59004,Aix-en-Pévèle,59,1358,False,40.8,0.0,35.6,35.6,faible
59005,Allennes-les-Marais,59,3567,True,78.4,0.0,0.0,0.0,faible
59008,Aniche,59,9997,False,10.5,0.0,83.7,83.7,fort
59011,Annœullin,59,10780,True,95.9,0.0,0.0,0.0,faible
59013,Anstaing,59,1601,True,100.0,0.0,0.0,0.0,faible
59014,Anzin,59,13422,False,96.4,0.0,0.0,0.0,faible
59015,Arleux,59,3151,False,67.1,0.0,11.7,11.7,faible
59017,Armentières,59,25581,True,55.5,29.4,14.5,43.9,faible
59018,Arnèke,59,1561,False,4.1,78.0,16.5,94.5,moyen
59019,Artres,59,1064,False,98.2,0.0,0.0,0.0,faible
59022,Attiches,59,2238,False,1.2,0.0,45.0,45.0,nul
59024,Auberchicourt,59,4626,False,61.5,0.0,25.8,25.8,faible
59025,Aubers,59,1722,True,0.0,97.5,2.5,100.0,moyen
59026,Aubigny-au-Bac,59,1159,False,49.3,0.0,0.5,0.5,nul
59027,Aubry-du-Hainaut,59,1726,False,98.1,0.0,0.0,0.0,faible
59028,Auby,59,7188,False,74.9,0.0,20.8,20.8,faible
59029,Auchy-lez-Orchies,59,1486,False,1.3,0.0,30.7,30.7,nul
59032,Aulnoy-lez-Valenciennes,59,7183,False,95.5,0.0,0.0,0.0,faible
59034,Avelin,59,2600,False,31.1,0.0,22.9,22.9,nul
59038,Avesnes-le-Sec,59,1447,False,84.5,0.0,0.0,0.0,faible
59042,Bachy,59,1883,False,10.7,0.0,30.3,30.3,nul
59043,Bailleul,59,14869,False,4.5,91.9,2.7,94.6,moyen
59044,Baisieux,59,5177,True,68.3,3.9,21.3,25.2,faible
59052,Bauvin,59,4999,True,75.1,0.0,0.0,0.0,faible
59054,Bavinchove,59,1046,False,4.3,54.0,41.3,95.3,moyen
59064,Bellaing,59,1329,False,99.3,0.0,0.0,0.0,faible
59071,Bersée,59,2296,False,4.5,0.0,48.1,48.1,fort
59079,Beuvrages,59,6784,False,100.0,0.0,0.0,0.0,faible
59080,Beuvry-la-Forêt,59,2834,False,77.4,0.0,2.7,2.7,faible
59082,Bierne,59,1772,False,0.0,100.0,0.0,100.0,moyen
59084,Blaringhem,59,2043,False,28.5,37.8,21.9,59.7,moyen
59086,Boeschepe,59,2179,False,8.9,21.1,53.3,74.4,fort
59088,Bois-Grenier,59,1793,True,0.0,100.0,0.0,100.0,moyen
59089,Bollezeele,59,1423,False,5.5,60.6,30.1,90.7,moyen
59090,Bondues,59,9713,True,2.0,97.9,0.1,98.0,moyen
59094,Bourbourg,59,7023,False,0.0,100.0,0.0,100.0,moyen
59096,Bourghelles,59,1673,False,73.0,0.0,7.6,7.6,faible
59098,Bousbecque,59,4847,True,12.6,85.3,1.9,87.2,moyen
59105,Bouvignies,59,1548,False,75.6,0.0,0.0,0.0,faible
59112,Bruay-sur-l'Escaut,59,11309,False,77.2,0.0,0.0,0.0,faible
59114,Bruille-Saint-Amand,59,1682,False,32.1,0.0,1.8,1.8,nul
59113,Bruille-lez-Marchiennes,59,1350,False,66.4,0.0,29.4,29.4,faible
59117,Bugnicourt,59,1074,False,27.2,0.0,35.9,35.9,nul
59122,Cambrai,59,31425,False,80.4,0.0,0.0,0.0,faible
59123,Camphin-en-Carembault,59,1714,False,49.6,0.7,49.7,50.4,fort
59124,Camphin-en-Pévèle,59,2501,False,99.3,0.0,0.0,0.0,faible
59126,Cantin,59,1770,False,53.2,0.0,32.5,32.5,faible
59128,Capinghem,59,2474,True,0.0,100.0,0.0,100.0,moyen
59129,Cappelle-en-Pévèle,59,2262,False,2.7,0.0,76.5,76.5,fort
59133,Carnin,59,1076,True,85.4,0.5,4.0,4.5,faible
59135,Cassel,59,2227,False,3.9,32.0,43.4,75.4,fort
59120,Caëstre,59,2006,False,4.2,89.2,5.5,94.7,moyen
59146,Chéreng,59,3001,True,92.5,0.0,7.5,7.5,faible
59152,Comines,59,12671,True,7.9,91.6,0.1,91.7,moyen
59153,Condé-sur-l'Escaut,59,9396,False,84.8,0.0,0.0,0.0,faible
59155,Coudekerque-Branche,59,20765,False,0.0,100.0,0.0,100.0,moyen
59156,Courchelettes,59,2881,False,68.5,0.2,18.4,18.6,faible
59158,Coutiches,59,3246,False,18.6,0.0,30.7,30.7,nul
59163,Croix,59,20778,True,13.1,86.9,0.0,86.9,moyen
59165,Cuincy,59,6472,False,78.1,0.0,18.2,18.2,faible
59166,Curgies,59,1347,False,100.0,0.0,0.0,0.0,faible
59168,Cysoing,59,4722,False,95.0,0.0,1.3,1.3,faible
59170,Dechy,59,5351,False,95.6,0.0,1.8,1.8,faible
59172,Denain,59,20640,False,94.1,0.0,0.0,0.0,faible
59173,Deûlémont,59,1819,True,15.2,82.9,0.0,82.9,moyen
59670,Don,59,1412,True,90.2,0.0,0.0,0.0,faible
59178,Douai,59,39648,False,90.5,0.0,5.2,5.2,faible
59179,Douchy-les-Mines,59,10207,False,95.9,0.0,0.0,0.0,faible
59183,Dunkerque,59,86788,False,2.7,47.2,0.0,47.2,nul
59189,Eecke,59,1221,False,5.9,36.3,57.5,93.8,fort
59193,Emmerin,59,3053,True,68.0,0.0,0.0,0.0,faible
59196,Ennetières-en-Weppes,59,1293,True,0.0,86.9,6.7,93.6,moyen
59197,Ennevelin,59,2356,False,73.8,0.0,19.2,19.2,faible
59202,Erquinghem-Lys,59,5356,True,12.7,87.3,0.0,87.3,moyen
59203,Erre,59,1574,False,76.6,0.0,8.7,8.7,faible
59205,Escaudain,59,9253,False,95.2,0.0,0.0,0.0,faible
59207,Escautpont,59,4152,False,66.2,0.0,0.0,0.0,faible
59210,Esquelbecq,59,2134,False,4.2,88.2,6.8,95.0,moyen
59212,Estaires,59,6496,False,6.1,93.9,0.0,93.9,moyen
59214,Estrées,59,1116,False,40.2,0.4,14.0,14.4,nul
59220,Faches-Thumesnil,59,18110,True,37.3,0.0,0.0,0.0,nul
59221,Famars,59,2475,False,94.0,0.0,0.0,0.0,faible
59222,Faumont,59,2251,False,4.3,0.0,71.6,71.6,fort
59227,Fenain,59,5529,False,54.8,0.0,43.3,43.3,faible
59234,Flers-en-Escrebieux,59,5642,False,52.2,0.0,46.4,46.4,faible
59239,Flines-lez-Raches,59,5610,False,66.4,0.0,5.0,5.0,faible
59238,Flines-lès-Mortagne,59,1649,False,36.0,0.0,11.9,11.9,nul
59244,Fontaine-Notre-Dame,59,1763,False,77.4,0.0,2.6,2.6,faible
59247,Forest-sur-Marque,59,1659,True,100.0,0.0,0.0,0.0,faible
59250,Fournes-en-Weppes,59,2190,True,6.9,93.1,0.0,93.1,moyen
59252,Frelinghien,59,2581,True,4.1,95.3,0.0,95.3,moyen
59253,Fresnes-sur-Escaut,59,7486,False,87.6,0.0,0.0,0.0,faible
59256,Fretin,59,3227,True,79.8,0.0,0.0,0.0,faible
59257,Fromelles,59,1076,True,0.0,99.0,1.0,100.0,moyen
59224,Féchain,59,1658,False,48.8,0.0,8.2,8.2,faible
59228,Férin,59,1447,False,82.2,0.0,0.0,0.0,faible
59258,Genech,59,2825,False,36.4,0.0,32.9,32.9,faible
59260,Ghyvelde,59,4119,False,10.0,88.1,0.0,88.1,moyen
59262,Godewaersvelde,59,2053,False,9.8,42.0,41.1,83.1,moyen
59265,Gommegnies,59,2300,False,99.9,0.0,0.0,0.0,faible
59266,Gondecourt,59,4050,False,99.3,0.0,0.0,0.0,faible
59271,Grande-Synthe,59,20331,False,6.1,69.1,0.0,69.1,moyen
59275,Gruson,59,1237,True,100.0,0.0,0.0,0.0,faible
59276,Guesnain,59,4656,False,83.0,0.0,16.6,16.6,faible
59263,Gœulzin,59,1042,False,83.6,0.0,11.1,11.1,faible
59278,Hallennes-lez-Haubourdin,59,4718,True,30.1,38.5,31.4,69.9,moyen
59279,Halluin,59,20829,True,10.4,82.3,3.7,86.0,moyen
59281,Hantay,59,1259,True,100.0,0.0,0.0,0.0,faible
59284,Hasnon,59,3874,False,97.8,0.0,0.0,0.0,faible
59286,Haubourdin,59,14757,True,99.9,0.0,0.0,0.0,faible
59292,Haveluy,59,3250,False,94.0,0.0,0.0,0.0,faible
59293,Haverskerque,59,1401,False,15.1,84.9,0.0,84.9,moyen
59295,Hazebrouck,59,21498,False,6.2,92.2,1.5,93.7,moyen
59299,Hem,59,18713,True,16.4,78.2,1.9,80.1,moyen
59301,Hergnies,59,4463,False,94.9,0.0,0.0,0.0,faible
59303,Herlies,59,2323,True,0.0,100.0,0.0,100.0,moyen
59305,Herzeele,59,1634,False,12.2,75.0,12.5,87.5,moyen
59309,Hondschoote,59,4026,False,0.0,97.9,0.0,97.9,moyen
59314,Hornaing,59,3535,False,90.9,0.0,1.2,1.2,faible
59316,Houplin-Ancoisne,59,3275,True,97.9,0.0,0.0,0.0,faible
59317,Houplines,59,7897,True,4.7,95.2,0.0,95.2,moyen
59297,Hélesmes,59,1921,False,88.1,0.0,0.0,0.0,faible
59302,Hérin,59,4129,False,97.7,0.0,0.0,0.0,faible
59320,Illies,59,1664,True,11.8,85.6,2.6,88.2,moyen
59051,La Bassée,59,6622,True,18.5,79.2,0.0,79.2,moyen
59143,La Chapelle-d'Armentières,59,8719,True,0.0,100.0,0.0,100.0,moyen
59268,La Gorgue,59,5599,False,16.3,83.7,0.0,83.7,moyen
59368,La Madeleine,59,22488,True,10.1,89.9,0.0,89.9,moyen
59564,La Sentinelle,59,3143,False,99.8,0.0,0.0,0.0,faible
59327,Lallaing,59,6250,False,79.0,0.0,0.0,0.0,faible
59328,Lambersart,59,27121,True,59.1,40.9,0.0,40.9,faible
59329,Lambres-lez-Douai,59,4926,False,70.3,0.0,18.3,18.3,faible
59330,Landas,59,2447,False,23.4,0.0,40.9,40.9,fort
59332,Lannoy,59,1800,True,0.0,100.0,0.0,100.0,moyen
59334,Lauwin-Planque,59,1582,False,44.1,0.0,55.9,55.9,fort
59180,Le Doulieu,59,1454,False,2.0,98.0,0.0,98.0,moyen
59335,Lecelles,59,3004,False,95.2,0.0,0.0,0.0,faible
59339,Leers,59,9588,True,31.3,68.0,0.0,68.0,moyen
59340,Leffrinckoucke,59,4124,False,0.0,55.6,0.0,55.6,moyen
59343,Lesquin,59,9241,True,57.3,0.0,0.0,0.0,faible
59345,Lewarde,59,2403,False,41.8,0.0,15.3,15.3,nul
59346,Lezennes,59,3019,True,100.0,0.0,0.0,0.0,faible
59348,Lieu-Saint-Amand,59,1461,False,80.2,0.0,0.0,0.0,faible
59350,Lille,59,236710,True,63.7,24.4,10.3,34.7,faible
59352,Linselles,59,8192,True,0.0,94.1,5.9,100.0,moyen
59356,Lompret,59,2182,True,0.0,99.1,0.0,99.1,moyen
59360,Loos,59,23013,True,83.7,0.0,0.0,0.0,faible
59361,Lourches,59,3814,False,86.5,0.0,0.0,0.0,faible
59367,Lys-lez-Lannoy,59,13793,True,8.9,91.1,0.0,91.1,moyen
59369,Maing,59,4004,False,96.0,0.0,0.0,0.0,faible
59375,Marchiennes,59,4539,False,99.4,0.0,0.0,0.0,faible
59378,Marcq-en-Barœul,59,39356,True,45.3,54.7,0.0,54.7,moyen
59382,Maretz,59,1417,False,92.1,0.0,0.0,0.0,faible
59383,Marly,59,12024,False,99.6,0.0,0.0,0.0,faible
59387,Marquette-en-Ostrevant,59,1931,False,61.2,0.0,28.4,28.4,faible
59386,Marquette-lez-Lille,59,11213,True,70.8,20.1,7.0,27.1,faible
59388,Marquillies,59,1982,True,81.8,14.1,0.0,14.1,faible
59390,Masny,59,4056,False,65.0,0.0,14.1,14.1,faible
59392,Maubeuge,59,29066,False,84.9,0.0,0.7,0.7,faible
59399,Merris,59,1049,False,2.5,94.3,3.1,97.4,moyen
59400,Merville,59,9652,False,16.0,84.0,0.0,84.0,moyen
59408,Moncheaux,59,1703,False,0.0,0.0,4.2,4.2,nul
59409,Monchecourt,59,2501,False,62.3,0.0,36.4,36.4,faible
59410,Mons-en-Barœul,59,21467,True,0.0,73.8,26.2,100.0,moyen
59411,Mons-en-Pévèle,59,2089,False,0.3,0.0,18.7,18.7,nul
59414,Montigny-en-Ostrevent,59,4681,False,81.5,0.0,0.0,0.0,faible
59416,Morbecque,59,2509,False,6.3,84.0,7.8,91.8,moyen
59418,Mortagne-du-Nord,59,1584,False,89.1,0.0,1.4,1.4,faible
59419,Mouchin,59,1441,False,31.0,0.0,30.8,30.8,nul
59421,Mouvaux,59,13173,True,0.1,99.9,0.0,99.9,moyen
59398,Mérignies,59,3360,False,10.4,0.0,41.6,41.6,nul
59401,Méteren,59,2256,False,8.3,73.0,12.8,85.8,moyen
59423,Neuf-Berquin,59,1403,False,3.0,97.0,0.0,97.0,moyen
59426,Neuville-en-Ferrain,59,10160,True,7.2,86.4,4.5,90.9,moyen
59431,Nieppe,59,7606,False,6.8,92.2,0.0,92.2,moyen
59434,Nivelle,59,1379,False,67.0,0.0,0.0,0.0,faible
59435,Nomain,59,2585,False,7.9,0.0,44.9,44.9,nul
59447,Onnaing,59,8719,False,97.3,0.0,0.0,0.0,faible
59449,Orchies,59,8455,False,3.3,0.0,46.1,46.1,nul
59452,Ostricourt,59,5829,False,44.2,2.3,18.2,20.5,faible
59456,Pecquencourt,59,6232,False,95.9,0.0,0.0,0.0,faible
59459,Petite-Forêt,59,5058,False,99.5,0.0,0.0,0.0,faible
59462,Phalempin,59,4849,False,45.6,0.1,25.2,25.3,faible
59466,Pont-à-Marcq,59,2883,False,36.7,0.0,7.5,7.5,nul
59475,Prouvy,59,2173,False,97.2,0.0,0.0,0.0,faible
59477,Provin,59,4469,True,88.7,0.0,0.0,0.0,faible
59470,Prémesques,59,2060,True,0.0,87.2,12.4,99.6,moyen
59471,Préseau,59,2065,False,100.0,0.0,0.0,0.0,faible
59457,Pérenchies,59,8519,True,0.0,92.3,7.7,100.0,moyen
59458,Péronne-en-Mélantois,59,1004,True,97.6,0.0,0.0,0.0,faible
59479,Quarouble,59,3131,False,100.0,0.0,0.0,0.0,faible
59482,Quesnoy-sur-Deûle,59,6920,True,6.1,93.9,0.0,93.9,moyen
59485,Quiévy,59,1801,False,92.8,0.0,0.0,0.0,faible
59487,Radinghem-en-Weppes,59,1393,True,0.0,100.0,0.0,100.0,moyen
59489,Raimbeaucourt,59,4015,False,38.6,0.2,19.8,20.0,nul
59491,Raismes,59,12055,False,64.6,0.0,0.0,0.0,faible
59497,Renescure,59,2128,False,7.4,50.2,39.2,89.4,moyen
59499,Rexpoëde,59,1992,False,3.4,96.6,0.0,96.6,moyen
59501,Rieulay,59,1243,False,88.6,0.0,0.0,0.0,faible
59502,Rieux-en-Cambrésis,59,1438,False,94.7,0.0,0.0,0.0,faible
59507,Ronchin,59,19437,True,92.5,0.0,0.0,0.0,faible
59508,Roncq,59,13784,True,4.0,86.0,9.9,95.9,moyen
59509,Roost-Warendin,59,5976,False,91.9,0.0,0.0,0.0,faible
59511,Rosult,59,1973,False,83.9,0.0,0.0,0.0,faible
59512,Roubaix,59,98892,True,3.1,96.9,0.0,96.9,moyen
59519,Rumegies,59,1740,False,87.6,0.0,0.0,0.0,faible
59486,Râches,59,2660,False,59.0,0.0,3.2,3.2,faible
59504,Rœulx,59,3779,False,99.8,0.0,0.0,0.0,faible
59522,Sailly-lez-Lannoy,59,1949,True,4.5,93.7,0.2,93.9,moyen
59523,Sainghin-en-Mélantois,59,2848,True,98.8,0.0,0.0,0.0,faible
59524,Sainghin-en-Weppes,59,5641,True,51.7,43.3,0.0,43.3,faible
59526,Saint-Amand-les-Eaux,59,15980,False,84.0,0.0,0.0,0.0,faible
59527,Saint-André-lez-Lille,59,12942,True,79.6,16.9,0.0,16.9,faible
59535,Saint-Jans-Cappel,59,1642,False,9.0,61.9,19.8,81.7,moyen
59544,Saint-Saulve,59,11117,False,94.9,0.0,0.0,0.0,faible
59546,Saint-Sylvestre-Cappel,59,1154,False,2.1,62.5,35.4,97.9,moyen
59550,Salomé,59,3051,True,58.3,36.4,0.0,36.4,faible
59551,Saméon,59,1738,False,83.5,0.0,6.2,6.2,faible
59553,Santes,59,5660,True,69.1,14.0,16.9,30.9,faible
59557,Saultain,59,2553,False,100.0,0.0,0.0,0.0,faible
59559,Sebourg,59,1977,False,97.3,0.0,0.0,0.0,faible
59560,Seclin,59,12834,True,42.1,0.0,24.9,24.9,faible
59566,Sequedin,59,4762,True,50.9,20.2,28.9,49.1,faible
59569,Sin-le-Noble,59,15603,False,96.8,0.0,0.0,0.0,faible
59574,Somain,59,11790,False,42.8,0.0,55.9,55.9,fort
59578,Steenbecque,59,1650,False,2.8,91.6,5.5,97.1,moyen
59580,Steenvoorde,59,4324,False,5.0,78.4,14.8,93.2,moyen
59581,Steenwerck,59,3540,False,7.3,92.7,0.0,92.7,moyen
59585,Templemars,59,3635,True,51.3,0.0,0.0,0.0,faible
59586,Templeuve-en-Pévèle,59,6705,False,40.9,0.0,48.6,48.6,fort
59592,Thumeries,59,4029,False,0.0,0.0,9.5,9.5,nul
59594,Thun-Saint-Amand,59,1110,False,77.0,0.0,0.0,0.0,faible
59598,Toufflers,59,3910,True,3.2,93.7,0.0,93.7,moyen
59599,Tourcoing,59,99011,True,2.9,96.8,0.0,96.8,moyen
59602,Tressin,59,1395,True,100.0,0.0,0.0,0.0,faible
59603,Trith-Saint-Léger,59,6124,False,89.3,0.0,0.0,0.0,faible
59588,Téteghem-Coudekerque-Village,59,8384,False,0.0,99.8,0.0,99.8,moyen
59606,Valenciennes,59,42991,False,86.3,0.0,0.0,0.0,faible
59609,Vendeville,59,1546,True,0.0,0.0,0.0,0.0,nul
59610,Verchain-Maugré,59,1102,False,99.6,0.0,0.0,0.0,faible
59611,Verlinghem,59,2673,True,1.4,98.4,0.2,98.6,moyen
59615,Vieux-Berquin,59,2649,False,6.3,93.7,0.0,93.7,moyen
59616,Vieux-Condé,59,10446,False,92.1,0.0,0.0,0.0,faible
59009,Villeneuve-d'Ascq,59,62067,True,73.3,18.7,7.9,26.6,faible
59622,Villers-en-Cauchies,59,1161,False,100.0,0.0,0.0,0.0,faible
59629,Vred,59,1311,False,78.2,0.0,0.0,0.0,faible
59630,Wahagnies,59,2605,False,16.4,5.3,27.2,32.5,nul
59632,Wallers,59,5598,False,92.7,0.0,0.0,0.0,faible
59636,Wambrechies,59,10798,True,23.0,75.3,1.7,77.0,moyen
59637,Wandignies-Hamage,59,1318,False,99.8,0.0,0.0,0.0,faible
59638,Wannehain,59,1331,False,59.8,0.0,9.0,9.0,faible
59639,Wargnies-le-Grand,59,1101,False,100.0,0.0,0.0,0.0,faible
59641,Warhem,59,2022,False,0.0,99.8,0.2,100.0,moyen
59646,Wasquehal,59,20836,True,44.2,55.8,0.0,55.8,moyen
59647,Watten,59,2577,False,11.6,26.6,36.4,63.0,fort
59648,Wattignies,59,15531,True,52.8,0.0,0.0,0.0,faible
59650,Wattrelos,59,40836,True,17.0,79.7,0.0,79.7,moyen
59651,Wavrechain-sous-Denain,59,1616,False,97.3,0.0,0.0,0.0,faible
59653,Wavrin,59,7773,True,54.7,44.5,0.2,44.7,faible
59654,Waziers,59,7354,False,78.2,0.0,21.4,21.4,faible
59656,Wervicq-Sud,59,5299,True,17.2,60.1,21.5,81.6,moyen
59660,Willems,59,2996,True,31.8,64.8,0.0,64.8,moyen
59662,Winnezeele,59,1300,False,8.5,78.1,11.8,89.9,moyen
59663,Wormhout,59,5705,False,11.5,76.5,11.7,88.2,moyen
59185,Écaillon,59,1910,False,86.3,0.0,11.4,11.4,faible
62004,Achicourt,62,7938,False,70.9,0.0,0.0,0.0,faible
62013,Agny,62,1879,False,63.5,0.0,0.0,0.0,faible
62014,Aire-sur-la-Lys,62,9585,False,54.6,43.4,0.0,43.4,faible
62019,Aix-Noulette,62,3913,False,67.0,10.7,0.0,10.7,faible
62032,Angres,62,4842,False,47.0,4.1,0.0,4.1,nul
62033,Annay,62,4517,False,80.4,0.0,0.0,0.0,faible
62034,Annequin,62,2145,False,63.0,0.0,0.0,0.0,faible
62035,Annezin,62,5813,False,14.4,81.4,0.7,82.1,moyen
62037,Anzin-Saint-Aubin,62,2806,False,43.4,0.0,0.0,0.0,nul
62040,Arques,62,9655,False,26.1,35.7,35.5,71.2,moyen
62041,Arras,62,42600,False,39.3,0.0,0.0,0.0,nul
62042,Athies,62,1059,False,71.8,0.0,0.0,0.0,faible
62048,Auchel,62,10062,False,86.9,0.0,0.0,0.0,faible
62051,Auchy-les-Mines,62,4623,False,95.1,0.0,0.0,0.0,faible
62065,Avion,62,17672,False,87.3,2.2,0.0,2.2,faible
62073,Bailleul-Sir-Berthoult,62,1430,False,76.0,0.0,0.0,0.0,faible
62083,Barlin,62,7366,False,88.7,3.4,0.0,3.4,faible
62099,Beaurains,62,5515,False,75.2,0.0,0.0,0.0,faible
62471,Bellinghem,62,1087,False,51.2,6.9,0.0,6.9,faible
62126,Beuvry,62,9111,False,64.2,30.0,0.0,30.0,faible
62128,Biache-Saint-Vaast,62,4481,False,86.1,7.6,0.0,7.6,faible
62132,Billy-Berclau,62,5059,False,99.8,0.0,0.0,0.0,faible
62133,Billy-Montigny,62,8117,False,59.8,0.0,0.0,0.0,faible
62160,Boulogne-sur-Mer,62,40910,False,0.9,44.8,0.0,44.8,nul
62164,Bourlon,62,1140,False,38.6,17.3,8.3,25.6,faible
62170,Bouvigny-Boyeffles,62,2371,False,81.9,2.6,0.0,2.6,faible
62173,Brebières,62,5169,False,84.6,15.4,0.0,15.4,faible
62178,Bruay-la-Buissière,62,21827,False,70.7,18.1,0.1,18.2,faible
62181,Bucquoy,62,1480,False,88.2,0.0,0.0,0.0,faible
62186,Bully-les-Mines,62,12221,False,47.3,0.0,0.0,0.0,nul
62188,Burbure,62,2819,False,70.9,0.2,0.0,0.2,faible
62190,Busnes,62,1245,False,9.7,85.3,5.0,90.3,moyen
62119,Béthune,62,24992,False,49.0,36.0,0.0,36.0,faible
62193,Calais,62,67380,False,24.1,30.5,15.1,45.6,moyen
62194,Calonne-Ricouart,62,5463,False,76.5,0.0,0.0,0.0,faible
62195,Calonne-sur-la-Lys,62,1560,False,12.4,87.6,0.0,87.6,moyen
62200,Cambrin,62,1228,False,99.7,0.0,0.0,0.0,faible
62215,Carvin,62,17852,False,53.2,39.5,0.0,39.5,faible
62224,Chocques,62,2824,False,34.0,56.4,1.9,58.3,moyen
62240,Corbehem,62,2266,False,89.1,9.6,0.1,9.7,faible
62249,Courcelles-lès-Lens,62,8213,False,81.1,9.1,0.0,9.1,faible
62250,Courrières,62,10199,False,39.2,55.4,0.0,55.4,moyen
62262,Cuinchy,62,1754,False,93.8,0.8,0.0,0.8,faible
62263,Dainville,62,5703,False,55.0,0.0,0.0,0.0,faible
62274,Dourges,62,5997,False,47.4,49.5,0.0,49.5,moyen
62276,Douvrin,62,5795,False,88.0,0.0,0.0,0.0,faible
62277,Drocourt,62,2943,False,82.6,0.0,0.0,0.0,faible
62279,Duisans,62,1383,False,59.4,0.0,0.0,0.0,faible
62310,Essars,62,1755,False,12.1,87.9,0.0,87.9,moyen
62311,Estevelles,62,2024,False,60.3,0.0,0.0,0.0,faible
62323,Fampoux,62,1219,False,52.3,8.9,0.0,8.9,faible
62330,Festubert,62,1266,False,40.1,59.9,0.0,59.9,moyen
62331,Feuchy,62,1015,False,53.6,0.0,0.0,0.0,faible
62338,Fleurbaix,62,2862,False,0.0,100.0,0.0,100.0,moyen
62349,Fouquereuil,62,1632,False,24.2,74.6,0.0,74.6,moyen
62350,Fouquières-lès-Béthune,62,1115,False,24.5,75.5,0.0,75.5,moyen
62351,Fouquières-lès-Lens,62,6233,False,65.0,0.0,0.0,0.0,faible
62371,Givenchy-en-Gohelle,62,2026,False,71.7,13.1,0.0,13.1,faible
62373,Givenchy-lès-la-Bassée,62,1006,False,37.9,57.3,0.0,57.3,moyen
62376,Gonnehem,62,2507,False,31.8,46.4,21.8,68.2,moyen
62383,Gouy-sous-Bellonne,62,1396,False,26.2,32.5,0.0,32.5,nul
62386,Grenay,62,6704,False,20.3,0.0,0.0,0.0,nul
62391,Guarbecque,62,1369,False,17.1,82.9,0.0,82.9,moyen
62400,Haillicourt,62,4884,False,82.4,0.0,0.0,0.0,faible
62401,Haisnes,62,4427,False,58.1,0.0,0.0,0.0,faible
62412,Hardinghen,62,1219,False,71.3,0.1,20.5,20.6,faible
62413,Harnes,62,12317,False,93.8,0.0,0.0,0.0,faible
62443,Hersin-Coupigny,62,6147,False,85.4,3.2,0.0,3.2,faible
62452,Heuringhem,62,1379,False,38.2,30.0,15.0,45.0,faible
62454,Hinges,62,2417,False,2.9,62.8,34.4,97.2,moyen
62457,Houdain,62,7030,False,99.4,0.0,0.0,0.0,faible
62464,Hulluch,62,3367,False,34.8,0.0,0.0,0.0,nul
62427,Hénin-Beaumont,62,26035,False,87.1,3.1,0.0,3.1,faible
62476,Izel-lès-Équerchin,62,1058,False,89.0,0.0,0.0,0.0,faible
62252,La Couture,62,2616,False,15.7,84.3,0.0,84.3,moyen
62479,Labeuvrière,62,1654,False,19.8,64.3,0.0,64.3,moyen
62480,Labourse,62,2894,False,37.1,0.0,0.0,0.0,nul
62489,Lapugnoy,62,3518,False,13.9,47.3,17.1,64.4,moyen
62491,Laventie,62,4969,False,1.0,99.0,0.0,99.0,moyen
62497,Leforest,62,7179,False,28.2,36.8,12.4,49.2,moyen
62498,Lens,62,32618,False,45.7,0.3,0.0,0.3,nul
62502,Lestrem,62,5073,False,12.1,87.9,0.0,87.9,moyen
62907,Libercourt,62,8138,False,32.2,56.8,0.0,56.8,moyen
62516,Lillers,62,9988,False,67.1,24.6,4.9,29.5,faible
62510,Liévin,62,30149,False,33.4,4.0,0.0,4.0,nul
62520,Locon,62,2342,False,6.5,93.1,0.4,93.5,moyen
62523,Loison-sous-Lens,62,5255,False,80.1,0.0,0.0,0.0,faible
62525,Longuenesse,62,10568,False,42.4,43.8,0.2,44.0,moyen
62528,Loos-en-Gohelle,62,6896,False,15.6,0.0,0.0,0.0,nul
62529,Lorgies,62,1609,False,3.6,83.4,0.8,84.2,moyen
62540,Maisnil-lès-Ruitz,62,1691,False,89.0,5.9,0.0,5.9,faible
62543,Mametz,62,1998,False,65.6,18.5,0.0,18.5,faible
62557,Marœuil,62,2441,False,77.6,0.0,0.0,0.0,faible
62563,Mazingarbe,62,8068,False,31.3,0.0,0.0,0.0,nul
62573,Meurchin,62,3717,False,73.0,0.0,0.0,0.0,faible
62584,Mont-Bernanchon,62,1316,False,6.3,85.7,7.9,93.6,moyen
62587,Montigny-en-Gohelle,62,9870,False,73.6,7.9,0.0,7.9,faible
62570,Méricourt,62,11431,False,86.7,0.5,0.0,0.5,faible
62606,Neuve-Chapelle,62,1419,False,0.0,100.0,0.0,100.0,moyen
62609,Neuville-Saint-Vaast,62,1603,False,81.0,0.0,0.0,0.0,faible
62620,Norrent-Fontes,62,1362,False,91.5,0.0,0.0,0.0,faible
62624,Noyelles-Godault,62,5906,False,68.6,25.8,0.0,25.8,faible
62626,Noyelles-lès-Vermelles,62,2294,False,64.0,0.0,0.0,0.0,faible
62628,Noyelles-sous-Lens,62,6659,False,98.4,0.0,0.0,0.0,faible
62617,Nœux-les-Mines,62,11520,False,51.7,14.5,0.0,14.5,faible
62637,Oignies,62,10210,False,56.3,32.0,0.0,32.0,faible
62638,Oisy-le-Verger,62,1188,False,27.6,28.9,0.0,28.9,nul
62666,Pont-à-Vendin,62,3136,False,56.1,0.0,0.0,0.0,faible
62684,Racquinghem,62,2214,False,24.8,67.8,6.7,74.5,moyen
62693,Rebreuve-Ranchicourt,62,1071,False,100.0,0.0,0.0,0.0,faible
62706,Richebourg,62,2618,False,2.9,97.1,0.0,97.1,moyen
62712,Rivière,62,1124,False,84.7,0.7,0.0,0.7,faible
62713,Robecq,62,1329,False,16.6,82.5,0.9,83.4,moyen
62724,Rouvroy,62,8797,False,94.8,0.0,0.0,0.0,faible
62727,Ruitz,62,1509,False,85.7,1.5,0.0,1.5,faible
62718,Rœux,62,1390,False,26.4,44.8,0.0,44.8,moyen
62735,Sailly-Labourse,62,2577,False,75.9,0.0,0.0,0.0,faible
62736,Sailly-sur-la-Lys,62,3883,False,11.3,88.7,0.0,88.7,moyen
62737,Sains-en-Gohelle,62,5995,False,55.6,0.0,0.0,0.0,faible
62753,Saint-Laurent-Blangy,62,6507,False,38.4,0.0,0.0,0.0,nul
62764,Saint-Nicolas,62,4603,False,34.2,0.0,0.0,0.0,nul
62765,Saint-Omer,62,14661,False,95.0,3.0,0.0,3.0,faible
62770,Saint-Venant,62,3022,False,21.6,78.3,0.0,78.3,moyen
62744,Sainte-Catherine,62,3594,False,79.4,0.0,0.0,0.0,faible
62771,Sallaumines,62,9650,False,99.7,0.0,0.0,0.0,faible
62793,Servins,62,1134,False,93.1,0.0,0.0,0.0,faible
62801,Souchez,62,2658,False,89.5,1.0,0.0,1.0,faible
62810,Thélus,62,1271,False,74.9,0.0,0.0,0.0,faible
62817,Tilloy-lès-Mofflaines,62,1519,False,46.5,0.0,0.0,0.0,nul
62836,Vaudricourt,62,1104,False,24.1,48.6,0.0,48.6,moyen
62842,Vendin-le-Vieil,62,8381,False,90.6,0.0,0.0,0.0,faible
62841,Vendin-lès-Béthune,62,2393,False,0.0,89.7,5.9,95.6,moyen
62846,Vermelles,62,4748,False,33.9,0.0,0.0,0.0,nul
62847,Verquigneul,62,2016,False,22.5,77.5,0.0,77.5,moyen
62848,Verquin,62,3459,False,1.3,69.1,0.0,69.1,moyen
62861,Vimy,62,4307,False,81.9,5.3,0.0,5.3,faible
62863,Violaines,62,3831,False,34.2,61.2,0.0,61.2,moyen
62865,Vitry-en-Artois,62,4787,False,60.7,17.5,0.0,17.5,faible
62869,Wailly,62,1081,False,67.7,0.2,0.0,0.2,faible
62875,Wardrecques,62,1346,False,14.9,84.2,1.0,85.2,moyen
62895,Wingles,62,8742,False,100.0,0.0,0.0,0.0,faible
62905,Zudausques,62,1040,False,72.2,0.0,0.0,0.0,faible
62284,Écourt-Saint-Quentin,62,1691,False,64.3,9.1,0.0,9.1,faible
62291,Éleu-dit-Leauwette,62,2829,False,34.4,7.3,0.0,7.3,nul
62321,Évin-Malmaison,62,4674,False,41.6,44.9,0.0,44.9,moyen
