code_insee,commune,dep,PMUN,dans_MEL,apl_mg,apl_mg_m65,apl_inf,apl_kine,apl_dent,apl_sf,pop_std_sante,pop_totale_2022,apl_mg_2022,apl_mg_evol_pct,acces_urgences_moy_min,acces_urgences_min_min,acces_maternite_moy_min,acces_maternite_min_min,acces_hopital_moy_min,acces_hopital_min_min,acces_pharmacie_moy_min,acces_pharmacie_min_min,acces_msp_moy_min,acces_msp_min_min,msp_sur_place
59002,Abscon,59,4203,False,4.88,4.36,259.87,120.61,37.35,24.09,4142.16,4160.0,5.44,-10.38,9.16,7.18,8.73,6.76,6.06,4.07,1.58,1.0,5.93,3.96,False
59004,Aix-en-Pévèle,59,1358,False,4.93,4.48,158.57,154.98,50.2,19.64,1297.73,1348.0,4.83,2.15,25.5,22.5,25.84,22.5,19.22,15.4,4.57,2.58,4.77,2.34,False
59005,Allennes-les-Marais,59,3567,True,3.62,3.3,138.92,154.42,45.55,18.73,3426.68,3549.0,3.88,-6.73,9.08,7.32,8.59,6.83,8.45,6.69,1.54,1.0,4.43,1.16,True
59008,Aniche,59,9997,False,3.37,3.04,184.08,83.22,26.84,15.53,9490.15,10001.0,3.8,-11.44,13.4,10.0,12.97,9.57,7.74,4.35,1.8,1.0,2.19,1.0,True
59011,Annœullin,59,10780,True,3.69,3.34,140.62,148.18,44.61,16.88,10496.59,10887.0,3.86,-4.4,12.14,9.71,11.69,9.22,11.41,9.08,1.97,1.0,4.94,1.43,True
59013,Anstaing,59,1601,True,4.49,4.21,168.67,174.24,66.09,22.14,1580.34,1643.0,4.6,-2.43,14.28,12.4,14.28,12.4,13.5,11.62,2.62,1.0,5.29,3.15,False
59014,Anzin,59,13422,False,4.05,3.7,185.54,144.99,71.96,21.05,12876.23,13417.0,3.93,2.92,4.44,1.42,4.68,1.5,4.44,1.42,1.76,1.0,7.16,4.28,False
59015,Arleux,59,3151,False,3.1,2.54,185.6,112.33,29.95,11.2,3118.74,3148.0,3.21,-3.33,12.1,9.0,14.01,11.13,12.1,9.0,2.3,1.0,2.34,1.0,True
59017,Armentières,59,25581,True,3.86,3.44,125.63,176.82,49.86,17.62,25156.82,26107.0,4.08,-5.25,3.22,1.0,3.22,1.0,3.22,1.0,1.35,1.0,5.53,2.35,False
59018,Arnèke,59,1561,False,2.79,2.27,97.97,108.74,30.4,16.28,1642.67,1557.0,2.88,-3.19,20.81,17.92,20.81,17.92,20.8,17.92,1.43,1.0,9.2,6.29,False
59019,Artres,59,1064,False,3.48,2.96,139.12,110.54,46.43,19.63,1053.86,1073.0,3.46,0.38,15.2,14.0,15.2,14.0,14.39,12.22,1.16,1.0,7.4,6.2,False
59022,Attiches,59,2238,False,3.74,3.41,144.82,159.5,55.76,24.98,2232.7,2241.0,4.02,-6.92,10.03,8.14,10.53,8.64,10.57,8.78,1.4,1.0,8.69,5.07,False
59024,Auberchicourt,59,4626,False,3.11,2.8,164.58,74.51,23.82,12.14,4586.75,4626.0,3.52,-11.58,14.05,12.09,13.72,12.04,8.5,6.81,1.9,1.0,3.06,1.3,True
59025,Aubers,59,1722,True,5.06,4.84,160.51,172.08,63.87,23.25,1755.45,1746.0,4.92,2.97,18.13,15.0,18.2,15.0,18.2,15.0,2.01,1.0,2.22,1.0,True
59026,Aubigny-au-Bac,59,1159,False,3.5,3.05,240.65,127.98,45.87,12.25,1141.01,1167.0,3.64,-3.71,12.42,10.4,14.54,12.52,12.42,10.4,1.45,1.0,9.93,7.91,False
59027,Aubry-du-Hainaut,59,1726,False,5.91,5.22,264.76,175.84,72.2,22.08,1703.37,1715.0,6.13,-3.54,4.93,2.88,4.93,2.88,4.93,2.88,3.15,1.18,7.43,5.66,False
59028,Auby,59,7188,False,4.24,3.88,201.92,152.02,65.67,21.82,7024.27,7171.0,4.54,-6.42,11.66,7.67,12.14,8.87,10.58,7.31,1.88,1.0,6.45,3.24,False
59029,Auchy-lez-Orchies,59,1486,False,6.44,6.01,234.62,225.26,84.73,29.9,1484.52,1542.0,6.33,1.74,21.29,18.68,21.87,19.18,20.13,18.42,5.35,3.46,5.79,3.49,False
59032,Aulnoy-lez-Valenciennes,59,7183,False,6.21,5.45,264.97,197.94,79.81,22.96,6896.78,7125.0,6.39,-2.8,8.4,6.42,8.4,6.42,8.85,6.87,1.72,1.0,2.71,1.0,True
59034,Avelin,59,2600,False,8.19,7.56,324.45,343.38,124.85,34.01,2552.48,2575.0,8.7,-5.87,10.8,7.94,11.3,8.43,10.42,7.68,2.23,1.0,6.16,3.81,False
59038,Avesnes-le-Sec,59,1447,False,2.78,2.25,169.8,76.74,22.15,14.73,1413.63,1453.0,3.01,-7.35,16.57,15.13,16.15,14.71,16.57,15.13,1.13,1.0,7.88,5.97,False
59042,Bachy,59,1883,False,3.95,3.63,127.82,148.33,40.85,8.73,1817.7,1890.0,3.88,1.7,25.16,23.55,25.16,23.55,24.16,21.61,3.86,2.14,5.44,2.14,False
59043,Bailleul,59,14869,False,4.87,4.42,129.53,155.83,54.35,19.54,14916.98,14734.0,4.74,2.79,13.89,8.61,13.89,8.61,3.63,1.0,2.36,1.0,3.8,1.0,True
59044,Baisieux,59,5177,True,5.03,4.74,183.06,215.25,74.91,28.5,5183.35,5361.0,5.07,-0.77,15.7,12.95,15.5,12.95,15.73,13.72,1.94,1.0,3.87,1.71,True
59052,Bauvin,59,4999,True,3.24,2.92,135.83,122.37,39.3,16.33,5026.96,5124.0,3.42,-5.26,16.59,14.54,16.3,14.54,15.84,13.94,1.41,1.0,2.52,1.0,True
59054,Bavinchove,59,1046,False,3.49,2.79,118.73,129.15,43.11,21.06,1006.54,1046.0,3.73,-6.62,12.77,9.82,12.77,9.82,12.77,9.82,5.17,3.48,5.04,3.29,False
59064,Bellaing,59,1329,False,3.8,3.29,186.24,96.96,32.48,15.5,1348.85,1315.0,4.12,-7.88,7.0,5.5,7.0,5.5,7.0,5.5,2.12,1.0,9.78,8.28,False
59071,Bersée,59,2296,False,4.94,4.56,189.5,184.0,59.8,17.38,2253.43,2289.0,4.97,-0.72,19.62,16.69,20.12,17.18,17.26,14.49,2.57,1.0,5.16,2.39,False
59079,Beuvrages,59,6784,False,4.05,3.65,169.02,129.77,63.23,18.92,6550.42,6791.0,4.0,1.22,7.26,4.97,7.58,5.38,7.26,4.97,1.58,1.0,9.97,7.66,False
59080,Beuvry-la-Forêt,59,2834,False,4.3,3.93,142.76,129.34,43.88,21.71,2880.09,2852.0,4.2,2.48,21.24,14.94,20.92,14.94,15.68,12.03,2.91,1.0,6.7,2.95,False
59082,Bierne,59,1772,False,4.16,3.72,180.97,153.49,57.16,23.49,1691.08,1744.0,3.88,7.08,12.35,9.9,15.12,9.9,8.06,2.83,4.16,1.41,8.87,6.95,False
59084,Blaringhem,59,2043,False,4.3,3.69,168.17,146.32,54.67,18.62,2006.26,2046.0,4.52,-4.8,16.17,11.38,16.03,11.38,15.49,10.48,2.06,1.0,7.51,2.03,False
59086,Boeschepe,59,2179,False,2.63,2.41,67.44,80.72,23.9,13.43,2214.03,2212.0,2.6,1.35,20.14,17.04,20.14,17.04,14.85,8.48,2.9,1.0,3.15,1.0,True
59088,Bois-Grenier,59,1793,True,7.74,7.1,236.28,303.54,100.46,36.01,1767.05,1784.0,7.77,-0.39,6.27,3.49,6.27,3.49,6.27,3.49,1.47,1.0,1.59,1.0,True
59089,Bollezeele,59,1423,False,2.71,2.36,104.83,116.92,28.43,13.94,1486.68,1425.0,2.7,0.48,23.22,20.3,28.07,23.72,23.15,20.27,1.62,1.0,12.39,9.94,False
59090,Bondues,59,9713,True,7.37,6.87,295.33,290.94,108.29,34.13,9898.08,9666.0,7.34,0.3,13.14,9.35,12.61,8.18,7.05,2.86,2.44,1.0,6.62,2.27,False
59094,Bourbourg,59,7023,False,3.24,2.78,163.16,114.53,43.21,23.24,6928.78,6958.0,3.02,7.04,13.13,8.36,18.58,15.09,13.1,8.32,1.43,1.0,1.72,1.0,True
59096,Bourghelles,59,1673,False,3.01,2.73,98.38,116.92,27.48,10.01,1654.32,1678.0,2.95,2.13,22.82,20.92,22.82,20.92,22.03,20.13,2.19,1.0,8.0,4.11,False
59098,Bousbecque,59,4847,True,4.56,4.29,158.44,167.3,52.96,15.91,4832.76,4956.0,4.68,-2.44,14.65,12.53,14.65,12.53,9.0,5.43,1.92,1.0,6.62,2.95,False
59105,Bouvignies,59,1548,False,2.98,2.81,124.87,95.39,31.46,14.04,1541.2,1564.0,2.94,1.5,24.31,21.42,23.89,20.99,14.22,11.32,6.95,4.11,11.45,8.1,False
59112,Bruay-sur-l'Escaut,59,11309,False,4.12,3.69,192.16,150.4,65.36,18.46,11157.97,11584.0,4.22,-2.58,9.27,4.99,6.98,3.28,6.96,3.28,1.94,1.0,8.29,4.81,False
59114,Bruille-Saint-Amand,59,1682,False,5.03,4.4,178.97,171.93,50.2,13.82,1715.64,1693.0,5.25,-4.15,20.61,17.59,18.42,15.69,9.91,6.91,3.09,1.0,7.35,4.83,False
59113,Bruille-lez-Marchiennes,59,1350,False,3.93,3.53,202.34,98.29,36.36,21.05,1292.84,1345.0,4.4,-10.6,15.71,13.41,15.7,12.99,4.53,3.35,4.38,3.15,6.71,3.69,False
59117,Bugnicourt,59,1074,False,3.23,2.8,174.38,94.13,24.91,11.14,1063.3,1084.0,3.39,-4.78,8.84,7.89,10.97,10.02,8.84,7.89,4.4,2.72,6.81,5.38,False
59122,Cambrai,59,31425,False,2.92,2.62,269.54,136.07,74.67,12.5,32219.69,31568.0,3.46,-15.48,4.13,1.0,3.15,1.0,2.78,1.0,1.52,1.0,6.42,1.13,True
59123,Camphin-en-Carembault,59,1714,False,5.47,4.9,240.08,218.64,74.0,29.84,1702.87,1725.0,6.07,-9.98,8.41,6.22,8.96,6.72,8.14,6.57,2.23,1.0,4.92,2.29,False
59124,Camphin-en-Pévèle,59,2501,False,4.3,4.04,150.35,188.52,62.56,26.87,2380.4,2506.0,4.28,0.44,14.95,12.44,14.95,12.44,18.18,15.67,4.05,1.0,9.08,5.82,False
59126,Cantin,59,1770,False,3.85,3.29,205.75,129.46,38.59,14.73,1701.29,1755.0,4.1,-6.12,6.46,3.6,8.58,5.72,6.46,3.6,1.39,1.0,7.29,3.5,False
59128,Capinghem,59,2474,True,9.56,8.75,320.94,391.09,126.28,42.12,2587.7,2601.0,9.41,1.57,4.11,2.43,5.89,3.92,4.11,2.43,3.13,1.0,4.37,2.43,False
59129,Cappelle-en-Pévèle,59,2262,False,4.46,4.16,163.88,174.96,58.34,14.23,2174.22,2259.0,4.44,0.29,17.53,15.59,18.03,16.09,17.23,15.33,2.04,1.0,5.02,3.16,False
59133,Carnin,59,1076,True,4.62,4.17,181.88,185.51,61.76,21.93,1083.14,1097.0,4.94,-6.48,9.44,7.98,8.95,7.49,8.81,7.35,3.49,2.09,1.24,1.0,True
59135,Cassel,59,2227,False,3.53,2.89,120.82,135.41,45.17,20.47,2251.08,2212.0,3.63,-2.7,12.84,7.67,12.84,7.67,12.84,7.67,2.4,1.0,2.25,1.0,True
59120,Caëstre,59,2006,False,4.87,4.23,146.67,161.54,69.7,22.92,1921.0,1979.0,4.79,1.67,7.67,5.0,7.67,5.0,7.66,5.0,1.5,1.0,7.56,4.9,False
59146,Chéreng,59,3001,True,4.31,4.04,168.07,165.74,62.71,20.02,3079.35,3040.0,4.41,-2.25,15.66,13.67,15.27,13.48,14.74,12.28,2.51,1.0,4.49,2.56,False
59152,Comines,59,12671,True,3.18,3.0,105.79,122.93,35.22,10.36,12294.76,12649.0,3.41,-6.77,20.1,15.94,19.99,15.94,15.16,10.74,2.26,1.0,2.44,1.0,True
59153,Condé-sur-l'Escaut,59,9396,False,3.96,3.5,181.04,151.11,46.41,15.71,9307.0,9297.0,4.22,-6.25,21.62,15.97,16.57,10.92,16.53,10.92,1.94,1.0,3.71,1.0,True
59155,Coudekerque-Branche,59,20765,False,4.07,3.53,220.02,153.45,72.54,18.36,20723.86,20833.0,4.1,-0.83,5.33,1.68,5.33,1.68,4.21,1.0,1.14,1.0,5.98,3.06,False
59156,Courchelettes,59,2881,False,3.16,2.76,150.62,115.22,46.61,16.28,2983.91,2868.0,3.56,-11.48,4.76,2.14,5.04,2.42,4.72,2.1,1.4,1.0,6.71,5.26,False
59158,Coutiches,59,3246,False,5.93,5.54,219.03,204.42,76.8,29.95,3223.46,3341.0,5.76,2.97,24.15,20.63,24.47,20.91,19.66,16.33,3.19,1.0,7.86,4.26,False
59163,Croix,59,20778,True,6.51,5.88,244.88,284.18,87.33,29.33,20490.08,20956.0,6.7,-2.85,4.1,1.49,4.09,1.49,4.07,1.49,1.29,1.0,3.03,1.0,True
59165,Cuincy,59,6472,False,5.05,4.6,261.67,190.17,86.56,25.91,6505.5,6499.0,5.72,-11.68,6.51,4.67,6.79,4.95,5.95,4.47,1.71,1.0,3.21,1.7,True
59166,Curgies,59,1347,False,6.64,5.95,283.65,212.52,82.5,27.35,1319.66,1351.0,6.85,-3.02,11.84,10.66,9.86,8.66,9.86,8.66,2.6,1.4,9.82,7.89,False
59168,Cysoing,59,4722,False,4.28,4.01,138.42,167.69,51.85,17.64,4769.7,4717.0,4.24,0.92,19.89,15.89,19.89,15.89,19.1,13.52,1.63,1.0,6.35,2.38,False
59170,Dechy,59,5351,False,3.95,3.46,197.15,127.98,55.0,17.66,5357.45,5343.0,4.39,-10.03,5.83,1.18,6.8,3.31,5.83,1.18,1.89,1.0,2.23,1.0,True
59172,Denain,59,20640,False,3.43,2.98,192.17,82.09,25.69,18.44,19545.89,20622.0,3.95,-13.1,3.08,1.0,2.43,1.0,3.08,1.0,1.5,1.0,3.1,1.0,True
59173,Deûlémont,59,1819,True,4.67,4.31,156.62,198.12,59.53,18.26,1707.39,1801.0,4.92,-5.1,14.28,12.14,14.22,12.14,14.24,12.14,4.33,1.44,6.35,3.99,False
59670,Don,59,1412,True,2.93,2.68,103.32,122.24,35.29,19.46,1368.98,1401.0,3.0,-2.17,14.76,12.95,14.27,12.46,14.13,12.32,1.63,1.0,5.24,3.45,False
59178,Douai,59,39648,False,3.16,2.92,152.01,120.28,56.88,16.48,38743.42,39833.0,3.52,-10.17,5.43,1.71,5.76,1.99,3.88,1.0,1.74,1.0,3.22,1.0,True
59179,Douchy-les-Mines,59,10207,False,5.3,4.62,265.56,138.63,51.56,24.84,9839.89,10112.0,5.68,-6.54,6.74,3.73,6.31,3.3,6.74,3.73,1.51,1.0,6.13,3.19,False
59183,Dunkerque,59,86788,False,3.55,3.09,209.4,134.44,61.43,15.12,87423.12,87013.0,3.83,-7.34,5.38,1.0,6.39,1.0,5.2,1.0,1.25,1.0,3.26,1.0,True
59189,Eecke,59,1221,False,4.46,3.87,141.08,154.06,67.57,23.49,1143.39,1215.0,4.38,1.78,9.67,7.28,9.67,7.28,9.67,7.28,3.11,1.0,6.71,4.06,False
59193,Emmerin,59,3053,True,4.94,4.51,210.7,237.39,58.27,25.87,2986.01,3026.0,5.13,-3.86,7.45,5.26,8.29,6.1,6.57,4.39,1.85,1.0,5.32,3.22,False
59196,Ennetières-en-Weppes,59,1293,True,9.51,8.69,310.21,385.82,123.07,40.06,1313.76,1288.0,9.44,0.74,8.75,4.1,9.53,5.11,8.9,4.1,4.22,1.0,7.63,3.31,False
59197,Ennevelin,59,2356,False,4.49,4.2,169.98,191.48,72.22,22.19,2364.08,2417.0,4.72,-4.73,15.26,11.16,15.7,11.66,13.22,10.48,1.76,1.0,1.88,1.0,True
59202,Erquinghem-Lys,59,5356,True,6.38,5.81,183.2,244.7,82.55,31.93,5167.25,5349.0,6.44,-0.98,4.16,1.59,4.16,1.59,4.16,1.59,1.47,1.0,1.87,1.0,True
59203,Erre,59,1574,False,4.19,3.74,229.62,101.44,32.18,21.79,1517.07,1576.0,4.62,-9.24,11.12,8.0,10.7,7.57,5.56,4.3,2.49,1.31,5.52,4.25,False
59205,Escaudain,59,9253,False,4.64,4.07,251.1,115.71,38.3,21.26,8762.62,9060.0,5.23,-11.31,6.48,3.42,6.05,3.0,6.3,3.42,1.79,1.0,2.59,1.0,True
59207,Escautpont,59,4152,False,4.46,3.93,189.33,165.51,54.18,16.32,4071.64,4174.0,4.75,-6.16,13.74,11.03,10.13,7.48,10.13,7.48,1.85,1.0,4.68,2.06,False
59210,Esquelbecq,59,2134,False,3.05,2.68,119.43,136.85,40.84,17.01,2167.78,2143.0,2.96,3.14,21.26,18.11,25.32,22.38,19.07,15.92,1.47,1.0,14.07,10.73,False
59212,Estaires,59,6496,False,4.76,4.48,148.41,144.93,56.32,21.03,6440.49,6551.0,4.7,1.43,16.39,11.5,16.39,11.5,16.0,10.89,1.62,1.0,2.13,1.0,True
59214,Estrées,59,1116,False,3.1,2.55,166.09,103.71,24.79,10.81,1122.59,1121.0,3.26,-4.79,8.98,6.34,10.78,8.13,8.98,6.34,4.03,1.74,6.03,4.67,False
59220,Faches-Thumesnil,59,18110,True,3.0,2.8,123.69,151.28,49.38,18.5,17923.82,18310.0,3.17,-5.18,5.23,2.53,4.86,1.94,3.94,1.11,1.29,1.0,2.5,1.0,True
59221,Famars,59,2475,False,4.9,4.29,219.44,155.78,64.92,19.38,2374.4,2459.0,4.93,-0.61,10.19,8.26,10.19,8.26,10.64,8.7,2.51,1.0,1.74,1.0,True
59222,Faumont,59,2251,False,4.1,3.82,168.43,161.96,52.24,17.17,2183.19,2255.0,4.1,-0.12,19.66,16.2,20.05,16.48,16.59,13.48,5.12,2.78,6.07,3.72,False
59227,Fenain,59,5529,False,3.19,2.87,172.73,79.67,24.79,16.79,5442.32,5533.0,3.53,-9.69,12.98,9.72,12.55,9.29,4.53,2.2,1.58,1.0,4.47,2.15,False
59234,Flers-en-Escrebieux,59,5642,False,6.67,6.01,322.96,223.48,92.73,29.48,5442.54,5533.0,7.2,-7.32,9.05,7.33,9.34,7.61,7.47,5.39,2.71,1.0,5.36,3.23,False
59239,Flines-lez-Raches,59,5610,False,3.24,3.05,135.94,107.63,35.53,18.78,5571.36,5677.0,3.1,4.51,19.8,14.7,20.39,15.66,17.46,13.33,2.74,1.0,8.39,3.56,False
59238,Flines-lès-Mortagne,59,1649,False,2.83,2.49,79.66,101.81,25.65,6.44,1648.54,1667.0,2.75,2.8,28.78,25.2,28.26,24.35,17.12,13.5,3.44,1.0,4.73,1.23,True
59244,Fontaine-Notre-Dame,59,1763,False,3.89,3.46,287.45,146.9,75.41,12.56,1721.54,1759.0,4.27,-8.76,8.94,5.08,8.94,5.08,8.94,5.08,1.48,1.0,6.79,5.16,False
59247,Forest-sur-Marque,59,1659,True,4.96,4.54,208.56,191.34,71.72,27.86,1688.29,1660.0,5.07,-2.19,11.49,10.34,9.33,8.18,8.12,6.97,1.4,1.0,7.05,5.88,False
59250,Fournes-en-Weppes,59,2190,True,5.96,5.63,203.09,226.22,76.03,30.95,2218.66,2167.0,5.91,0.98,13.88,11.44,14.89,12.85,13.88,11.84,1.79,1.0,8.55,6.26,False
59252,Frelinghien,59,2581,True,4.89,4.51,161.62,207.97,62.07,21.34,2586.38,2617.0,5.09,-3.93,10.17,8.24,10.21,8.24,10.13,8.24,2.18,1.0,9.92,6.82,False
59253,Fresnes-sur-Escaut,59,7486,False,4.69,4.14,204.62,175.26,55.99,17.89,7256.04,7473.0,4.98,-5.78,16.64,12.37,11.69,7.32,11.68,7.32,2.49,1.0,2.74,1.0,True
59256,Fretin,59,3227,True,5.01,4.79,174.57,225.27,76.33,24.06,3170.01,3221.0,5.11,-2.02,14.71,9.49,14.78,9.49,10.31,5.67,2.57,1.0,5.27,2.31,False
59257,Fromelles,59,1076,True,5.62,5.3,174.25,217.6,71.86,28.39,1109.68,1133.0,5.59,0.43,15.06,10.31,15.08,10.31,15.06,10.31,3.72,1.88,4.14,2.14,False
59224,Féchain,59,1658,False,2.09,1.91,123.4,57.5,12.96,9.47,1753.0,1654.0,2.36,-11.24,17.08,14.4,19.08,16.52,18.02,14.4,1.46,1.0,14.08,11.9,False
59228,Férin,59,1447,False,3.21,2.79,166.47,110.98,33.53,13.7,1413.25,1441.0,3.57,-10.1,4.63,1.18,6.43,3.31,4.63,1.18,1.32,1.0,5.95,3.31,False
59258,Genech,59,2825,False,4.43,4.11,149.7,166.58,52.33,10.0,2652.91,2811.0,4.38,1.12,25.72,12.85,26.29,12.85,22.47,12.06,1.96,1.0,7.92,4.56,False
59260,Ghyvelde,59,4119,False,3.46,2.98,180.02,138.17,50.04,14.98,4074.28,4126.0,3.34,3.56,11.75,7.59,11.75,7.59,10.68,6.4,2.29,1.0,9.36,3.16,False
59262,Godewaersvelde,59,2053,False,3.8,3.44,118.76,132.64,51.44,24.09,1995.59,2037.0,3.74,1.68,14.54,11.1,14.54,11.1,14.46,11.1,1.83,1.0,7.41,4.06,False
59265,Gommegnies,59,2300,False,3.04,2.62,131.93,86.5,31.7,20.79,2242.5,2272.0,3.18,-4.09,27.15,22.02,26.5,21.02,12.2,5.16,4.24,1.0,9.71,4.57,False
59266,Gondecourt,59,4050,False,4.27,3.88,165.08,198.96,55.82,23.75,4041.0,4099.0,4.63,-7.67,4.91,1.0,4.42,1.0,4.28,1.0,1.61,1.0,6.72,3.66,False
59271,Grande-Synthe,59,20331,False,3.5,3.04,172.49,121.52,60.64,19.46,19489.22,20347.0,3.3,6.28,3.44,1.0,13.19,11.34,3.6,1.0,1.42,1.0,3.41,1.06,True
59275,Gruson,59,1237,True,3.94,3.73,140.75,152.14,51.56,16.86,1236.68,1223.0,3.92,0.51,18.67,17.46,18.67,17.46,17.88,16.67,6.04,4.3,1.33,1.0,True
59276,Guesnain,59,4656,False,2.96,2.6,144.35,89.11,35.15,15.91,4657.95,4645.0,3.28,-9.52,7.59,5.52,8.56,6.49,7.59,5.52,1.76,1.0,2.11,1.0,True
59263,Gœulzin,59,1042,False,3.82,3.23,203.83,130.71,38.94,16.77,1078.97,1044.0,4.03,-5.21,5.56,3.22,7.36,5.02,5.56,3.22,3.7,1.98,6.4,4.49,False
59278,Hallennes-lez-Haubourdin,59,4718,True,10.08,9.28,334.41,401.2,128.69,39.3,4585.62,4739.0,10.01,0.75,8.2,6.19,9.42,7.2,8.38,6.19,2.29,1.0,4.01,1.53,True
59279,Halluin,59,20829,True,2.71,2.53,100.11,98.81,33.18,14.89,19959.46,20684.0,2.66,1.95,10.91,5.39,10.91,5.39,9.33,5.39,1.5,1.0,6.22,3.7,False
59281,Hantay,59,1259,True,3.56,3.29,144.38,134.88,43.14,19.01,1166.16,1249.0,3.57,-0.28,17.56,15.74,17.56,15.74,17.56,15.74,4.47,2.8,7.68,5.78,False
59284,Hasnon,59,3874,False,4.23,3.76,170.66,126.15,50.87,19.18,3773.01,3853.0,4.28,-1.15,13.2,10.33,12.91,10.2,10.35,5.61,2.44,1.0,7.39,4.78,False
59286,Haubourdin,59,14757,True,4.75,4.35,195.4,207.34,54.87,23.52,14710.19,14922.0,4.75,0.06,8.11,5.61,9.3,6.46,7.54,4.74,1.58,1.0,2.29,1.0,True
59292,Haveluy,59,3250,False,3.49,3.01,202.51,85.14,27.46,17.1,3133.03,3224.0,3.96,-11.75,5.06,3.7,3.92,2.56,5.06,3.7,1.26,1.0,6.19,4.83,False
59293,Haverskerque,59,1401,False,3.53,3.15,148.25,110.32,50.87,19.49,1412.67,1385.0,3.46,2.17,14.71,11.86,15.01,11.86,14.71,11.86,4.14,1.15,12.33,6.5,False
59295,Hazebrouck,59,21498,False,3.64,3.0,118.66,119.37,64.12,21.39,22017.39,21785.0,3.59,1.39,2.88,1.0,2.88,1.0,2.88,1.0,1.73,1.0,2.64,1.0,True
59299,Hem,59,18713,True,6.37,5.78,252.35,259.34,90.69,29.31,18518.39,18579.0,6.52,-2.36,6.26,3.24,6.16,2.82,5.83,1.34,1.64,1.0,3.05,1.0,True
59301,Hergnies,59,4463,False,3.49,3.03,124.45,126.54,32.94,11.75,4301.28,4471.0,3.71,-5.95,25.74,22.68,21.32,17.63,15.64,12.57,2.26,1.0,11.52,7.8,False
59303,Herlies,59,2323,True,5.47,5.19,180.9,206.43,64.52,30.28,2259.67,2288.0,5.45,0.42,16.53,14.12,17.51,15.13,16.53,14.12,1.59,1.0,5.12,2.17,False
59305,Herzeele,59,1634,False,4.35,3.93,164.48,169.43,53.56,22.65,1590.47,1627.0,4.18,4.24,20.06,17.63,20.19,17.63,18.56,16.32,1.79,1.0,10.0,6.96,False
59309,Hondschoote,59,4026,False,2.1,1.93,90.68,77.9,19.2,10.87,3960.86,4010.0,1.91,10.06,19.72,15.5,19.72,15.5,18.75,14.31,1.66,1.0,1.61,1.0,True
59314,Hornaing,59,3535,False,3.37,3.0,181.3,86.67,24.23,18.73,3387.03,3522.0,3.66,-7.97,11.35,7.71,10.54,7.28,7.67,5.58,1.82,1.0,6.6,2.15,False
59316,Houplin-Ancoisne,59,3275,True,5.26,4.85,198.4,240.0,70.48,28.48,3310.76,3301.0,5.56,-5.22,9.5,4.66,9.86,5.16,9.87,5.3,2.93,1.0,2.83,1.0,True
59317,Houplines,59,7897,True,5.17,4.64,172.86,233.46,67.64,22.39,7629.7,7907.0,5.47,-5.52,6.61,4.08,6.62,4.08,6.61,4.08,1.67,1.0,8.88,6.09,False
59297,Hélesmes,59,1921,False,4.01,3.58,194.0,99.25,32.45,17.27,1841.36,1905.0,4.3,-6.67,9.39,5.07,8.45,4.14,9.29,5.07,1.49,1.0,6.51,2.62,False
59302,Hérin,59,4129,False,4.66,4.04,215.81,129.51,51.98,19.8,4036.24,4176.0,4.87,-4.29,6.82,4.04,6.82,4.04,6.82,4.04,1.72,1.0,6.08,3.36,False
59320,Illies,59,1664,True,7.13,6.68,268.26,254.96,85.88,33.3,1603.16,1688.0,7.13,0.03,17.69,12.38,17.78,12.38,22.31,17.4,5.51,2.43,6.05,2.69,False
59051,La Bassée,59,6622,True,5.3,5.01,210.87,181.74,68.65,24.42,6623.02,6678.0,5.25,1.05,14.8,12.94,14.8,12.94,16.99,12.94,2.04,1.0,2.1,1.0,True
59143,La Chapelle-d'Armentières,59,8719,True,7.08,6.4,225.09,304.78,96.8,34.1,8736.47,8782.0,7.22,-1.84,4.77,1.34,4.77,1.34,4.77,1.34,1.57,1.0,5.99,2.22,False
59268,La Gorgue,59,5599,False,4.59,4.36,148.98,136.19,57.28,18.93,5475.17,5553.0,4.53,1.5,16.75,11.24,16.8,11.24,16.75,11.24,2.13,1.0,2.49,1.0,True
59368,La Madeleine,59,22488,True,4.6,4.26,158.89,176.19,64.61,22.95,21440.55,22161.0,4.46,3.25,7.58,6.12,7.56,6.12,3.28,1.0,1.29,1.0,4.5,1.68,True
59564,La Sentinelle,59,3143,False,8.38,7.46,370.1,252.73,100.14,27.46,3075.0,3140.0,8.77,-4.38,4.15,2.86,4.15,2.86,4.15,2.86,1.74,1.0,2.96,1.59,True
59327,Lallaing,59,6250,False,4.15,3.81,196.63,126.35,51.04,19.3,6362.78,6212.0,4.38,-5.16,13.34,8.8,14.31,9.77,13.12,8.64,2.16,1.0,5.71,1.7,True
59328,Lambersart,59,27121,True,5.97,5.56,195.76,237.88,84.64,33.42,26995.04,27105.0,5.78,3.36,6.94,3.91,4.23,1.0,3.68,1.0,1.34,1.0,3.1,1.0,True
59329,Lambres-lez-Douai,59,4926,False,3.29,2.96,159.69,126.41,57.37,14.97,5017.8,4902.0,3.71,-11.17,3.0,1.0,3.34,1.0,3.01,1.0,1.72,1.0,4.58,2.24,False
59330,Landas,59,2447,False,5.39,4.92,175.62,165.34,59.01,18.22,2464.95,2482.0,5.19,3.74,21.75,13.76,21.46,13.76,18.2,11.13,2.9,1.0,3.19,1.0,True
59332,Lannoy,59,1800,True,3.67,3.27,181.46,149.61,40.64,16.03,1838.28,1791.0,4.05,-9.37,7.28,6.55,7.28,6.55,5.91,5.11,1.19,1.0,1.87,1.39,True
59334,Lauwin-Planque,59,1582,False,4.12,3.76,211.4,146.18,65.12,23.29,1593.96,1593.0,4.66,-11.65,8.23,5.71,8.51,5.99,7.81,5.12,1.8,1.0,4.89,2.32,False
59180,Le Doulieu,59,1454,False,5.3,4.93,152.16,158.67,63.26,21.22,1403.82,1445.0,5.17,2.46,19.35,13.46,19.35,13.46,13.9,10.91,7.28,1.9,8.64,5.12,False
59335,Lecelles,59,3004,False,5.02,4.47,153.96,146.95,48.5,18.79,3007.44,3048.0,4.89,2.68,20.72,16.15,20.72,16.15,8.45,4.45,2.42,1.0,5.37,1.0,True
59339,Leers,59,9588,True,3.84,3.45,201.73,162.76,41.62,14.97,9698.91,9555.0,4.25,-9.49,10.47,7.02,10.47,7.02,6.36,3.71,1.77,1.0,6.11,3.91,False
59340,Leffrinckoucke,59,4124,False,2.87,2.46,153.53,116.02,45.67,14.61,4284.03,4101.0,2.86,0.42,6.81,5.13,6.81,5.13,6.8,5.13,2.1,1.0,5.42,3.27,False
59343,Lesquin,59,9241,True,8.86,8.24,322.76,367.07,135.97,42.13,8891.23,9356.0,8.92,-0.75,8.89,6.08,8.89,6.08,4.55,1.0,2.07,1.0,5.54,1.67,True
59345,Lewarde,59,2403,False,3.34,2.88,174.68,98.39,34.73,13.27,2373.03,2388.0,3.75,-10.86,9.04,7.61,10.05,8.6,9.04,7.61,1.22,1.0,3.62,2.17,False
59346,Lezennes,59,3019,True,9.73,9.03,341.21,393.36,147.19,43.42,2933.78,2966.0,9.7,0.26,7.42,5.91,7.42,5.91,7.42,5.91,1.57,1.0,1.83,1.0,True
59348,Lieu-Saint-Amand,59,1461,False,4.08,3.5,227.36,106.05,29.68,19.17,1424.8,1464.0,4.61,-11.5,12.8,8.16,12.14,7.12,12.8,8.16,4.12,1.6,1.86,1.0,True
59350,Lille,59,236710,True,6.21,5.69,180.82,189.84,82.7,23.39,217512.59,238695.0,5.94,4.61,5.29,1.0,5.21,1.0,3.58,1.0,1.43,1.0,3.15,1.0,True
59352,Linselles,59,8192,True,3.55,3.35,114.58,129.04,42.5,14.22,8314.86,8177.0,3.67,-3.27,16.49,11.23,16.41,11.23,7.88,2.69,1.82,1.0,2.02,1.0,True
59356,Lompret,59,2182,True,3.73,3.43,132.27,158.72,53.34,25.95,2210.29,2170.0,3.62,3.12,6.52,3.25,4.69,1.48,4.63,1.48,1.93,1.0,5.9,2.85,False
59360,Loos,59,23013,True,3.12,2.81,151.23,145.11,30.66,15.12,21503.26,22948.0,3.25,-4.09,4.64,1.74,5.91,1.25,3.9,1.0,1.39,1.0,4.22,1.35,True
59361,Lourches,59,3814,False,4.59,4.0,252.46,118.29,35.86,23.84,3547.83,3756.0,5.23,-12.24,6.18,4.46,5.75,4.04,6.18,4.46,1.3,1.0,3.82,2.06,False
59367,Lys-lez-Lannoy,59,13793,True,4.11,3.7,206.61,151.0,52.2,24.08,13575.29,13987.0,4.32,-4.93,7.04,4.86,7.04,4.86,5.62,3.48,1.43,1.0,3.72,1.8,True
59369,Maing,59,4004,False,3.55,3.04,168.47,109.59,43.21,20.78,4010.23,3970.0,3.72,-4.73,10.63,7.16,10.0,7.16,10.86,7.16,1.73,1.0,6.2,3.51,False
59375,Marchiennes,59,4539,False,4.7,4.32,200.5,136.53,48.08,19.46,4461.11,4506.0,4.82,-2.65,19.44,13.84,19.02,14.81,9.39,5.73,2.19,1.0,8.21,4.78,False
59378,Marcq-en-Barœul,59,39356,True,5.72,5.27,220.97,231.9,80.68,30.89,39834.33,39943.0,5.66,0.94,9.34,6.04,9.1,6.04,3.13,1.0,1.49,1.0,5.74,1.86,True
59382,Maretz,59,1417,False,3.43,2.83,243.65,96.33,34.58,9.29,1373.61,1403.0,3.76,-8.7,14.14,12.47,14.14,12.47,14.14,12.47,6.72,3.74,9.0,7.37,False
59383,Marly,59,12024,False,6.23,5.59,274.07,209.33,89.71,23.54,11961.16,11980.0,6.27,-0.59,6.91,4.63,6.86,4.63,7.31,4.99,1.61,1.0,4.57,1.0,True
59387,Marquette-en-Ostrevant,59,1931,False,2.79,2.62,149.98,78.46,20.58,15.24,1918.87,1953.0,3.08,-9.35,18.27,16.1,17.84,15.67,13.03,10.61,1.38,1.0,10.2,6.49,False
59386,Marquette-lez-Lille,59,11213,True,8.29,7.68,308.51,336.23,113.91,37.49,11230.41,11709.0,8.34,-0.58,9.36,5.61,8.17,3.86,6.07,3.3,1.68,1.0,5.17,2.7,False
59388,Marquillies,59,1982,True,4.57,4.32,170.5,165.18,53.41,28.5,1949.71,1971.0,4.56,0.15,17.54,14.94,17.96,14.94,18.16,14.94,1.62,1.0,9.38,7.59,False
59390,Masny,59,4056,False,2.85,2.53,138.84,69.03,22.58,11.82,3991.06,4028.0,3.14,-8.96,11.65,9.4,12.62,10.37,9.83,7.34,1.72,1.0,5.98,3.93,False
59392,Maubeuge,59,29066,False,3.98,2.96,309.32,133.92,52.86,17.89,28643.09,28879.0,4.15,-4.17,5.84,1.48,5.84,1.48,4.12,1.0,1.55,1.0,2.93,1.0,True
59399,Merris,59,1049,False,5.48,4.92,161.36,178.07,72.45,24.14,1063.58,1078.0,5.4,1.54,10.88,7.82,10.88,7.82,10.6,7.78,4.89,1.87,10.38,6.97,False
59400,Merville,59,9652,False,4.57,4.21,162.92,136.17,66.91,20.47,9419.83,9729.0,4.49,1.89,17.9,11.57,18.27,11.57,17.89,11.57,2.48,1.0,2.91,1.0,True
59408,Moncheaux,59,1703,False,3.7,3.34,168.2,139.06,43.46,18.13,1638.91,1683.0,3.94,-6.19,16.11,13.48,19.62,17.25,12.0,10.13,3.31,1.24,6.6,3.56,False
59409,Monchecourt,59,2501,False,2.47,2.27,127.72,59.46,18.38,10.5,2402.48,2488.0,2.79,-11.42,16.11,13.81,17.55,14.97,13.94,11.8,1.82,1.0,8.09,6.28,False
59410,Mons-en-Barœul,59,21467,True,5.3,4.85,187.14,191.42,75.49,30.37,20590.51,21368.0,5.17,2.46,7.85,5.6,7.52,5.6,5.61,2.98,1.12,1.0,2.98,1.0,True
59411,Mons-en-Pévèle,59,2089,False,3.77,3.45,154.71,156.74,49.2,18.07,2135.67,2077.0,3.92,-3.9,19.7,16.21,20.28,16.71,13.25,9.66,2.61,1.0,2.99,1.0,True
59414,Montigny-en-Ostrevent,59,4681,False,3.68,3.37,176.08,104.55,42.61,17.86,4688.19,4588.0,3.94,-6.5,12.82,8.92,13.79,9.89,11.4,8.91,1.7,1.0,8.26,4.2,False
59416,Morbecque,59,2509,False,4.41,3.71,159.23,142.29,70.86,20.49,2564.44,2538.0,4.29,2.87,9.02,4.38,9.02,4.38,9.02,4.38,3.73,1.0,8.15,3.89,False
59418,Mortagne-du-Nord,59,1584,False,3.3,2.94,102.82,113.38,31.88,7.86,1516.48,1581.0,3.31,-0.27,24.61,21.73,24.61,21.73,12.92,10.04,1.67,1.0,1.24,1.0,True
59419,Mouchin,59,1441,False,4.58,4.16,144.34,160.15,51.33,10.65,1439.81,1466.0,4.46,2.67,26.49,23.35,26.49,23.35,20.14,16.02,2.04,1.0,2.03,1.0,True
59421,Mouvaux,59,13173,True,6.7,6.24,305.02,250.42,97.43,28.26,13404.34,13239.0,6.77,-0.98,8.73,6.7,8.73,6.7,4.95,2.59,1.64,1.0,4.04,1.64,True
59398,Mérignies,59,3360,False,4.14,3.8,166.18,172.95,56.47,21.41,3328.38,3476.0,4.33,-4.44,16.23,13.77,16.72,14.27,15.91,13.51,2.42,1.0,3.86,1.31,True
59401,Méteren,59,2256,False,6.65,5.93,195.75,238.07,83.64,31.7,2244.8,2230.0,6.52,2.01,13.67,7.23,13.67,7.23,7.31,4.36,2.37,1.0,6.33,3.54,False
59423,Neuf-Berquin,59,1403,False,4.75,4.35,156.06,142.65,64.97,23.87,1393.42,1422.0,4.66,1.89,15.75,13.56,15.75,13.56,15.75,13.56,5.38,2.0,5.12,3.3,False
59426,Neuville-en-Ferrain,59,10160,True,7.02,6.56,316.36,265.63,100.12,28.31,10082.98,10125.0,7.09,-1.09,5.06,1.77,5.06,1.77,5.03,1.77,2.11,1.0,4.26,2.3,False
59431,Nieppe,59,7606,False,5.65,5.12,166.51,223.61,75.17,28.17,7639.26,7685.0,5.64,0.11,5.53,2.72,5.53,2.72,5.5,2.72,1.63,1.0,6.05,1.73,True
59434,Nivelle,59,1379,False,4.7,4.14,145.53,155.23,44.99,14.51,1366.38,1393.0,4.7,-0.09,18.65,16.02,18.65,16.02,7.2,4.32,4.25,1.15,3.98,1.0,True
59435,Nomain,59,2585,False,4.85,4.46,159.44,165.15,55.17,13.28,2608.28,2618.0,4.71,2.97,23.76,14.37,23.92,14.37,23.08,13.58,2.64,1.0,6.83,2.03,False
59447,Onnaing,59,8719,False,5.06,4.5,217.37,172.44,69.36,18.69,8318.55,8567.0,5.25,-3.53,14.2,10.46,7.65,4.33,7.65,4.33,2.03,1.0,7.95,4.23,False
59449,Orchies,59,8455,False,5.91,5.4,195.81,192.94,65.64,28.71,8266.56,8390.0,5.76,2.48,25.1,19.31,25.23,18.16,19.42,15.39,2.07,1.0,2.67,1.0,True
59452,Ostricourt,59,5829,False,3.74,3.28,166.38,133.69,43.98,18.43,5802.56,6014.0,4.05,-7.7,13.61,10.57,16.5,14.35,6.13,3.42,1.99,1.0,9.25,5.83,False
59456,Pecquencourt,59,6232,False,5.82,5.28,286.76,163.78,60.12,27.17,5962.31,6160.0,6.26,-6.98,14.41,12.22,14.87,13.19,9.25,4.72,1.89,1.0,8.7,6.58,False
59459,Petite-Forêt,59,5058,False,4.42,3.88,195.36,130.51,55.7,19.82,4931.87,5058.0,4.58,-3.58,4.69,1.73,4.69,1.73,4.69,1.73,1.96,1.0,7.24,4.51,False
59462,Phalempin,59,4849,False,4.86,4.41,195.92,208.25,71.99,25.68,4925.73,4863.0,5.34,-8.92,7.19,5.09,7.71,5.59,7.76,5.73,1.69,1.0,1.94,1.0,True
59466,Pont-à-Marcq,59,2883,False,6.37,5.92,239.81,271.76,95.4,29.69,2996.86,3054.0,6.61,-3.72,13.06,11.16,13.56,11.66,12.8,10.9,1.36,1.0,1.94,1.0,True
59475,Prouvy,59,2173,False,4.38,3.81,220.18,121.71,49.95,21.99,2123.0,2202.0,4.72,-7.2,7.19,5.31,6.15,4.26,7.19,5.31,1.36,1.0,8.22,5.6,False
59477,Provin,59,4469,True,3.87,3.44,161.34,152.51,48.22,16.44,4284.62,4456.0,4.11,-5.89,15.33,13.33,14.92,12.84,14.26,12.37,1.67,1.0,3.25,1.0,True
59470,Prémesques,59,2060,True,6.18,5.66,200.46,272.24,83.5,27.19,1986.39,2029.0,6.26,-1.2,7.17,5.24,8.08,6.2,7.18,5.24,1.78,1.0,7.77,5.48,False
59471,Préseau,59,2065,False,4.37,3.82,170.13,137.38,51.79,20.8,2059.66,2083.0,4.52,-3.17,12.79,11.6,12.79,11.6,13.23,12.05,1.3,1.0,10.75,9.56,False
59457,Pérenchies,59,8519,True,4.64,4.29,159.36,202.48,66.22,27.98,8312.65,8487.0,4.65,-0.13,5.57,1.93,6.4,3.71,5.53,1.93,2.09,1.0,7.45,3.91,False
59458,Péronne-en-Mélantois,59,1004,True,4.97,4.72,166.27,195.14,71.28,20.58,974.08,1001.0,4.98,-0.22,15.18,9.49,15.18,9.49,11.51,8.7,5.47,3.16,6.45,4.57,False
59479,Quarouble,59,3131,False,4.43,3.94,184.42,147.0,51.5,17.73,3124.78,3141.0,4.74,-6.55,15.51,13.54,10.28,8.34,10.28,8.34,1.98,1.0,5.94,2.09,False
59482,Quesnoy-sur-Deûle,59,6920,True,5.12,4.75,172.66,211.29,68.26,23.11,6778.7,6863.0,5.18,-1.27,15.75,11.78,14.01,10.02,13.95,10.02,1.76,1.0,9.76,5.64,False
59485,Quiévy,59,1801,False,3.66,3.06,274.87,117.61,50.93,11.06,1755.62,1800.0,4.34,-15.68,15.88,13.54,15.88,13.54,15.88,13.54,1.27,1.0,9.72,7.76,False
59487,Radinghem-en-Weppes,59,1393,True,7.01,6.43,219.76,295.96,89.56,29.14,1385.38,1404.0,7.15,-2.03,10.66,7.31,10.81,7.31,10.71,7.31,4.9,1.4,5.06,1.56,True
59489,Raimbeaucourt,59,4015,False,2.98,2.7,135.62,107.84,34.51,13.28,4167.02,4012.0,3.11,-4.25,15.76,12.7,16.25,12.98,12.98,9.98,2.09,1.0,4.67,1.47,True
59491,Raismes,59,12055,False,6.04,5.38,258.4,194.2,74.95,22.82,11953.85,12140.0,6.28,-3.84,8.63,4.23,8.22,4.23,8.16,4.23,2.36,1.0,10.3,5.48,False
59497,Renescure,59,2128,False,3.83,3.16,160.9,141.96,47.89,20.59,2134.74,2130.0,4.19,-8.6,13.35,10.37,12.71,9.57,11.38,8.06,2.28,1.0,7.77,3.8,False
59499,Rexpoëde,59,1992,False,2.75,2.51,115.8,102.17,28.07,13.87,1923.27,1984.0,2.6,5.89,20.9,18.13,20.9,18.13,17.42,14.62,1.57,1.0,7.7,5.04,False
59501,Rieulay,59,1243,False,4.7,4.25,239.58,128.09,45.24,25.34,1305.15,1226.0,5.14,-8.73,14.1,12.06,13.68,11.63,6.1,4.39,1.52,1.0,5.22,3.44,False
59502,Rieux-en-Cambrésis,59,1438,False,3.34,2.71,257.56,126.8,45.98,17.8,1451.27,1432.0,3.67,-8.98,15.76,14.15,13.87,12.33,13.3,11.52,1.23,1.0,13.83,12.11,False
59507,Ronchin,59,19437,True,7.31,6.83,257.56,309.54,113.84,34.37,18941.59,19436.0,7.38,-1.04,5.29,2.52,5.29,2.52,4.33,1.02,1.43,1.0,3.34,1.0,True
59508,Roncq,59,13784,True,6.44,5.99,264.8,236.76,83.6,27.39,13728.42,13873.0,6.53,-1.41,10.49,7.55,10.49,7.55,4.64,1.0,1.9,1.0,2.9,1.0,True
59509,Roost-Warendin,59,5976,False,4.23,3.88,200.28,141.48,57.78,20.1,5951.86,5966.0,4.39,-3.69,11.96,8.43,12.24,8.71,9.24,5.71,1.6,1.0,2.06,1.0,True
59511,Rosult,59,1973,False,5.82,5.24,206.42,173.69,65.41,23.54,1944.96,1997.0,5.76,1.01,16.34,13.6,16.34,13.6,9.91,6.37,2.35,1.0,3.08,1.0,True
59512,Roubaix,59,98892,True,5.16,4.63,198.68,244.31,56.34,16.83,92860.8,99507.0,5.61,-8.03,3.98,1.0,3.98,1.0,3.4,1.0,1.25,1.0,4.74,1.0,True
59519,Rumegies,59,1740,False,4.8,4.3,137.21,147.39,46.65,17.71,1683.93,1738.0,4.6,4.42,25.03,21.56,25.03,21.56,13.84,11.18,1.58,1.0,1.66,1.0,True
59486,Râches,59,2660,False,5.3,4.9,247.49,181.2,66.14,23.01,2613.76,2644.0,5.6,-5.43,13.48,11.55,13.77,11.83,10.76,8.83,1.74,1.0,1.78,1.0,True
59504,Rœulx,59,3779,False,3.72,3.34,206.03,94.33,26.84,19.24,3671.94,3767.0,4.17,-10.68,8.5,6.66,8.08,6.23,8.5,6.66,1.33,1.0,6.1,4.25,False
59522,Sailly-lez-Lannoy,59,1949,True,2.09,1.89,108.16,75.35,26.08,14.05,1932.52,1936.0,2.25,-6.9,11.64,9.12,11.21,8.49,9.88,7.29,1.64,1.0,4.96,2.34,False
59523,Sainghin-en-Mélantois,59,2848,True,6.31,5.94,223.26,259.95,91.58,29.1,2829.75,2844.0,6.29,0.35,11.74,7.66,11.74,7.66,10.91,6.88,2.05,1.0,1.79,1.0,True
59524,Sainghin-en-Weppes,59,5641,True,3.83,3.58,126.49,155.2,43.47,25.28,5589.83,5663.0,3.91,-2.1,14.98,12.98,16.19,13.99,16.1,13.54,1.47,1.0,6.8,4.64,False
59526,Saint-Amand-les-Eaux,59,15980,False,4.97,4.44,155.06,156.18,50.1,18.22,16023.66,16042.0,4.94,0.53,15.24,9.5,15.23,9.5,3.71,1.0,1.96,1.0,4.15,1.0,True
59527,Saint-André-lez-Lille,59,12942,True,4.42,4.1,149.71,170.79,60.41,27.52,12475.41,12909.0,4.31,2.6,9.25,5.81,7.31,4.06,6.22,3.78,1.46,1.0,3.13,1.0,True
59535,Saint-Jans-Cappel,59,1642,False,3.16,2.87,77.9,102.97,31.27,17.27,1618.48,1609.0,3.06,3.33,19.52,17.21,19.52,17.21,7.34,5.06,1.7,1.0,6.38,4.26,False
59544,Saint-Saulve,59,11117,False,5.2,4.71,240.07,189.25,84.22,22.22,11207.47,11121.0,5.19,0.19,9.41,6.22,3.52,1.0,3.52,1.0,2.1,1.0,8.71,5.92,False
59546,Saint-Sylvestre-Cappel,59,1154,False,4.33,3.67,132.52,143.97,64.68,20.26,1151.49,1151.0,4.32,0.32,7.39,5.24,7.39,5.24,7.39,5.24,5.0,3.12,6.67,5.14,False
59550,Salomé,59,3051,True,5.96,5.57,254.59,206.18,70.78,28.5,2992.5,3116.0,6.02,-0.88,13.29,10.96,13.29,10.96,13.61,10.96,1.68,1.0,4.87,1.0,True
59551,Saméon,59,1738,False,5.03,4.53,162.14,143.6,50.06,17.61,1732.93,1722.0,4.9,2.65,20.12,16.34,20.12,16.34,14.85,11.29,4.38,2.38,4.63,2.11,False
59553,Santes,59,5660,True,4.76,4.4,174.66,213.42,60.05,27.75,5625.09,5656.0,4.82,-1.04,10.95,8.19,11.79,9.19,10.08,7.47,1.83,1.0,2.26,1.0,True
59557,Saultain,59,2553,False,5.83,5.2,255.66,182.32,73.63,22.96,2443.94,2526.0,6.02,-3.17,9.88,8.0,8.99,7.4,9.0,7.4,1.4,1.0,8.62,6.45,False
59559,Sebourg,59,1977,False,5.11,4.58,202.1,162.75,57.74,22.88,1966.57,1972.0,5.34,-4.18,17.68,13.66,14.89,11.66,14.88,11.66,2.82,1.0,11.15,6.6,False
59560,Seclin,59,12834,True,5.34,4.89,211.4,252.73,76.67,29.1,12750.62,13011.0,5.72,-6.65,3.37,1.0,3.83,1.0,3.97,1.0,1.5,1.0,2.79,1.0,True
59566,Sequedin,59,4762,True,5.65,5.11,223.32,248.55,65.71,26.06,4600.46,4722.0,5.66,-0.11,6.97,4.26,7.83,5.27,6.84,4.26,1.96,1.0,3.11,1.0,True
59569,Sin-le-Noble,59,15603,False,5.04,4.44,248.33,162.66,68.72,21.12,15652.13,15916.0,5.59,-9.76,5.81,1.97,6.52,3.48,5.56,1.97,2.09,1.0,4.36,1.0,True
59574,Somain,59,11790,False,3.73,3.33,197.03,95.96,31.38,22.9,11799.84,11902.0,4.08,-8.69,12.59,8.96,12.17,8.54,2.53,1.0,2.12,1.0,2.79,1.0,True
59578,Steenbecque,59,1650,False,3.46,3.0,123.46,103.0,42.44,16.39,1658.71,1626.0,3.42,1.32,10.58,8.32,10.58,8.32,10.58,8.32,1.81,1.0,10.09,7.83,False
59580,Steenvoorde,59,4324,False,5.04,4.43,157.25,181.64,68.46,25.98,4401.57,4308.0,4.97,1.47,12.2,9.75,12.2,9.75,12.17,9.75,2.18,1.0,2.64,1.0,True
59581,Steenwerck,59,3540,False,5.75,5.24,162.38,199.43,69.2,25.99,3493.82,3474.0,5.73,0.35,13.98,7.63,13.98,7.63,8.81,4.8,2.5,1.0,8.4,1.0,True
59585,Templemars,59,3635,True,4.91,4.5,197.24,232.79,72.67,28.99,3618.38,3630.0,5.23,-6.18,7.73,5.82,6.67,4.53,6.71,4.94,1.21,1.0,3.08,1.0,True
59586,Templeuve-en-Pévèle,59,6705,False,4.2,3.9,140.95,161.2,46.44,11.27,6901.2,6979.0,4.19,0.21,18.59,11.99,19.03,11.99,16.25,11.2,2.27,1.0,2.78,1.0,True
59592,Thumeries,59,4029,False,3.53,3.14,146.07,146.78,42.44,17.38,4033.63,4102.0,3.78,-6.59,16.45,13.17,16.95,13.67,8.94,6.74,2.2,1.0,5.48,3.13,False
59594,Thun-Saint-Amand,59,1110,False,4.42,3.92,132.57,140.2,43.44,13.8,1054.15,1102.0,4.39,0.52,22.04,18.5,22.04,18.5,10.35,6.8,4.42,2.03,4.21,1.83,True
59598,Toufflers,59,3910,True,3.74,3.38,189.74,133.98,46.48,20.86,3916.0,3964.0,3.95,-5.34,9.92,8.05,9.92,8.05,8.09,5.96,1.46,1.0,2.0,1.0,True
59599,Tourcoing,59,99011,True,4.23,3.99,240.65,154.19,61.55,17.3,94089.88,99160.0,4.44,-4.73,6.45,1.0,6.45,1.0,3.1,1.0,1.32,1.0,2.26,1.0,True
59602,Tressin,59,1395,True,4.5,4.15,180.85,168.11,62.38,27.74,1346.3,1390.0,4.57,-1.6,13.64,11.68,13.05,10.5,12.3,9.3,1.73,1.0,7.41,6.06,False
59603,Trith-Saint-Léger,59,6124,False,3.67,3.17,166.71,114.9,48.08,19.2,5975.02,6062.0,3.84,-4.63,7.25,4.23,7.24,4.23,7.33,4.23,2.14,1.0,5.94,3.54,False
59588,Téteghem-Coudekerque-Village,59,8384,False,5.06,4.49,258.16,192.07,78.03,18.79,8343.18,8272.0,4.96,2.06,6.97,2.44,6.97,2.44,5.97,1.57,2.08,1.0,3.35,1.0,True
59606,Valenciennes,59,42991,False,4.37,3.88,202.22,157.93,77.15,21.49,41706.06,42979.0,4.24,3.07,3.8,1.0,3.84,1.0,3.96,1.0,1.58,1.0,4.1,1.0,True
59609,Vendeville,59,1546,True,10.52,9.75,401.3,439.17,160.92,44.47,1601.04,1615.0,10.76,-2.29,9.74,7.03,9.45,7.03,4.96,3.43,2.74,1.59,3.66,2.32,False
59610,Verchain-Maugré,59,1102,False,3.37,2.86,193.33,108.25,35.17,16.61,1069.9,1103.0,3.85,-12.32,14.28,11.85,13.23,10.8,14.28,11.85,5.29,3.86,11.08,9.64,False
59611,Verlinghem,59,2673,True,6.16,5.71,222.29,257.36,83.68,33.71,2645.02,2678.0,6.14,0.42,8.63,4.91,7.05,3.16,7.02,3.16,1.91,1.0,8.31,4.43,False
59615,Vieux-Berquin,59,2649,False,5.66,5.02,175.84,185.64,82.74,23.38,2618.32,2641.0,5.55,1.95,11.55,5.83,11.55,5.83,11.54,5.83,2.89,1.0,9.1,5.54,False
59616,Vieux-Condé,59,10446,False,3.88,3.4,153.19,142.39,35.0,12.76,10272.87,10455.0,4.18,-7.32,22.85,19.04,17.8,13.99,16.98,13.18,1.91,1.0,6.65,2.96,False
59009,Villeneuve-d'Ascq,59,62067,True,5.38,5.04,197.77,232.1,84.66,34.6,58528.25,62342.0,5.4,-0.35,9.2,4.85,7.55,1.0,7.05,1.0,1.54,1.0,3.2,1.0,True
59622,Villers-en-Cauchies,59,1161,False,2.5,2.03,159.37,82.43,27.69,11.36,1156.65,1148.0,2.69,-6.88,18.02,16.9,16.36,15.08,15.54,14.27,4.32,2.9,8.78,7.8,False
59629,Vred,59,1311,False,4.94,4.49,239.31,138.65,51.56,25.48,1302.96,1311.0,5.31,-6.91,15.83,13.51,16.5,14.18,9.96,6.99,4.54,2.22,9.01,6.04,False
59630,Wahagnies,59,2605,False,3.56,3.11,147.37,142.83,45.4,16.46,2596.52,2596.0,3.86,-7.9,13.3,11.71,13.89,12.21,5.96,3.21,1.67,1.0,7.5,5.74,False
59632,Wallers,59,5598,False,4.04,3.57,200.98,112.18,38.22,17.99,5586.1,5618.0,4.32,-6.48,8.69,4.9,7.9,3.97,8.69,4.9,2.61,1.0,9.84,4.79,False
59636,Wambrechies,59,10798,True,7.14,6.63,252.32,299.61,101.18,34.22,10878.7,10984.0,7.11,0.49,10.43,6.68,8.68,4.93,8.79,6.07,2.04,1.0,8.44,5.69,False
59637,Wandignies-Hamage,59,1318,False,3.83,3.49,171.84,107.19,38.32,18.44,1278.5,1310.0,3.93,-2.62,16.99,15.18,16.41,14.35,9.46,6.93,5.19,3.01,8.49,5.98,False
59638,Wannehain,59,1331,False,2.66,2.44,91.29,109.57,33.57,16.53,1257.36,1332.0,2.66,0.08,19.59,17.22,19.59,17.22,18.82,16.43,5.76,3.93,12.71,11.0,False
59639,Wargnies-le-Grand,59,1101,False,4.6,4.05,180.48,137.2,52.38,27.42,1069.15,1113.0,4.73,-2.79,16.34,13.97,15.34,12.98,12.44,10.46,4.93,3.18,12.82,11.03,False
59641,Warhem,59,2022,False,3.47,3.12,150.68,131.16,45.18,16.52,2022.12,2035.0,3.25,6.8,15.75,12.04,15.75,12.04,12.36,8.53,1.95,1.0,7.69,4.32,False
59646,Wasquehal,59,20836,True,4.27,3.92,170.8,179.09,63.16,27.4,20683.87,20674.0,4.24,0.78,6.78,3.89,6.37,3.89,4.84,1.92,1.83,1.0,3.2,1.0,True
59647,Watten,59,2577,False,2.49,2.29,150.43,94.89,28.65,15.78,2586.61,2567.0,2.63,-5.14,21.15,19.43,21.21,19.48,15.64,13.91,1.82,1.0,1.97,1.0,True
59648,Wattignies,59,15531,True,3.99,3.68,177.73,202.62,53.66,22.42,15424.05,15756.0,4.31,-7.35,5.94,2.76,4.97,1.77,5.07,1.88,1.81,1.0,2.88,1.0,True
59650,Wattrelos,59,40836,True,4.27,3.86,197.57,203.72,45.34,10.96,39675.74,40881.0,4.66,-8.49,8.26,3.11,8.26,3.11,3.47,1.0,1.46,1.0,2.47,1.0,True
59651,Wavrechain-sous-Denain,59,1616,False,4.99,4.35,256.7,134.09,51.97,24.35,1573.42,1606.0,5.39,-7.38,3.37,2.73,2.31,1.68,3.37,2.73,1.48,1.0,4.46,3.82,False
59653,Wavrin,59,7773,True,5.43,5.08,181.96,226.95,69.27,29.66,7547.89,7777.0,5.48,-0.95,13.32,9.85,13.45,9.65,13.3,9.5,2.26,1.0,3.12,1.0,True
59654,Waziers,59,7354,False,4.79,4.34,242.64,160.67,68.13,22.49,7043.32,7312.0,5.25,-8.72,8.55,5.35,8.84,5.64,6.21,3.51,2.15,1.0,3.93,1.0,True
59656,Wervicq-Sud,59,5299,True,3.81,3.59,129.99,146.8,42.25,13.38,5257.56,5446.0,4.05,-5.91,16.86,15.0,16.86,15.0,11.57,9.11,1.57,1.0,6.0,2.71,False
59660,Willems,59,2996,True,3.92,3.56,170.21,146.6,52.32,25.13,2926.62,2969.0,4.06,-3.59,13.83,11.39,13.57,9.99,12.18,8.79,1.41,1.0,1.49,1.0,True
59662,Winnezeele,59,1300,False,3.46,3.12,117.92,127.16,38.44,19.04,1235.59,1280.0,3.37,2.55,16.08,13.56,16.1,13.56,16.01,13.56,5.42,3.31,5.45,2.88,False
59663,Wormhout,59,5705,False,3.35,3.03,119.83,136.72,42.04,17.7,5733.44,5645.0,3.26,2.88,21.19,15.55,21.61,15.55,19.82,14.42,1.97,1.0,11.14,4.81,False
59185,Écaillon,59,1910,False,3.22,2.93,153.65,78.82,25.58,12.17,1891.97,1883.0,3.5,-7.95,12.91,11.44,13.87,12.4,8.22,6.22,2.02,1.0,5.25,3.31,False
62004,Achicourt,62,7938,False,4.64,4.27,224.07,162.23,75.58,23.36,7895.96,7899.0,4.69,-1.17,8.85,5.77,8.85,5.77,8.85,5.77,1.69,1.0,4.46,1.88,True
62013,Agny,62,1879,False,4.33,4.04,201.68,145.86,60.97,20.52,1851.66,1863.0,4.35,-0.48,9.81,7.66,9.8,7.66,9.8,7.66,1.37,1.0,1.7,1.0,True
62014,Aire-sur-la-Lys,62,9585,False,4.16,3.56,165.37,136.65,41.55,15.04,9696.25,9568.0,4.17,-0.24,19.76,15.15,19.74,15.15,18.91,15.15,2.71,1.0,10.01,6.01,False
62019,Aix-Noulette,62,3913,False,4.02,3.61,234.46,138.27,47.37,22.94,3902.02,3915.0,4.5,-10.77,10.84,8.78,13.63,10.8,10.48,8.42,2.24,1.0,8.74,5.21,False
62032,Angres,62,4842,False,3.15,2.85,167.56,103.48,33.96,19.17,4641.73,4719.0,3.54,-10.97,6.4,4.16,13.54,11.48,6.07,3.8,1.72,1.0,6.13,4.04,False
62033,Annay,62,4517,False,4.71,4.23,234.94,161.99,58.35,25.94,4445.26,4544.0,5.02,-6.29,10.61,8.64,11.41,8.64,10.81,8.22,1.65,1.0,5.35,3.08,False
62034,Annequin,62,2145,False,4.29,4.06,209.92,163.56,61.63,16.99,2084.52,2147.0,4.33,-0.95,7.04,5.21,7.22,5.38,7.2,5.36,1.77,1.0,10.98,9.16,False
62035,Annezin,62,5813,False,3.7,3.44,238.69,150.45,49.12,14.51,5702.75,5819.0,3.89,-5.06,3.65,1.0,8.98,6.2,3.65,1.0,1.87,1.0,3.65,1.0,True
62037,Anzin-Saint-Aubin,62,2806,False,4.52,4.25,208.24,161.66,65.13,22.55,2902.92,2833.0,4.57,-1.14,5.35,2.11,5.13,2.11,5.13,2.11,2.07,1.0,4.31,2.17,False
62040,Arques,62,9655,False,3.47,3.0,164.19,133.97,50.06,17.37,9516.86,9526.0,3.83,-9.57,10.46,6.52,10.26,6.06,6.32,2.55,2.05,1.0,5.21,1.68,True
62041,Arras,62,42600,False,4.19,3.79,207.6,155.57,71.61,22.26,41215.38,42621.0,4.36,-3.86,4.9,1.0,4.79,1.0,4.79,1.0,1.47,1.0,4.77,1.0,True
62042,Athies,62,1059,False,3.94,3.59,178.56,133.83,62.4,24.04,1031.77,1049.0,3.93,0.46,11.27,9.93,11.27,9.93,11.27,9.93,1.91,1.0,11.18,9.56,False
62048,Auchel,62,10062,False,3.12,2.58,205.85,96.43,27.18,11.18,10031.11,10124.0,3.52,-11.44,8.96,5.82,8.96,5.82,8.96,5.82,1.71,1.0,2.39,1.0,True
62051,Auchy-les-Mines,62,4623,False,4.63,4.4,201.43,167.73,63.72,20.92,4475.73,4642.0,4.62,0.37,13.73,10.85,13.89,11.03,13.94,11.01,1.61,1.0,6.76,3.34,False
62065,Avion,62,17672,False,4.91,4.46,254.07,159.79,55.08,26.04,16944.51,17571.0,5.35,-8.21,8.44,3.89,9.74,6.97,8.53,3.66,1.84,1.0,3.27,1.0,True
62073,Bailleul-Sir-Berthoult,62,1430,False,4.52,4.09,214.14,141.87,58.71,27.54,1417.04,1432.0,4.66,-2.9,11.95,10.3,11.95,10.3,9.75,7.46,1.31,1.0,12.13,10.49,False
62083,Barlin,62,7366,False,2.87,2.54,224.19,112.76,45.68,19.03,7254.16,7330.0,3.22,-10.93,13.35,10.24,13.37,10.24,14.06,10.24,2.01,1.0,3.86,1.0,True
62099,Beaurains,62,5515,False,4.84,4.43,243.73,174.5,75.68,26.98,5503.96,5530.0,5.07,-4.63,10.95,9.19,10.95,9.19,10.95,9.19,1.77,1.0,4.66,2.67,False
62471,Bellinghem,62,1087,False,4.51,3.93,243.13,167.46,41.98,20.48,1030.66,1075.0,4.84,-6.76,7.72,4.97,10.25,7.5,8.05,5.3,5.55,4.09,5.53,3.63,False
62126,Beuvry,62,9111,False,4.25,4.05,240.18,161.48,58.67,16.81,9074.31,9078.0,4.32,-1.69,4.26,1.0,4.41,1.0,4.39,1.0,2.41,1.0,9.27,5.1,False
62128,Biache-Saint-Vaast,62,4481,False,2.68,2.34,133.18,86.49,28.0,18.97,4387.32,4519.0,2.63,1.82,14.0,11.88,14.28,12.16,12.41,8.79,1.73,1.0,17.15,15.03,False
62132,Billy-Berclau,62,5059,False,4.26,3.88,196.52,160.8,57.0,21.18,4904.8,5076.0,4.36,-2.36,13.64,10.68,13.64,10.68,13.64,10.68,1.64,1.0,5.72,2.91,False
62133,Billy-Montigny,62,8117,False,5.28,4.67,270.34,172.44,63.51,26.76,7642.05,8027.0,5.7,-7.28,7.13,4.79,14.48,12.59,4.38,2.22,1.42,1.0,8.63,6.59,False
62160,Boulogne-sur-Mer,62,40910,False,4.68,4.27,218.52,173.32,65.65,14.45,40436.32,41039.0,5.18,-9.66,5.16,1.0,4.79,1.0,4.93,1.0,1.21,1.0,3.34,1.0,True
62164,Bourlon,62,1140,False,2.95,2.57,209.47,112.48,57.34,10.67,1127.19,1148.0,3.06,-3.62,14.58,11.04,14.58,11.04,14.58,11.04,1.13,1.0,1.2,1.0,True
62170,Bouvigny-Boyeffles,62,2371,False,3.59,3.23,225.66,123.27,44.22,22.03,2419.54,2385.0,4.0,-10.18,12.66,9.64,14.68,11.66,12.32,9.28,2.21,1.0,7.57,3.97,False
62173,Brebières,62,5169,False,4.15,3.62,197.33,142.06,55.67,22.18,5103.15,5210.0,4.41,-5.89,6.3,3.15,6.58,3.43,6.25,3.1,3.18,1.0,9.45,6.3,False
62178,Bruay-la-Buissière,62,21827,False,3.01,2.72,241.1,95.55,40.47,13.45,21521.36,21997.0,3.42,-11.93,9.12,6.02,9.12,6.02,9.12,6.02,1.41,1.0,8.61,6.18,False
62181,Bucquoy,62,1480,False,2.94,2.79,151.1,73.64,20.99,21.68,1454.83,1506.0,3.64,-19.14,27.6,25.12,27.53,25.12,25.48,23.24,2.07,1.0,16.6,14.02,False
62186,Bully-les-Mines,62,12221,False,4.12,3.72,235.04,140.61,54.17,20.51,12073.53,12172.0,4.51,-8.56,9.94,6.51,12.08,8.54,9.71,6.16,2.06,1.0,7.2,3.9,False
62188,Burbure,62,2819,False,3.83,3.12,235.8,135.07,39.24,15.12,2797.8,2827.0,4.06,-5.52,14.55,10.26,14.56,10.26,14.55,10.26,1.99,1.0,2.1,1.0,True
62190,Busnes,62,1245,False,3.88,3.33,205.12,130.62,40.99,16.08,1230.11,1242.0,3.9,-0.41,15.77,12.97,21.08,18.22,15.77,12.97,6.47,3.15,12.69,9.69,False
62119,Béthune,62,24992,False,3.05,2.96,186.02,132.32,41.71,12.91,24724.34,25342.0,3.17,-3.69,4.42,1.0,6.48,3.33,4.47,1.0,1.42,1.0,4.3,1.0,True
62193,Calais,62,67380,False,3.84,3.06,239.25,142.93,49.03,12.15,66359.42,67585.0,4.01,-4.46,6.17,1.07,6.17,1.07,5.91,1.07,1.43,1.0,8.7,1.98,True
62194,Calonne-Ricouart,62,5463,False,3.33,2.96,240.73,91.48,33.48,11.5,5354.74,5416.0,3.79,-12.32,5.77,2.66,5.77,2.66,5.77,2.66,2.13,1.0,3.75,1.06,True
62195,Calonne-sur-la-Lys,62,1560,False,4.5,4.27,195.21,135.47,53.98,17.42,1554.86,1578.0,4.49,0.13,15.36,10.79,18.43,12.97,15.36,10.79,7.0,4.63,8.48,5.94,False
62200,Cambrin,62,1228,False,4.9,4.62,228.45,175.11,65.54,19.46,1204.66,1250.0,4.91,-0.16,8.22,6.47,8.4,6.65,8.38,6.63,2.11,1.0,9.08,7.27,False
62215,Carvin,62,17852,False,4.73,4.22,206.42,173.12,58.74,27.33,17608.76,17966.0,5.17,-8.53,11.15,7.14,13.2,8.88,8.01,4.98,2.09,1.0,3.93,1.0,True
62224,Chocques,62,2824,False,3.8,3.33,264.07,158.74,48.83,14.8,2777.6,2808.0,4.04,-5.86,6.79,4.94,12.01,10.19,6.79,4.94,2.23,1.0,7.4,5.51,False
62240,Corbehem,62,2266,False,3.32,2.92,169.45,124.19,47.9,19.27,2255.69,2268.0,3.68,-9.58,5.84,3.76,6.12,4.04,5.79,3.71,1.54,1.0,8.99,6.91,False
62249,Courcelles-lès-Lens,62,8213,False,5.66,5.12,274.97,189.21,75.38,32.95,7531.48,8015.0,6.08,-6.83,9.4,7.09,12.59,9.57,7.57,4.87,2.0,1.0,9.0,6.04,False
62250,Courrières,62,10199,False,5.08,4.53,254.74,167.43,66.27,23.55,10141.26,10160.0,5.53,-8.19,5.61,2.92,16.14,10.9,5.44,2.85,1.61,1.0,2.2,1.0,True
62262,Cuinchy,62,1754,False,4.32,4.11,195.2,153.72,56.8,18.92,1798.42,1784.0,4.3,0.54,10.69,8.37,10.87,8.54,10.85,8.52,1.9,1.0,8.01,5.96,False
62263,Dainville,62,5703,False,4.44,4.19,214.01,155.35,66.08,21.36,6103.63,5718.0,4.27,3.91,6.0,3.65,5.97,3.65,5.97,3.65,1.63,1.0,7.06,5.25,False
62274,Dourges,62,5997,False,5.44,4.9,261.61,184.17,74.03,29.96,5800.64,6068.0,5.94,-8.47,7.52,1.25,14.5,11.28,6.55,1.0,2.1,1.0,7.68,5.37,False
62276,Douvrin,62,5795,False,5.01,4.66,224.94,178.52,63.32,23.92,5594.99,5799.0,5.08,-1.32,12.59,8.98,12.59,8.98,12.61,8.98,1.76,1.0,6.35,1.76,True
62277,Drocourt,62,2943,False,4.03,3.59,187.09,123.03,46.48,27.15,2948.68,2952.0,4.24,-4.97,9.06,6.96,15.82,14.22,4.8,2.82,1.64,1.0,11.95,10.85,False
62279,Duisans,62,1383,False,4.65,4.45,194.43,152.48,53.11,20.46,1408.5,1393.0,4.45,4.49,7.68,4.94,6.08,3.34,6.08,3.34,4.71,2.83,5.25,2.42,False
62310,Essars,62,1755,False,4.86,4.74,246.42,178.56,62.19,14.54,1746.68,1765.0,4.93,-1.4,4.61,2.87,6.74,4.83,4.64,2.87,1.8,1.0,5.85,4.1,False
62311,Estevelles,62,2024,False,3.73,3.33,175.86,137.0,47.87,21.02,1907.58,2002.0,4.04,-7.76,12.25,11.04,15.64,13.43,11.47,9.45,4.02,2.12,7.89,6.12,False
62323,Fampoux,62,1219,False,2.97,2.67,136.2,96.76,38.29,20.31,1210.74,1243.0,2.96,0.27,15.11,13.04,15.11,13.04,13.45,12.51,3.18,1.59,14.94,12.97,False
62330,Festubert,62,1266,False,4.85,4.72,205.88,169.9,63.29,18.8,1224.6,1253.0,4.87,-0.39,12.89,9.31,13.09,9.49,13.07,9.47,3.99,1.98,9.03,5.0,False
62331,Feuchy,62,1015,False,4.12,3.66,180.66,131.29,70.01,25.31,1013.88,1003.0,4.11,0.15,11.33,9.75,11.33,9.75,11.33,9.75,1.84,1.0,10.9,8.91,False
62338,Fleurbaix,62,2862,False,6.49,6.03,194.81,253.21,85.55,33.99,2981.45,2944.0,6.51,-0.34,8.74,6.34,8.74,6.34,8.74,6.34,2.12,1.0,2.07,1.0,True
62349,Fouquereuil,62,1632,False,4.84,4.33,322.98,195.01,66.4,20.15,1569.48,1630.0,5.09,-4.86,8.34,6.0,9.38,7.75,8.35,6.0,2.41,1.0,6.67,4.45,False
62350,Fouquières-lès-Béthune,62,1115,False,4.88,4.41,329.02,189.45,66.01,21.72,1149.4,1111.0,5.12,-4.63,7.02,4.84,7.07,4.89,7.13,4.96,2.73,1.46,7.06,5.49,False
62351,Fouquières-lès-Lens,62,6233,False,5.15,4.62,262.08,168.34,61.53,27.28,6050.53,6134.0,5.66,-8.95,7.01,4.09,12.99,8.84,3.45,1.0,1.68,1.0,6.44,2.87,False
62371,Givenchy-en-Gohelle,62,2026,False,4.11,3.75,205.93,138.15,54.48,21.66,2042.92,2049.0,4.35,-5.56,7.33,5.39,13.95,12.17,6.97,5.03,1.33,1.0,7.95,6.47,False
62373,Givenchy-lès-la-Bassée,62,1006,False,3.98,3.82,155.83,136.24,49.78,19.55,966.5,989.0,3.96,0.63,12.94,10.11,13.12,10.29,13.1,10.27,2.73,1.0,6.37,3.76,False
62376,Gonnehem,62,2507,False,3.8,3.36,234.0,146.73,48.31,12.42,2536.94,2532.0,3.94,-3.65,8.93,4.15,14.26,9.5,8.93,4.15,3.49,1.0,10.21,5.64,False
62383,Gouy-sous-Bellonne,62,1396,False,2.67,2.2,152.98,108.54,32.19,12.51,1389.72,1394.0,2.98,-10.53,7.94,6.34,9.53,8.13,7.94,6.34,1.37,1.0,9.25,7.66,False
62386,Grenay,62,6704,False,3.96,3.58,202.58,129.47,52.41,20.71,6358.88,6674.0,4.16,-4.95,9.28,6.71,11.42,8.87,8.92,6.35,1.63,1.0,6.62,4.12,False
62391,Guarbecque,62,1369,False,3.53,3.02,174.86,124.1,38.08,13.3,1389.8,1375.0,3.52,0.37,19.0,16.94,23.83,21.8,19.0,16.94,2.62,1.0,14.89,11.42,False
62400,Haillicourt,62,4884,False,3.45,3.16,265.92,123.26,50.68,16.49,4829.24,4974.0,3.73,-7.46,10.79,8.74,10.81,8.74,10.84,8.74,1.4,1.0,6.37,4.04,False
62401,Haisnes,62,4427,False,3.95,3.71,173.95,132.83,51.4,20.19,4232.38,4411.0,3.88,1.96,12.04,8.97,12.04,8.97,12.1,8.97,1.77,1.0,6.14,1.76,True
62412,Hardinghen,62,1219,False,1.58,1.39,121.31,65.89,20.12,13.28,1294.14,1245.0,1.7,-7.4,23.21,20.66,22.3,19.85,21.81,19.55,1.9,1.0,12.44,9.55,False
62413,Harnes,62,12317,False,3.92,3.56,204.51,128.12,52.49,22.7,12230.9,12264.0,4.22,-7.15,8.48,5.32,12.24,8.69,7.52,5.08,1.43,1.0,3.09,1.0,True
62443,Hersin-Coupigny,62,6147,False,3.74,3.38,252.34,138.65,50.83,19.75,5874.62,6098.0,4.03,-7.1,12.76,10.34,13.65,10.63,14.35,10.7,2.55,1.0,3.05,1.0,True
62452,Heuringhem,62,1379,False,4.28,3.69,217.71,167.27,48.24,24.48,1389.74,1389.0,4.64,-7.55,6.58,4.28,6.85,4.67,6.7,4.46,4.27,1.58,5.61,2.78,False
62454,Hinges,62,2417,False,3.9,3.65,223.87,141.55,44.49,13.29,2411.06,2450.0,3.98,-2.11,6.56,3.57,11.38,8.13,6.56,3.57,3.4,1.0,7.96,5.07,False
62457,Houdain,62,7030,False,2.9,2.62,216.01,92.86,34.17,14.76,6989.62,6990.0,3.32,-12.7,8.65,6.17,8.65,6.17,8.65,6.17,1.9,1.0,6.79,4.14,False
62464,Hulluch,62,3367,False,5.59,5.14,260.87,186.92,67.42,27.6,3304.16,3377.0,5.79,-3.5,8.42,6.48,8.42,6.48,8.42,6.48,1.58,1.0,8.06,6.6,False
62427,Hénin-Beaumont,62,26035,False,4.55,4.04,228.95,148.95,58.3,23.84,25056.43,25764.0,4.91,-7.37,4.78,1.0,14.99,9.92,3.42,1.0,2.02,1.0,8.73,3.44,False
62476,Izel-lès-Équerchin,62,1058,False,3.82,3.4,178.6,125.3,48.49,22.8,1034.35,1049.0,3.93,-2.92,12.82,11.6,13.11,11.88,7.32,5.09,5.57,3.72,12.6,11.25,False
62252,La Couture,62,2616,False,4.61,4.49,179.2,146.2,53.57,16.3,2569.41,2608.0,4.54,1.63,11.73,7.55,13.9,9.72,12.36,9.27,2.96,1.0,9.21,3.73,False
62479,Labeuvrière,62,1654,False,3.46,3.08,251.31,133.93,46.09,15.47,1598.64,1651.0,3.73,-7.24,9.84,6.05,14.17,9.48,9.84,6.05,4.03,1.03,9.88,5.47,False
62480,Labourse,62,2894,False,3.49,3.28,192.43,146.42,51.9,12.28,2735.77,2876.0,3.51,-0.57,6.75,3.11,6.86,3.29,6.88,3.27,2.06,1.0,9.41,6.32,False
62489,Lapugnoy,62,3518,False,3.32,2.92,235.08,115.34,37.44,12.66,3469.84,3500.0,3.64,-8.76,10.39,8.12,11.56,8.69,10.39,8.12,1.82,1.0,8.07,5.31,False
62491,Laventie,62,4969,False,5.42,5.11,162.33,184.78,70.39,18.32,5034.18,5007.0,5.43,-0.02,17.05,12.59,17.12,12.59,17.12,12.59,2.11,1.0,3.27,1.0,True
62497,Leforest,62,7179,False,3.61,3.28,171.67,130.71,43.99,19.32,6985.43,7120.0,3.92,-7.81,12.9,10.03,16.52,13.81,10.97,7.44,1.57,1.0,6.96,4.0,False
62498,Lens,62,32618,False,5.72,5.2,290.46,190.26,67.18,30.8,32471.03,32697.0,6.15,-7.06,4.83,1.0,5.05,1.0,4.94,1.0,1.92,1.0,3.66,1.0,True
62502,Lestrem,62,5073,False,3.87,3.72,147.94,107.16,46.36,17.14,4882.97,5041.0,3.81,1.79,15.2,8.44,17.28,10.61,15.2,8.44,4.33,1.0,3.95,1.0,True
62907,Libercourt,62,8138,False,4.03,3.59,179.72,153.74,52.78,26.09,7891.4,8047.0,4.47,-9.98,12.46,9.7,13.71,10.66,3.45,1.0,1.62,1.0,8.43,5.8,False
62516,Lillers,62,9988,False,3.93,3.19,216.61,144.34,40.72,12.43,9971.81,10200.0,4.03,-2.46,14.28,9.22,17.9,13.3,14.28,9.22,2.32,1.0,6.85,2.16,False
62510,Liévin,62,30149,False,4.3,3.89,245.14,145.32,53.17,23.8,29269.76,30113.0,4.75,-9.33,4.31,1.0,9.91,6.47,4.05,1.0,1.97,1.0,2.67,1.0,True
62520,Locon,62,2342,False,4.46,4.33,213.88,151.8,56.35,14.24,2376.64,2332.0,4.54,-1.7,7.54,4.64,9.72,6.81,7.54,4.64,2.07,1.0,8.53,5.87,False
62523,Loison-sous-Lens,62,5255,False,6.45,5.85,323.25,214.65,76.8,31.66,5097.87,5202.0,6.84,-5.75,7.77,5.5,7.78,5.5,7.1,5.41,1.9,1.0,5.35,2.64,False
62525,Longuenesse,62,10568,False,3.69,3.23,201.19,151.9,52.25,16.19,10499.91,10559.0,3.92,-5.94,9.51,6.0,10.21,6.98,4.85,2.23,1.6,1.0,3.11,1.0,True
62528,Loos-en-Gohelle,62,6896,False,5.74,5.21,290.18,192.54,73.54,28.59,6722.44,6850.0,6.14,-6.5,7.49,4.52,7.92,4.52,7.46,4.52,1.89,1.0,6.72,1.51,True
62529,Lorgies,62,1609,False,5.58,5.4,196.06,189.89,67.45,21.48,1580.17,1630.0,5.47,1.96,16.84,13.98,18.35,15.63,18.9,16.14,5.27,2.07,5.38,2.13,False
62540,Maisnil-lès-Ruitz,62,1691,False,3.73,3.34,267.29,123.87,53.38,20.26,1616.43,1685.0,4.16,-10.38,11.16,9.45,11.16,9.45,11.16,9.45,3.5,1.98,1.94,1.0,True
62543,Mametz,62,1998,False,3.4,3.04,145.01,110.37,26.1,14.96,1997.82,1985.0,3.48,-2.21,17.08,13.36,17.48,13.65,17.26,13.53,1.8,1.0,7.09,3.36,False
62557,Marœuil,62,2441,False,4.52,4.32,184.97,142.13,52.16,20.17,2451.0,2430.0,4.45,1.55,8.71,6.12,7.11,4.53,7.11,4.53,1.8,1.0,1.86,1.0,True
62563,Mazingarbe,62,8068,False,3.47,3.15,170.66,120.31,49.86,18.12,7805.38,8164.0,3.55,-2.28,12.98,9.01,13.6,9.01,13.33,9.01,1.8,1.0,10.28,7.11,False
62573,Meurchin,62,3717,False,4.81,4.33,221.83,170.37,62.35,20.88,3627.74,3715.0,5.03,-4.28,13.89,11.42,13.93,11.42,13.29,10.6,1.53,1.0,5.7,3.74,False
62584,Mont-Bernanchon,62,1316,False,3.87,3.56,227.05,142.97,48.33,16.62,1290.62,1319.0,3.95,-2.03,9.38,5.9,14.41,11.26,9.38,5.9,6.77,4.01,10.71,7.4,False
62587,Montigny-en-Gohelle,62,9870,False,5.81,5.22,292.84,191.7,70.0,29.32,9556.53,9667.0,6.28,-7.38,3.85,1.48,12.95,10.08,3.34,1.0,1.62,1.0,6.22,3.35,False
62570,Méricourt,62,11431,False,3.23,2.9,171.28,97.36,30.9,18.17,11576.73,11651.0,3.45,-6.35,11.39,9.14,12.38,9.26,6.21,2.19,1.67,1.0,7.84,4.44,False
62606,Neuve-Chapelle,62,1419,False,4.87,4.73,164.28,163.58,61.61,19.13,1341.87,1404.0,4.79,1.75,15.68,13.98,17.84,16.15,17.84,16.14,5.83,4.36,7.14,5.92,False
62609,Neuville-Saint-Vaast,62,1603,False,5.57,5.13,269.12,194.44,76.4,25.11,1653.83,1626.0,5.86,-4.95,11.28,9.12,11.11,8.96,11.11,8.96,1.28,1.0,8.42,6.15,False
62620,Norrent-Fontes,62,1362,False,3.39,2.81,164.22,125.63,33.51,14.2,1404.98,1372.0,3.41,-0.65,20.18,18.25,22.29,20.19,20.18,18.25,1.58,1.0,11.21,9.28,False
62624,Noyelles-Godault,62,5906,False,7.66,6.79,352.35,253.76,99.83,40.36,5809.27,5949.0,8.12,-5.7,7.73,5.82,13.47,11.68,5.1,2.63,1.96,1.0,9.58,7.93,False
62626,Noyelles-lès-Vermelles,62,2294,False,3.94,3.66,188.99,144.03,55.6,17.18,2181.22,2278.0,3.97,-0.6,9.37,7.58,9.54,7.76,9.52,7.74,3.49,1.33,12.32,9.72,False
62628,Noyelles-sous-Lens,62,6659,False,7.26,6.53,362.36,240.17,84.49,34.06,6778.53,6757.0,7.87,-7.83,9.59,7.22,10.44,7.6,3.33,1.0,1.74,1.0,6.42,2.7,False
62617,Nœux-les-Mines,62,11520,False,3.96,3.64,245.04,157.52,59.32,18.23,11535.41,11384.0,4.14,-4.44,9.97,6.64,10.02,6.69,10.08,6.76,1.47,1.0,5.8,3.02,False
62637,Oignies,62,10210,False,4.34,3.87,193.65,155.22,57.37,27.77,10116.07,10260.0,4.72,-7.96,12.02,8.38,16.44,12.9,3.44,1.0,2.4,1.0,7.95,4.13,False
62638,Oisy-le-Verger,62,1188,False,2.99,2.49,228.45,135.02,48.46,12.29,1241.43,1200.0,3.03,-1.42,17.31,13.91,19.24,16.04,17.29,13.91,1.31,1.0,7.2,6.11,False
62666,Pont-à-Vendin,62,3136,False,3.79,3.43,175.27,135.33,47.23,18.26,2919.04,3099.0,4.05,-6.42,14.03,11.53,14.66,11.53,14.13,11.53,1.72,1.0,8.84,6.31,False
62684,Racquinghem,62,2214,False,4.63,4.04,197.51,156.97,53.84,16.64,2142.61,2197.0,4.88,-5.14,13.32,10.79,12.53,9.99,11.01,8.47,2.59,1.0,2.48,1.0,True
62693,Rebreuve-Ranchicourt,62,1071,False,3.38,3.0,238.41,103.29,43.28,20.45,1087.8,1071.0,3.88,-12.87,12.1,8.02,12.1,8.02,12.1,8.02,3.93,1.82,7.17,5.15,False
62706,Richebourg,62,2618,False,4.71,4.59,170.68,150.62,55.71,15.48,2653.19,2653.0,4.67,0.9,14.83,9.42,16.93,11.6,16.57,11.58,3.17,1.0,9.02,4.77,False
62712,Rivière,62,1124,False,3.89,3.74,203.89,115.18,37.98,20.23,1133.76,1124.0,4.02,-3.13,15.84,13.21,14.9,12.85,14.9,12.85,5.23,2.79,10.31,6.91,False
62713,Robecq,62,1329,False,4.61,4.15,229.5,155.89,54.43,16.84,1303.66,1320.0,4.64,-0.67,11.05,9.13,16.4,14.48,11.05,9.13,5.46,2.52,12.45,10.62,False
62724,Rouvroy,62,8797,False,3.42,3.07,169.43,106.12,37.01,21.05,8410.73,8675.0,3.68,-6.91,10.31,7.09,15.62,12.4,5.8,1.8,1.91,1.0,10.33,7.19,False
62727,Ruitz,62,1509,False,3.72,3.42,276.83,135.73,55.57,20.06,1496.82,1493.0,4.03,-7.69,11.96,10.32,11.98,10.37,12.0,10.44,1.92,1.0,2.78,1.0,True
62718,Rœux,62,1390,False,2.96,2.68,132.13,98.59,40.83,22.4,1362.24,1393.0,2.91,1.75,17.3,14.76,17.38,15.04,14.12,10.84,1.46,1.0,17.07,15.75,False
62735,Sailly-Labourse,62,2577,False,4.37,4.13,238.5,163.82,65.17,15.03,2412.9,2535.0,4.45,-1.84,5.81,3.49,5.98,3.67,5.96,3.65,1.44,1.0,11.43,10.05,False
62736,Sailly-sur-la-Lys,62,3883,False,5.88,5.46,169.28,199.93,76.0,23.55,3916.74,3932.0,5.82,0.91,9.64,6.36,9.64,6.36,9.64,6.36,1.68,1.0,2.17,1.0,True
62737,Sains-en-Gohelle,62,5995,False,3.98,3.58,232.08,138.69,47.41,22.72,5849.26,5972.0,4.38,-9.08,11.8,9.75,13.65,11.77,12.59,9.39,1.62,1.0,5.51,2.68,False
62753,Saint-Laurent-Blangy,62,6507,False,6.02,5.52,280.13,213.92,94.3,30.96,6439.54,6492.0,6.2,-2.87,7.26,4.58,7.26,4.58,7.26,4.58,1.79,1.0,7.28,3.95,False
62764,Saint-Nicolas,62,4603,False,5.39,4.92,262.7,201.74,85.69,27.46,4602.18,4548.0,5.63,-4.21,4.9,2.4,4.9,2.4,4.9,2.4,1.62,1.0,5.21,2.72,False
62765,Saint-Omer,62,14661,False,3.41,2.97,189.4,161.34,48.73,13.44,13834.75,14358.0,3.83,-11.09,12.71,9.32,13.23,9.83,7.34,4.11,1.61,1.0,3.39,1.0,True
62770,Saint-Venant,62,3022,False,3.48,3.14,168.43,112.83,37.77,13.39,3079.28,3002.0,3.46,0.61,14.41,10.87,18.98,16.22,14.41,10.87,2.28,1.0,16.12,12.36,False
62744,Sainte-Catherine,62,3594,False,4.49,4.15,212.35,162.6,68.92,24.23,3562.37,3533.0,4.67,-3.94,4.93,1.0,4.9,1.0,4.9,1.0,2.49,1.0,3.48,1.0,True
62771,Sallaumines,62,9650,False,5.2,4.71,272.44,166.6,61.02,26.93,9425.81,9633.0,5.63,-7.73,9.29,5.94,9.47,5.94,5.46,2.19,1.66,1.0,5.47,1.95,True
62793,Servins,62,1134,False,4.02,3.64,249.02,135.0,50.58,22.89,1089.65,1146.0,4.35,-7.58,16.43,14.94,18.42,16.96,16.05,14.58,4.75,3.34,7.38,5.86,False
62801,Souchez,62,2658,False,3.58,3.29,190.73,131.33,48.32,21.93,2665.96,2664.0,4.01,-10.65,9.92,7.68,15.9,13.58,9.56,7.32,1.54,1.0,9.36,7.12,False
62810,Thélus,62,1271,False,5.96,5.43,288.12,197.13,81.29,31.35,1292.92,1303.0,6.24,-4.44,11.1,9.17,11.12,9.17,11.29,9.17,4.56,2.16,9.94,7.5,False
62817,Tilloy-lès-Mofflaines,62,1519,False,5.17,4.68,225.45,163.9,80.97,27.27,1489.2,1564.0,5.27,-2.03,9.25,7.33,9.25,7.33,9.25,7.33,1.52,1.0,7.18,5.6,False
62836,Vaudricourt,62,1104,False,4.99,4.55,324.5,192.3,71.95,21.12,1124.72,1129.0,5.23,-4.53,6.95,5.6,7.0,5.65,7.07,5.72,3.97,2.1,8.03,5.81,False
62842,Vendin-le-Vieil,62,8381,False,5.54,5.06,262.69,196.57,69.36,27.03,8192.27,8596.0,5.82,-4.8,9.81,5.1,9.82,5.1,9.82,5.1,1.64,1.0,8.21,4.41,False
62841,Vendin-lès-Béthune,62,2393,False,4.46,4.06,285.08,175.24,56.57,15.27,2431.61,2384.0,4.69,-4.82,3.65,1.92,9.8,8.09,3.65,1.92,1.43,1.0,5.08,3.42,False
62846,Vermelles,62,4748,False,4.24,3.96,200.54,151.8,61.82,18.31,4576.03,4729.0,4.32,-1.71,11.39,9.9,11.56,10.07,11.56,10.05,1.58,1.0,10.53,7.9,False
62847,Verquigneul,62,2016,False,3.48,3.27,208.77,144.58,52.99,13.96,1880.5,2013.0,3.54,-1.75,5.41,2.67,5.46,2.72,5.52,2.78,2.67,1.0,8.72,6.09,False
62848,Verquin,62,3459,False,4.54,4.15,285.53,175.1,65.65,16.76,3436.17,3452.0,4.7,-3.26,6.04,3.55,6.09,3.6,6.16,3.67,2.86,1.0,8.1,5.81,False
62861,Vimy,62,4307,False,4.62,4.18,226.74,154.0,58.5,26.05,4416.85,4281.0,4.86,-4.9,11.24,8.75,12.15,9.77,11.01,7.34,1.51,1.0,7.17,4.7,False
62863,Violaines,62,3831,False,4.45,4.26,164.73,135.98,56.2,22.23,3730.08,3844.0,4.35,2.28,15.83,10.66,15.98,10.84,16.15,10.82,1.66,1.0,1.94,1.0,True
62865,Vitry-en-Artois,62,4787,False,3.97,3.44,192.7,135.18,48.36,22.86,4824.43,4842.0,4.14,-4.06,9.4,7.2,9.68,7.48,9.36,7.16,1.49,1.0,12.56,10.36,False
62869,Wailly,62,1081,False,4.36,4.11,224.35,147.34,62.76,22.7,1080.58,1076.0,4.38,-0.34,12.56,10.32,12.16,9.72,12.16,9.72,5.76,3.49,6.29,4.02,False
62875,Wardrecques,62,1346,False,4.74,4.04,213.31,179.6,67.55,22.02,1372.85,1338.0,5.05,-6.12,11.7,9.26,10.92,8.46,9.4,6.95,3.78,1.18,4.11,1.54,True
62895,Wingles,62,8742,False,5.36,4.88,249.86,190.84,68.42,23.61,8430.1,8734.0,5.55,-3.55,10.62,7.78,10.62,7.78,10.62,7.78,1.91,1.0,9.13,6.74,False
62905,Zudausques,62,1040,False,2.94,2.72,205.35,126.27,43.38,15.24,1017.57,1061.0,3.29,-10.57,16.39,14.15,17.84,14.75,12.89,9.18,9.15,6.17,11.53,8.9,False
62284,Écourt-Saint-Quentin,62,1691,False,2.54,1.98,154.51,98.36,30.66,9.35,1701.38,1692.0,2.4,5.87,16.18,14.47,17.98,16.27,16.18,14.47,1.68,1.0,7.13,4.04,False
62291,Éleu-dit-Leauwette,62,2829,False,4.39,3.96,224.7,139.96,50.75,23.89,2791.04,2815.0,4.67,-6.04,5.12,3.1,7.51,5.94,5.96,3.76,1.99,1.0,2.45,1.0,True
62321,Évin-Malmaison,62,4674,False,6.35,5.71,298.26,214.81,82.54,30.08,4528.92,4657.0,6.84,-7.16,9.96,8.12,13.78,11.9,7.75,5.39,1.41,1.0,9.64,5.52,False
